id,nombre,latitud,longitud,osm_node,distancia_osm_node_m,snap_sospechoso
6835,18RA28PM01,40.4173147427632,-3.72179410987536,32636471,79.62103357703873,False
1012,18RA66PM01,40.4198614366955,-3.72209680342747,315259372,54.82943229184874,False
5035,FRUELA N-S,40.4130403557505,-3.73070498203628,305399713,15.640852285701989,False
5579,Potosi E-O - Bolivia-Víctor Andrés Belaunde,40.4569324990889,-3.67909525873994,1672792326,40.11680893538904,False
5580,Víctor Andrés Belaunde N-S - Cochabamba-Potosi,40.4560728995155,-3.67972313822074,119794656,14.979371274874522,False
5585,Costa Rica O-E(Lateral) - Victor de la Serna-Pl.José Mª Soler,40.4583505800515,-3.67110323655089,98965348,34.93436801062192,False
10556,Alcalá - Alegria de Horia-Tampico,40.4398809949809,-3.63084264887293,2208138736,16.6358213214346,False
3435,"Maria Molina, 40 O-E - Velazquez-Nuñez de Balboa",40.4375915170201,-3.68279738823662,13631291481,10.761150121170319,False
3974,Francisco Silvela S-N - Av. America-San Fdo.del Jarama,40.4378173235354,-3.67777668341297,148889926,27.888718065686746,False
3612,"Conde Peñalver, 60 N-S - Padilla-Jose Ortega y Gasse",40.4308545257686,-3.67524606585285,28096857,33.998061232884965,False
3773,COLOMBIA O-E (PUERTO RICO-VICTOR DE LA SERNA),40.4569563920834,-3.67310927280464,119805488,92.84406555579075,False
5601,PUERTO RICO N-S (COLOMBIA-URUGUAY),40.4557073583987,-3.67421516875843,102188262,66.39262007752282,False
10725,Alcalá - Lago Constanza-Ezequiel Solana,40.4331654671945,-3.64791381737238,25531118,28.01000892275341,False
1046,03FL08PM02,40.4191346980239,-3.72088344334887,1478929267,52.49186952887587,False
6660,,40.4451442609755,-3.6615596104781,355637093,48.800969442192525,False
7125,PM12122,40.4379223867544,-3.73726755789605,160741602,80.43621873451046,False
6694,PM12331,40.4564047633271,-3.74399492704564,32098515,67.50318557454159,False
6665,,40.4272665178139,-3.6605281833779,21473251,7.367650917320621,False
6696,PM12471,40.4681164194569,-3.74970381337808,42385442,64.56878520755862,False
10180,PM12502,40.4714429147531,-3.75041284094102,21702090,21.0834524995815,False
7140,(AFOROS)Raimundo Fdez.Villaverde(Es 40) (PM63025+PM63054) - (AFOROS)Raimundo Fdez.Villaverde(Es 40) (PM63025+PM63054),40.4464854978725,-3.69759064659137,98948614,39.56804587847277,False
6754,PM20972,40.401737340437,-3.66692062972208,343705048,5.5580564588288075,False
5765,Cartagena N-S - Av.America - Coslada,40.4386139985297,-3.67307515216187,991794596,19.38559219679756,False
6755,PM20976,40.4017450633365,-3.6670054457874,343705048,7.651913823136007,False
5607,Costa Rica E-O(Túnel) - Puerto Rico-Chile,40.4585452317246,-3.67458864146484,2494930275,21.264244057876233,False
7088,Acceso M-30 S-E(Superficie) - M-30 Sur-Pl.José Mª Sole,40.4601321479115,-3.66726365316962,320596960,56.24154236805125,False
5603,URUGUAY O-E (PL.REPUBLICA ECUADOR-PUERTO RICO),40.4551356730672,-3.67502795865843,102188262,75.14704911313972,False
5604,COLOMBIA E-O (PUERTO RICO-VICTOR DE LA SERNA),40.4569998251201,-3.67327045376136,102188265,97.20434842825131,False
5631,Pensamiento E-O - Infanta Mercedes-Bravo Murillo,40.4595518193138,-3.69837570406838,81571928,32.733187289514845,False
4692,PUENTE SAN ISIDRO O-E(M-30 -Po MELANCOLICOS),40.4038110146339,-3.72193497215215,3273213445,92.33043049245143,False
4693,RONDA DE SEGOVIA N-S(ALGECIRAS-SEGOVIA),40.4118211089308,-3.71792489417645,365886540,60.63434295930913,False
10304,Av. Marqués de Corbera - Montejurra-Ntra. Sra. del Villar,40.4244563318344,-3.65355988325107,306527991,42.07551987279541,False
10299,Poeta Blas de Otero - Félix Rodriguez de la Fuente-María Teresa Sáinz de Heredia,40.4210623663495,-3.65488415817479,3046074258,8.07343750040562,False
10449,Ascao - Gutierre Cetina-Emilio Ferrari,40.4300099717605,-3.64094476409184,100985138,24.196474682119074,False
6905,05TL00PM02,40.4003250076212,-3.64846389055776,1224507518,9.742478669640898,False
6649,PM10242,40.4633238050448,-3.66698218244293,25925496,21.818440313039638,False
6896,08RR18PM01,40.4045972972115,-3.66465684345862,306529406,84.01284276071712,False
4831,AV. ANDALUCIA S-N (GIRO IZDA.-M-40),40.3643605349232,-3.69335575858049,26281590,30.468840945113804,False
3491,PM10861,40.4112283982876,-3.66283415149648,29467615,53.43990928985009,False
6935,PM23222,40.4848239888774,-3.67260742713327,25922371,41.376364026106856,False
5986,Braulio Gutiérrez - Luis Ruíz-José Arcones Gil,40.4288694110055,-3.63530470192663,100967166,58.86887361881552,False
5987,José Arcones Gil - Río Nervión-Braulio GutiÉrrez,40.428547120427,-3.6342651655863,100981269,18.361610945888476,False
6179,Av. Marqués de Corbera - Santa Prisca-Teresa Sáinz Heredia,40.4261335974444,-3.65140354527155,101058521,18.183932958718113,False
6180,Francisco Villaespesa - Ledesma-Francisco Villaespesa,40.4289513218131,-3.64745830740889,101023782,16.2377248673806,False
6791,PM40901,40.4063230751737,-3.66412419617254,1258603235,30.158545106377264,False
10269,PM13012,40.4846828045499,-3.6972676028736,25587659,19.345545598858653,False
4129,Ramírez de Prado O-E - Juán Mariana-Pl.Amanecer en Méndez Alvaro,40.3992084753654,-3.68575842650291,248931796,14.631789923320795,False
4059,Dr.Esquerdo 43 S-N - Jorge Juan - Fundadores,40.4237717399371,-3.66866674777923,26784088,6.269042614059023,False
3646,Fuente Carrantona  - Prolongación O`Donnell-Pl. Alsacia,40.4168837152481,-3.62488832482316,3274844360,60.40309063569504,False
6187,Francisco Villaespesa - Ezequiel Solana-Berástegui,40.4295047224866,-3.64268312955222,3260073274,11.366549609048198,False
6189,Pl. Villaflor - Vital Aza-Ascao,40.4325671359802,-3.63580777160876,2455932901,19.23914111879172,False
6199,Calahorra  - Calahorra-Av. Daroca,40.4074332976861,-3.61279654663142,1145918196,27.518643860576198,False
6239,Emigrantes - Mota del Cuervo-Tribaldos,40.4663931521101,-3.63647508937349,219423989,85.30345150575556,False
6241,Moscatelar - Estrecho de Torres-Asura,40.4571599249516,-3.65280555554739,219511390,31.44395857296316,False
6886,11RE59PM02,40.3880408655966,-3.68847171200786,317771975,59.89812244756784,False
6656,,40.4456812756884,-3.66132047593148,355637093,17.379965298473188,False
4833,DIAMANTE Ø5 S-N(SELMA LAGERLOFF-CTRA. VILLAVERDE),40.353805420867,-3.68848873529322,303149445,7.818326377773228,False
10871,AV. ANDALUCIA Ø58 N-S(ALCOCER-AMPUERO),40.3506741042449,-3.69315929943706,248795319,42.90989892640319,False
10806,PSO. ERMITA DEL SANTO N-S(SAN RUFO-VIA CARPETANA),40.4067219946275,-3.72444819358192,305609686,77.4521348306032,False
6658,,40.445483266666,-3.66180552092191,355636543,21.177070549265434,False
3560,PM22851,40.4791777624067,-3.71594575719683,339984071,13.326090559605127,False
4817,(TACTICO)ALCOCER Ø25 O-E (GIRO VIRGEN DESAMPARADOS),40.3495584005332,-3.69874644540372,248795438,3.8100698497965912,False
4503,STO. ANGEL DE LA GUARDA N-S(SANCHEZ PRECIADO-FRANCOS RDGUEZ),40.4588425811018,-3.71273511696566,151402264,29.70530400832773,False
5506,PADRE DAMIAN N-S(FALLA-RAFAEL SALGADO),40.4550095213484,-3.68710051919359,102221207,19.435297511353106,False
10700,Hermanos García Noblejas - Fco. Largo Caballero-Pobladura del Valle,40.422617344255,-3.62712115120116,976633510,9.764664955484392,False
6850,15NL71PM01,40.4003571954395,-3.71632650914417,21723939,44.005919981615556,False
4838,(TACTICA)SALIDA INTERCAMBIADOR AUTOBUSES Ø7,40.3499943823034,-3.69225776855242,3547342415,16.629485121931236,False
6677,PM10982,40.4007147391378,-3.66801164276183,1224507636,44.77879246985416,False
6819,PM30472,40.4425663518846,-3.65892133513095,25926439,53.175826717745615,False
3561,,40.417471833001,-3.65459160038659,20953256,29.640013571027033,False
6783,PM33031,40.4974978715422,-3.70040019197148,130027164,26.502059507346218,False
5468,Bravo Murillo O-E - Poeta Joan Maragall-Pl.Castilla,40.4654726202031,-3.69120060320788,26412622,38.960724163305734,False
4689,Po PONTONES O-E(CASIMIRO MAHOU BIERHANS-PL. FCO. MORANO),40.4043477408635,-3.71714976725632,8546525446,27.166755673136613,False
5834,Josefa Díaz - Enrique Velasdco- Av. Albufera,40.3932177195366,-3.65845049963704,316628289,11.965914780083553,False
3827,PM40753,40.4204068303172,-3.66574089512554,26784155,10.07085317223594,False
3828,PM40754,40.4204780771689,-3.66570783655454,26784155,17.537185397026423,False
4820,(TACTICO) UNANIMIDAD Ø1 E-O,40.361490644127,-3.69331913590458,248792729,15.274439290337341,False
7000,(MICRO)PSO. FERROVIARIOS Ø3 (GIRO SENTIDO ALBERTO PALACIOS),40.3431094298635,-3.71782680757819,316211589,11.213589656566027,False
10518,HUMERA S-N(ROSASA ARAVACA-RIO NELA),40.4521542617958,-3.78227895048964,256435213,4.942999294321423,False
9943,AV. ROSALES S-N (M-40 - OLIGISCO),40.3642701607005,-3.68537558001989,12102609293,3.8111970977579097,False
6680,PM11101,40.3914510653294,-3.6777984247322,25944598,17.257335282696445,False
10172,PM10533,40.4383310348328,-3.65954780036676,25927232,79.7621687542152,False
10174,PM10714,40.4237059979465,-3.6596201541451,25938855,54.277610530382695,False
5535,Pº de la Habana N-S - Mateo Inurria-Comandant Franco,40.4672923549943,-3.67907710844711,31322834,26.44706181208134,False
5935,Virgen del Sagrario  - Virgen del Sagrario-Alcalá,40.4339394858583,-3.6475408092093,1833026284,34.48788698131921,False
6099,Bacares - Cuevas de Almanzora-Golfo de Salónica,40.4780471660272,-3.66443000638115,270161803,22.492363990286613,False
10516,ARROYO POZUELO E-O (ENEBRO - BARDEGUERAL),40.4514761164892,-3.77063289630504,259499787,84.77530602125832,False
5958,Hermanos García Noblejas - Fco. Largo Caballero-Pobladura del Valle,40.4225928398859,-3.62703158619896,976633510,15.729199535174255,False
5968,Pl. Alsacia - Aquitania-Av. Guadalajara,40.4174171057723,-3.62259181437616,1811010970,33.25413084749412,False
11398,Puerto Canfranc 56 - Puerto Canfranc-Sierra Toledana,40.3991152072636,-3.66145615165796,263534750,5.551525497899805,False
6681,PM11102,40.3907105608119,-3.67882442134645,25944598,102.50635294246337,True
11373,PM13161,40.4833180883966,-3.68074651042,9823064711,69.5915610823201,False
11379,PM23188,40.4839117550457,-3.67815901013461,10904763559,30.879258258522377,False
5451,PºCastellana N-S - Fco.Gervás-Sor Angela de la Cruz,40.4607979896246,-3.68992960695583,81485403,37.58265175032494,False
5453,(AFOROS)PºCastellana N-S - San Germán-Pedro Teixeira,40.4556384670118,-3.69042342835725,25906722,20.745096588633896,False
5454,PºCastellana N-S - Rafael Salgado-Pl.Lima,40.4542664825991,-3.69055932489087,1752467714,15.905324274878494,False
4056,O´Donell 52 O-E - Maíquez - Dr.Esquerdo,40.4212513473789,-3.67057524516276,13078835994,53.568353893647476,False
6684,PM11168,40.387532858045,-3.68086872538796,11348273199,86.16944199692169,False
3647,José Arcones Gil  - Portugalete-Gandhi,40.4258279132794,-3.63236044806783,100981273,47.28431848060703,False
4858,(TACTICO)BARDEGUERAL Ø26 S-N (ANTES GR-7),40.4513166790201,-3.77169082343458,259499787,13.833211319393211,False
4923,AV. POBLADOS E-O(CARABANCHEL BAJO-EUGENIA MONTIJO),40.3754788179029,-3.74739787135901,301832574,52.53976116763308,False
4927,BELZUNEGUI N-S(REAL MADRID-AV. POBLADOS),40.3743793095645,-3.73883498791426,1981914415,31.6130755289354,False
10942,CONSUELO GUZMAN S-N(PARAGUAYA-AV. POBLADOS),40.3762892837755,-3.75374574621495,22545663,22.98356513336874,False
4931,VIA LUSITANA S-N(HALCONERO REY-AV. POBLADOS),40.3726704532916,-3.73510563456973,1329856671,106.64122513079283,True
11052,EDUARDO BARREIROS S-N(EL CASERIO-ASOMBRO DAMASCO),40.3566380578234,-3.70384626391011,1981781071,56.72798785706675,False
5766,Cartagena  86 S-N - Coslada - Av.America,40.4381007193399,-3.67249320813091,29596138,24.25754949945763,False
4934,EUGENIA MONTIJO S-N(JERONIMO IBORRA-AV. POBLADOS),40.3755943136396,-3.750802520504,259645630,12.870854584581455,False
4928,(TACTICO) AV. POBLADOS O-E (GIRO A ERICA),40.3821642724671,-3.75788906411022,282940163,228.69557500869715,True
10402,EL CASERIO E-O(PICARA MOLINERA-EDUARDO BARREIROS),40.356055991745,-3.70361940941903,1981781068,15.444271119587693,False
6691,PM12121,40.4378450188448,-3.73778722827941,160741602,121.89603867584188,True
7002,Méndez Alvaro E-O - Sabal - Estrella Naos,40.3971473529205,-3.68188111085149,248937957,24.6022812600664,False
10112,Arturo Soria - Pablo Vidal - Vicente Muzas,40.4596581432906,-3.6608250522756,1671943134,13.687288307104488,False
6039,Torrelaguna  - Av. Ramón y Cajal-Acceso M30,40.4532703634544,-3.66061952392751,253116003,50.01604086755303,False
10115,Arturo Soria - Sorzano - Manuel del Valle,40.4533301736019,-3.65435211185497,100955663,15.936319224562755,False
10116,Arturo Soria - Julian Hernandez - Bueso Pineda,40.4535759557853,-3.6544254492612,100963138,10.371979882788247,False
10114,Bueso Pineda - Asura - Arturo Soria,40.4547975981575,-3.6539661654564,100963139,107.11216824860517,True
10118,Diego Ayllon - Asura - Arturo Soria,40.4514844356855,-3.65132074920856,100963135,101.02627040550506,True
10120,Arturo Soria - Torrecilla del Puerto - Diego Ayllon,40.45024484551,-3.65179676092819,100963134,20.346676608751913,False
4837,(AFOROS)AV.ROSALES Ø5 E-O(ANTEQUERA-AV. ANDALUCIA),40.3683985716294,-3.69315034729006,26191219,52.820403085203935,False
6706,PM13041,40.485366257982,-3.69485832895165,135822766,78.36163781426589,False
11482,Asura 2 - Carondelet - Gregorio Benítez,40.4506482109486,-3.64895165470296,219524394,12.46721488198378,False
1010,03FL56PM01,40.4163123231285,-3.7250433138461,305399711,25.86491037108819,False
11515,VIRGEN DESAMPARADOS Ø14 N-S(ANOETA-ALCOCER)VIRGEN DESAMPARADOS Ø14 N-S(ANOETA-ALCOCER),40.3503827849017,-3.69873419862557,248842307,7.617101582998113,False
5185,VIA CARPETANA ENTRE CARAMUEL Y Pº ERMITA DEL SANTO  N-S,40.4003432723613,-3.7324001191267,1193621121,66.4966838080377,False
7014,PM13222,40.4848385674579,-3.6723088411066,8418541718,27.226308542057158,False
3521,PM30001,40.4922932954475,-3.67077258118191,12364718088,99.31519306642356,False
5186,Pº. DE LA ERMITA DEL SANTO ENTRADA CRUCE  E-O,40.3992619882038,-3.73179948878819,21778897,86.77537194001275,False
5190,(TACTICO)AV. CAPRICHOS S-N(ENTRADA A SEPULVEDA),40.4065501073291,-3.72889415999562,420890930,15.693436243178263,False
5605,COLOMBIA O-E (CHILE-PUERTO RICO),40.4570370285736,-3.67529907804002,119806747,50.06125362754679,False
11350,ALFONSO XIII (GIRO A STA MªMAGDALENA)JOSE MªSOLER-STA MªMAGDA.),40.4596244607047,-3.66879200097376,102580085,25.560381600957708,False
11184,Arroyo Belincoso - Corregidor Diego Cabeza de Vaca - Camino Vinateros,40.4095748362048,-3.65279392574665,1867753613,73.40181660474211,False
11402,Baltasar Santos - Puerto de Cotos-Sierra Toledana,40.4024959111087,-3.65918611258733,306213508,25.587893808474885,False
11399,Cmno Valderribas 98 - Lopez Grass-Ascensión Bielsa,40.3988324495991,-3.6600404181587,316627810,2.513175340693904,False
6836,03FL20PM01,40.4180644023215,-3.72133784940702,315261895,20.668485152436055,False
6133,Av. Marqués de Corbera  - M-30-Ricardo Ortíz,40.4217472558865,-3.65730359005713,25938874,90.90977542925019,False
3623,AV. REAL PINTO S-N(PLATA-ARROYO BUENO),40.3485567948678,-3.7061603240417,306259633,8.106462044109515,False
5236,AV. CARABANCHEL ALTO N-S(CARPIO TORTA-AV. PESETA),40.3631988447954,-3.75380716147249,309694598,30.969331237884578,False
5256,AV. PESETA E-O(CUEVAS ALTAMIRA-PINAR SAN JOSE),40.3633469828987,-3.76201969233419,316449092,24.01646758332109,False
5285,PSO. QUINCE DE MAYO O-E (STA. SATURNINA -GRAL. RICARDOS),40.3976251728242,-3.71787203901815,306157132,4.837530664146988,False
6713,PM20021,40.4819049132323,-3.67363435411532,25921963,64.68842268778745,False
5310,AV.AVIACION O-E(FLAUTAS-PLATILLOS),40.3736167357688,-3.7690081952131,309694161,27.509243256633233,False
10900,AV. ROSALES S-N (ORIO-MIGUEL SOLAS),40.3509787534232,-3.67763630468232,306360587,28.803063077019946,False
1044,03FT08PM01,40.419124385949,-3.7207572594256,1478929267,48.06306873828963,False
1009,03FT52PM01,40.416233663841,-3.72490924272642,305399711,13.133974334305968,False
6879,11XC46PM01,40.391415225466,-3.67807360332856,25944598,14.615696157551916,False
4710,PLAZA DE LA CEBADA O-E(HUMILLADERO-TOLEDO),40.411354557865,-3.70966775027461,1634750478,74.84092808017265,False
3821,PM20025,40.4819954005698,-3.67339574402497,269973099,74.90810850186337,False
4842,AV. REAL PINTO PASADA Ø20 S-N(PARVILLAS ALTAS-MARISCAL GTRREZ. OTERO),40.3448972775409,-3.70671675786989,552805249,7.897995847394555,False
6134,Av. Marqués de Corbera - Montejurra-Ricardo Ortíz,40.4232237713629,-3.6554282689896,307998677,53.543485659977165,False
6825,AV. REAL PINTO Ø11 N-S (DR. PEREZ DOMINGUEZ-DR. MARTIN AREVALO),40.3468365621034,-3.70635589940999,248804136,19.904177562129313,False
3571,POLAN N-S(CAZALEGAS-AV. POBLADOS),40.3737983664874,-3.72626865338107,22565126,44.964261471480896,False
10429,PSO. EXTREMADURA E-O(SAAVEDRA FAJARDO-ALONSO FERNANDEZ),40.4140678208783,-3.72522040069733,35487795,26.053411249868763,False
6185,Salas Barbadillo - Trueba-Francisco Villaespesa,40.4287834336275,-3.64492449361864,101042483,17.645016993187213,False
6839,17NC80PM01,40.4151829577222,-3.72234489048759,21723292,9.864700175887947,False
3820,PM10561,40.4356696675043,-3.65997085786371,21473238,25.16426225342256,False
6663,PM10572,40.4347692755208,-3.66032168631321,1275004788,27.311645387799423,False
3490,PM10832,40.4142233235487,-3.66124373004974,150987078,85.3861576043772,False
5024,Pº EXTREMADURA O-E(NAVAS DEL REY-LA MILAGROSA),40.4101760063941,-3.73778595553689,13769374420,14.21194196636196,False
10274,"NTRA SRA. LUZ, 49 E-O(OCAÑA-CAMINO INGENIEROS)",40.3856105103103,-3.75025691405624,21702875,4.56881923668645,False
3629,PSO. MARCELINO CAMACHO S-N(NTRA.SRA.FATIMA-GTA. EJERCITO),40.3874690798729,-3.74417719846813,21776661,1.593087909678901,False
3919,Ramon y Cajal O-E - La Pedriza-Padre Claret,40.4522742940713,-3.66647243580769,102183772,19.178540717257782,False
3920,Alfonso XIII S-N - Carlos Pereira-Ramon y Caja,40.4513974594946,-3.66753565304238,119815323,19.274075949243205,False
4860,ARAQUIL Nº 12 E-O (ARANDILLA - PSO. ERMITA),40.4605073530359,-3.77988339638826,244956328,13.319190678118694,False
10517,HUMERA N-S(VIRGEN ROSALES-ARROYO POZUELO),40.4531424327007,-3.78240340967255,258358404,47.52264687585076,False
3604,(TACTICO) Pl. Cataluña S-N - Extensiones Grupo 7,40.4487934912412,-3.67754754828595,102202912,9.400733952637705,False
4876,CTRA. HUMERA N-S (VIRGEN DE LOS ROSALES - GTA. RIO ZANCARA),40.4533944169411,-3.77938086430167,30833415,25.276517304070577,False
4265,(AFOROS)Gran Via San Francisco S-N(S.Bernabe-Cra S Francisco),40.4092981742876,-3.71340406868761,7720989331,5.286187200403246,False
4266,(TACTICO)San Bernabe O-E,40.4092238225699,-3.71369389023654,26482411,18.08681440418621,False
3492,PM10862,40.4111815422206,-3.66319803602662,25964587,32.97604517740939,False
3493,PM10865,40.4111417119912,-3.66308255058561,25964587,42.10850784995952,False
3816,PM10901,40.4065559151504,-3.66537292322372,2493682287,52.63300399938744,False
4162,ALFONSO XII S-N (INFANTA ISABEL-CLAUDIO MOYANO)(LATERAL),40.4088009884859,-3.68859069409942,329987540,27.030631995914064,False
7137,(AFOROS) Po INFANTA ISABEL E-O(ALFONSO XII-GTA. CARLOS V),40.4078104448163,-3.68985929264165,249084428,36.330082531567214,False
7139,(AFOROS) Po DEL  PRADO N-S(PL. PLATERIAS-GTA. CARLOS V),40.4119418301326,-3.69326056079676,26487782,49.498330262377756,False
4199,DR. CORTEZO S-N(DR. CORTEZO-PL. JACINTO BENAVENTE),40.4138378931135,-3.70364373297121,551479496,22.641950265761857,False
4201,(AFOROS) ATOCHA E-O(SAN SEBASTIAN-DR. CORTEZO),40.4136490075332,-3.702045937379,21734309,16.75919026852788,False
4202,MAGDALENA O-E(CANIZARES -AVE MARIA),40.4123519319429,-3.70095739645262,26341186,57.96546925918035,False
3627,CTRA.HUMERA Ø4 N-S (AV. OSA MAYOR-BERENISA),40.4587297581892,-3.77908111278272,266456318,4.107295827185107,False
6723,PM20322,40.4572906473368,-3.66345123041021,25925612,41.854367407376024,False
3475,Gran Via San Francisco S-N (Isabel Tintero-Aguila),40.4084723860625,-3.71291395429938,26472379,19.776818604162923,False
4268,MAYOR O-E (PL. VILLA-MILANESES),40.415548638761,-3.71029650994437,26213283,16.308252763126635,False
4376,PRINCESA N-S(PL. MONCLOA-ROMERO ROBLEDO),40.433306243889,-3.71824846792478,26578954,40.60532296867823,False
10271,MARQUES DE URQUIJO E-O(GIRO A P.ROSALES),40.4291937937454,-3.72077601182054,55161167,35.854608092377454,False
10338,QUINTANA O-E (JUAN ALVAREZ MENDIZABAL-FERRAZ),40.4276405084929,-3.71793131915748,55161078,28.078327252741904,False
10437,Torrelaguna - Acc. M30 - José Silva,40.4525122479469,-3.66050837321323,253115966,38.35793765376478,False
6232,Silvano - Av. Machupichu-José Domingo Rus,40.4626402057929,-3.63402132504541,456731899,63.618770095738945,False
6734,,40.4274278822944,-3.66017839931585,25964437,34.02300658049564,False
10104,ANA TERESA ANTES Nº 22 E-O (ARDALES - PLEYADES),40.4607343620095,-3.78300409916877,244956347,11.061756480372487,False
5492,Orense N-S - Fortunata y Jacinta -General Perón,40.4530696947194,-3.69496927491298,98766712,2.900729762684923,False
10408,PTE SEGOVIA O-E (GIRO IZQDA)(Po EXTREMADURA -Po VIRGEN DEL PUERTO),40.4139869589269,-3.72285879492992,315522404,113.32429015059454,True
4331,(TACTICO) Po VIRGEN DEL PUERTO N-E(GIRO A CDAD. PLASENCIA),40.4151526299214,-3.72078172367964,26482348,24.52744230635347,False
4517,NUMANCIA N-S(PABLO IGLESIAS-DR.FEDERICO RUBIO Y GALI),40.4535842038998,-3.71292594588532,1140217845,7.312274535084042,False
10107,"ANA TERESA, 35 A O-E ( A. VINDEL - PLEYADES)",40.4614393748081,-3.78496909161215,30914765,91.2791922786902,False
4520,DR.FEDERICO RUBIO Y GALI N-S(PABLO IGLESIAS-NUMANCIA),40.4526060224758,-3.71237310518447,98732393,14.426788089937356,False
4521,PABLO IGLESIAS S-N(ALMANSA-DR. FEDERICO RUBIO Y GALI),40.451447008834,-3.71115706676771,8412813542,29.506692632914536,False
4639,CORAZON DE MARIA S-N(RAMOS CARRION-LUIS SALAZAR),40.4467033860355,-3.66651612454566,2905360647,15.95249060677949,False
6670,PM10902,40.4065466451691,-3.66566777173185,2493682287,36.12283233647477,False
6671,PM10907,40.4064884189277,-3.6652773832434,29467931,51.744446357842854,False
6672,PM10941,40.4047353468003,-3.66627307513052,2493682299,54.72778200344874,False
10512,AV. OSA MAYOR Ø102 E-O (GTA. MARIA REINA-PICO OCEJON),40.4592458589962,-3.78755993703502,264504625,26.029211182183154,False
6673,PM10942,40.4047551546656,-3.66649461572781,2493682299,53.30845249441471,False
3592,AGUSTIN DE FOXA N-S(JOSE VASCONCELOS-MAURICIO LEGENDRE),40.4698081318107,-3.6858898939948,55967027,33.02750354182065,False
3741,LOPEZ DE HOYOS O-E(CARTAGENA-JUAN B. TOLEDO),40.4433671450147,-3.67517940547873,143763248,18.069643117768937,False
4625,LOPEZ DE HOYOS E-O(JUAN B. TOLEDO-CARTAGENA),40.4432137098344,-3.67542883427902,143763248,10.102799644870025,False
4626,(TACTICO) GIRO IZQUIERDA EUGENIO SALAZAR,40.4446271128128,-3.67344033467796,143755803,14.24299522140072,False
3474,LOPEZ DE HOYOS E-O(MARCENADO-EUGENIO SALAZAR),40.445072067842,-3.67278452295668,143687415,16.586517126784237,False
4638,CORAZON DE MARIA S-N(SANTA RITA-RAMOS CARRION),40.4457083146905,-3.66679019161589,3645135004,25.96736415884503,False
4643,(AFOROS) ALFONSO XIII S-N(LOPEZ DE HOYOS-PRADILLO),40.4500981524509,-3.66711739454312,119815320,64.25553551552247,False
4658,AV.TOREROS E-O(NRA.SRAGUADALUPE-TOREROS)(GIRO A JULIO CAMBA),40.4325789520168,-3.66519818478209,435745916,14.70358079885001,False
4644,"PRADILLO, 20 O-E(PL.CATALUNA-MARCENADO)",40.4486517909748,-3.67483602126608,143755221,50.303934404571244,False
4645,MARCENADO N-S(SAN ERNESTO-PRADILLO),40.4490888015383,-3.67400604504767,102188676,21.370211706298072,False
4650,CARTAGENA N-S(CONSTANCIA -CLARA DEL REY),40.4407148812399,-3.67450412932745,29596778,12.231300042242102,False
3525,CARTAGENA S-N(MARQUES DE AHUMADA-AV.AMERICA),40.4371467159717,-3.67094749841269,143611302,49.92955410419986,False
3526,CARTAGENA N-S(MEJICO-MARQUES DE AHUMADA),40.4367953147688,-3.67044024096316,143614088,54.34135479445303,False
4651,CARTAGENA N-S(MARIA TERESA-ERASO),40.4355729560396,-3.67004047544092,27512859,14.553575132412655,False
4653,CARTAGENA N-S(AZCONA-MARTINEZ IZQUIERDO),40.4335769047824,-3.67046820826883,60015592,19.394947881341146,False
3504,AV.TOREROS E-O(PILAR DE ZARAGOZA-CARTAGENA),40.4320841312406,-3.66895224552088,1999704839,17.07637742598178,False
4655,AV.TOREROS O-E(PILAR DE ZARAGOZA-RAFAELA BONILLA),40.432068478651,-3.6687473067874,1999704839,1.5933145389269234,False
11001,Av. Machupichu - Pl. Manuel Rodrigo - Antonio Larrazabal,40.4606902110529,-3.6311403470381,60644296,70.74722195299437,False
11011,Av. Machupichu - Av. Papa Negro-Av. Piceas,40.4563645957003,-3.62397890124911,5011658806,113.57450845029967,True
11012,Av. Machupichu - Av. Piceas-Av. Papa Negro,40.4565648613443,-3.6239146437374,60644303,100.13690170006801,True
6743,PM20831,40.4167391538553,-3.65921729653116,6354380808,74.77708207228841,False
10661,PM20596,40.4334300095129,-3.6599678379416,319775332,16.790091899311886,False
10659,PM12397,40.4615791908102,-3.74628224390707,2590729396,126.71616069979514,True
11066,Asura S-N - Santiago Ayllon-Estrecho Mesina,40.4521495454715,-3.65011000833844,219499389,15.485841670333976,False
11068,Silvano E-O - Asura-Estrecho Mesina,40.4526016800536,-3.64936907424619,3327088514,74.35679137303799,False
6774,PM23073,40.4850626221883,-3.69194114885654,10904763597,14.296988409855116,False
6775,PM23111,40.4836427732888,-3.68850010047197,11397060819,59.274357007115384,False
11381,PM23185,40.4840304826919,-3.6778288410654,10904763519,17.3687169968825,False
5576,Alberto Alcocer O-E - Lígula-Condes de Val,40.4585992085822,-3.68326175778154,102385784,23.608524395375007,False
5577,Potosi E-O - Víctor Andrés Belaunde-Herreros de Tejada,40.4566927504362,-3.68016813475239,119794654,17.616257435601458,False
5578,Potosi O-E - Pº de la Habana-Ramiro Girón,40.4564668214565,-3.68077627064116,119797319,5.590401665936141,False
11138,Moscatelar - Asura - Bueso Pineda,40.4571308774015,-3.65161999173931,282267191,17.01368709289026,False
6311,Ctra. Acceso Estación de Hortaleza - M40-Ctra. Acceso Estación de Hortaleza,40.4800397035353,-3.65127815136233,253523238,47.73706153824618,False
6312,Ctra. Acceso Estación de Hortaleza - Doña Guiomar-Monovar,40.4758217277893,-3.6550165850656,254995414,69.93900554067366,False
6744,PM20832,40.4169836916424,-3.65883659935772,6354380808,42.409670590883955,False
6746,PM20851,40.4111909709382,-3.66264456239765,29467615,46.22462117583827,False
7126,PM20854,40.412850266315,-3.6612355755709,25943481,29.038241805866424,False
6750,PM20912,40.4073621504751,-3.66423175088785,315246035,22.4280552628942,False
6751,PM20913,40.4074521625223,-3.66453999211209,315246035,7.787603885731453,False
6753,PM20971,40.4018707961553,-3.66706538999868,343705048,14.606885163536353,False
5455,PºCastellana N-S - Pl.Lima-Hermanos Pinzón,40.4507416438854,-3.69090299097345,1336935950,63.51612143009337,False
5561,Potosi O-E - Bolivia-Principe de Vergara,40.4571283476322,-3.67778808129705,119807565,12.494428490654565,False
11129,Silvano - P.P. Cementerio - P.P. Liceo Frances,40.4598696539588,-3.64224597662809,221364665,134.50811820006908,True
11135,Moscatelar - Parma - Milan,40.4570976851055,-3.64921619129305,282272075,25.969380067665327,False
6757,PM21148,40.3883715445555,-3.67985698378656,11348273199,40.98677150588555,False
6758,PM21181,40.3868347793768,-3.68123185345538,367048361,14.69887020131332,False
6794,,40.4083009081008,-3.74326823093594,21702028,4.343225293201891,False
5218,PICO OCEJÓN  Ø23 S-N (GTA. LUCRECIA PEREZ-AV. OSA MAYOR),40.4584055813207,-3.78733246100307,5422432685,20.55251890247571,False
4866,PLEYADES Nº 19 S-N (ANA TERESA - ARDALES),40.4613530366896,-3.78396462182283,30914765,42.891986976275554,False
4875,ARROYO POZUELO Ø98 O-E (HUMERA-GTA. RIO ZANCARA),40.4524385897815,-3.78073792352793,1180513666,85.47308550356638,False
5615,Av.del Recuerdo N-S - Ntra.Sra. Angustias-Mateo Inurria,40.468080098801,-3.68139982233531,102361364,34.35569785364162,False
5761,Av. America E-O - Padre Xifre-Cartagena,40.4394237539508,-3.67190533407421,29596135,59.99739736280683,False
9855,Av. Partenón - Vía de Dublín-Av. Capital de España,40.4637863446575,-3.61565458097685,29749239,20.448541948102104,False
10105,(MICRO) ANA TERESA Nº 27 E-O (ARDALES - PLEYADES),40.460917520041,-3.78383785627357,30914765,21.334039162791868,False
6358,José del Hierro    - Emilio Gastesi Fernández-Virgen del Sagrario,40.4370139505219,-3.64872430579925,2803333513,27.353043918217978,False
10993,OCAÑA O-E GIRO IZDA.(VALMOJADO-CAMARENA),40.3853616749475,-3.75950854013262,49429540,9.190270869217743,False
6365,Virgen del Sagrario - Virgen de Lluc-José del Hierro,40.435767652369,-3.64903862008945,250633016,37.757983900395764,False
6759,PM21185,40.3868038598134,-3.6811426763629,367048361,12.116538336616696,False
6760,PM21188,40.3867522993053,-3.68098592201563,367048361,19.02962911954154,False
4895,VALMOJADO Ø13 N-S(MAQUEDA-AV. POBLADOS),40.3862231727715,-3.76095530242821,22528401,39.206687048993636,False
10970,CAMARENA N126 S-N(CAMAREAN-ILLESCAS),40.3911224476365,-3.75567026813733,302688062,37.135141892257714,False
5616,(AFOROS)Costa Rica E-O(Superficie) - Pl.José Mª Soler-Paraguay,40.4588396207867,-3.6696555615006,98970998,40.58583630136863,False
3439,Av.Pablo Iglesias N-S  - Juán Montalvo - Reina Victoria,40.447834149242,-3.70891666380343,32630168,14.915053611849725,False
3792,Torrelaguna          - Av. Badajoz-General Kirkpatrick,40.4421295717136,-3.65291960720783,13725808781,7.435960405548002,False
6385,Madre Antonia Paris - Agastia-Av. Badajoz,40.4443458318666,-3.65183829579096,5676983703,62.78133809666124,False
6771,PM22901,40.4809040989019,-3.71025389860653,161891037,22.718033378420543,False
10072,(MICRO)ARROYO DEL MONTE (DELANTE GRUPO 1),40.4953618244449,-3.71983989110553,255956996,31.224442451522314,False
4483,(AFOROS)Av.Valladolid S-N - Loeches- Av. Marqués de Monistrol,40.4332553345401,-3.73354129649422,51390497,18.93869455100542,False
5507,RAFAEL SALGADO O-E(Po CASTELLANA-PADRE DAMIAN),40.4541787433749,-3.68812465645485,98984108,83.3539794327694,False
5596,ALFONSO XIII O-E (PUERTO RICO-PARAGUAY),40.4602349824957,-3.67279067119123,102519220,94.18243613310281,False
3494,PM22971,40.4828745526795,-3.70247210666068,25920353,127.54175754214042,True
9997,ARROYOFRESNO N-S (GAVILANES-AV. HERRERA ORIA),40.4777329978925,-3.74072592509133,339990313,91.07612263219052,False
6565,NTRA. SRA. VALVERDE N-S (A. CABEZON - LOURDES),40.5005148549268,-3.68591679226025,355160060,5.185085892119647,False
10901,AV. ROSALES N-S(MICA-MIGUEL SOLAS),40.3526139815756,-3.67873165852649,600287711,16.98417392335111,False
3837,PM30461,40.4458961649008,-3.65663586080218,25926130,26.542294625927113,False
7076,Méndez Alvaro S-N - Garganta de los Montes-Comercio,40.3994976820577,-3.68449936805916,3328123417,8.738898205336218,False
4945,AV.DE LOS POBLADOS ENTRE A. ROMERO Y POLAN O-E,40.3731867003269,-3.72843997428042,22564380,53.82070493025589,False
5020,FRANCISO BRIZUELA  S-N(BENICASIM-Pº EXTREMADURA),40.4093223970058,-3.73888981905046,305397604,10.26308980794261,False
5015,CARAMUEL S-N(AV. CAPRICHOS-PABLO SARASATE),40.405524522432,-3.7298660936824,265978738,80.3543278142969,False
10253,GTA. VALLE DE ORO (VALLE DE ORO - OPORTO),40.3875949926144,-3.73017105373694,1492770311,28.17121499548647,False
3764,"Narvaez, 33 S-N - Sainz de Baranda-Ibiza",40.4172189822118,-3.67631261923972,26784044,21.495210559412435,False
3818,PM10501,40.4408836431287,-3.65928331720551,21473229,27.96200266406148,False
6674,PM10945,40.4047631165861,-3.66639014727007,2493682299,55.045503868270536,False
7124,PM10948,40.4047757612745,-3.66659007149188,2493682299,56.063421966441254,False
6678,PM10985,40.4006931219123,-3.66787930242019,1224507636,45.7991003214551,False
6679,PM11071,40.3936636349441,-3.6748229039376,248945412,20.266948580305492,False
6682,PM11108,40.3914220311525,-3.67771920558807,25944598,20.65758001249537,False
6683,PM11161,40.3876363277022,-3.68094254211351,11348273199,82.06979634519121,False
3600,PM30901,40.4062246538563,-3.66417826783222,1258603235,24.543899611124715,False
3839,PM31263,40.3806279764301,-3.69166128965708,26205127,11.852910038341067,False
6777,PM31264,40.3806488299938,-3.69174937234561,26205127,11.196723905674943,False
4763,SEPULVEDA Ø98 O-E(BERLANAS-PALMIPEDO),40.4037233369279,-3.74893733584795,335391237,14.102792040927678,False
7127,PM31301,40.3728843718928,-3.69486805508549,26205250,9.01338394552764,False
4086,EMBAJADORES S-N(CACERES-GRENERAL PALANCA),40.3991509934742,-3.69807521625988,26501719,34.291422853231175,False
4087,EMBAJADORES S-N(BATALLA DEL SALADO-CACERES),40.3974701223241,-3.69693901309937,31010372,35.79118375595324,False
4354,(AFOROS) PRINCESA N-S(VENTURA RODRIGUEZ-PL.ESPANA),40.4258971318429,-3.71291037408276,893869107,51.69175071273189,False
5621,(TACTICO) PARAGUAY S-N (COSTA RICA-ALFONSO XIII),40.4600532090106,-3.67169221426067,102519220,17.57623391824947,False
11283,TORPEDERO TUCUMAN N-S,40.460982675524,-3.67350265475253,102508729,60.47324642456781,False
3418,Po PONTONES E-O(STA.CASILDA-PL. FCO. MORANO),40.4050450543042,-3.71519552933205,26471792,32.456224213594474,False
6822,PM31453,40.3845827965527,-3.71783076595901,4575653579,39.28735800331926,False
6942,PM31881,40.3851669064705,-3.78300909043264,307187286,22.426705988748427,False
6941,PM31882,40.3852109864606,-3.78308217778181,307187286,26.343518982400298,False
6949,PM31891,40.3782220693612,-3.79222697056935,307997125,43.15537345093086,False
6950,PM31892,40.3782828911211,-3.79230446254782,307997125,33.87936747825041,False
7092,Acceso M-30 N-E(Túnel) - M-30 Norte-Pl.José Mª Soler,40.4601051386737,-3.66718667147962,320596960,58.34765197665832,False
3614,P. CHOPERA E-O(JAIME EL CONQUISTADOR-FERNANDO POO),40.3943946644854,-3.69953478772928,26879200,50.59483152725499,False
5095,CACERES O-E(EMBAJADORES-BATALLA DEL SALADO),40.398746155562,-3.69760860049749,26501718,15.012486572599625,False
4691,Po MELANCOLICOS S-N(SAN EPIFANIO-Po PONTONES),40.403271788682,-3.72020918219229,3447255370,2.1411281846902765,False
7128,PM33222,40.4839874964585,-3.67255187518336,21473805,4.078704686654144,False
3538,PM40442,40.4463288778661,-3.66033308037902,667980472,124.41003264033886,True
6789,PM40461,40.4460050754154,-3.65678749678582,25926130,28.167176453032393,False
10514,CTRA. HUMERA A ARAVACA S-N (GOLONDRINA-PINILLA),40.4559087474135,-3.78059831915951,201680855,3.646264491877279,False
7086,Alberto Alcocer O-E (Giro izqda) - Lígula -Condes del Val,40.4586325639581,-3.68330876096937,102385784,19.979252459829116,False
10037,Po YESERIAS O-E(YESERIAS-NAVES),40.397955872021,-3.70777760954667,255272921,74.95721957529342,False
4366,QUINTANA E-O(FERRAZ-PINTOR ROSALES),40.4273027491057,-3.71870475751817,55161074,19.512240996192503,False
4367,LUISA FERNANDA E-O(MENDIZABAL-FERRAZ),40.4252448016189,-3.71546497334848,55138166,13.973770364152564,False
10647,JUAN ALVAREZ MENDIZABAL S-N(PL.ESPANA -V.RODRIGUEZ),40.4239381583623,-3.71407135277956,7619689676,47.927673394699205,False
4369,FERNANDO EL CATOLICO E-O(HILARION ESLAVA-ARCIPRETES DE HITA),40.4344415211212,-3.71695756456776,26025871,22.63774225252321,False
4371,MARQUES DE URQUIJO E-O(MARTIN DE LOS HEROS-MENDIZAL),40.4299196773531,-3.71861996340501,55161145,18.783446690627112,False
3762,PM41262,40.3811311765787,-3.69028465038097,27465695,139.60394429332692,True
4882,"GOLONDRINA, 12c E-O (ANDRÓMEDA-VELETA)",40.4558560301609,-3.78316472667964,262822238,15.229179795086424,False
4957,ANTONIA RGUEZ. SACRISTAN O-E(CARABANCHEL BAJO-GUAYABA),40.3732519311864,-3.74783775176866,316250293,12.570526994403824,False
7113,ALCALA E-O( GIRO A ALCALA) (BARQUILLO-GRAN VIA),40.4189514540327,-3.69571815718068,25906378,15.160436658229209,False
4373,AV.MEMORIA N-S(AV.SENECA-Po MORET),40.4360625055854,-3.72110768504955,26579080,42.697957893561146,False
10038,ARGANDA N-S (VALDELASIERRA -YESERIAS),40.3975690953075,-3.70448022493779,255017749,5.095896808660992,False
4697,(AFOROS) TOLEDO S-N(SAN ISIDORO SEVILLA-PUERTA TOLEDO),40.4050684460202,-3.71228596982223,26471772,42.04192097708921,False
4698,RONDA DE SEGOVIA O-E(GIL IMON-PUERTA TOLEDO),40.4072334917034,-3.71347631691459,581287775,37.784770203089955,False
4699,SANTA CASILDA O-E(Po PONTONES-TOLEDO),40.4050580550728,-3.71373397514978,26471800,51.55121606538014,False
4700,(AFOROS) TOLEDO N-S(PUERTA TOLEDO -SANTA CASILDA),40.4057196398231,-3.71219571025089,1504976877,77.38675275329757,False
4701,TOLEDO S-N(JUAN ANTONIO VALLEJO- NAJERA BOTAS-SANTA CASILDA),40.4041639913522,-3.7127176649905,26471772,65.05182283224168,False
10639,ALCALA O-E (SALIDA PARKING),40.4179247665607,-3.69901090145974,21968136,11.3855662797297,False
4258,PRIM E-O(CONDE XIQUENA-BARQUILLO),40.4219156453465,-3.69481142425401,25901888,53.801900731266876,False
10525,FDO. LAZARO CARRETER O-E (CARLOS GARDEL - CAMINO BARRIAL),40.46120701273,-3.79345171087218,317162635,51.081163899763425,False
1047,03FL08PM01,40.4195518069243,-3.72085115335525,1478929267,28.34306367902089,False
4259,BAILEN N-S(CUESTA DE LA VEGA-DON PEDRO),40.4145412088344,-3.71361938427729,26213499,58.115516803007125,False
4260,CUESTA DE LA VEGA O-E (RONDA SEGOVIA-BAILEN),40.4151245732524,-3.71470664700082,1179021875,42.89029885537089,False
4261,BAILEN N-S(REQUENA-CUESTA LA VEGA),40.4155831243654,-3.71351183176302,301433959,41.30387950983796,False
10884,FERRAZ N-S (IRUN -VENTURA RODRIGUEZ),40.4240895627093,-3.71547776448166,26080667,2.039109935432795,False
4419,"(AFOROS) Cea Bermúdez, 30 O-E(Galileo-Vallehermoso)",40.4388524542962,-3.70950853857601,26025845,36.0558455190446,False
4421,"Cea Bermúdez, 4 O-E(Boix y Morer-Bravo Murillo)",40.4387421828236,-3.70646942765812,27522357,4.370940880505577,False
9972,GIL IMON E-O (VILLOSLADA -Po IMPERIAL),40.4072474508535,-3.71631114188378,255277538,1.8199931144601977,False
11489,13NC25PM01,40.3913680284282,-3.69519877048706,497296328,8.484308244851421,False
6884,90ET93PM01,40.3865557299564,-3.69018672743034,26397010,7.273577659577061,False
10202,PM40956,40.4005897707285,-3.64870823231348,295764271,21.60483064222747,False
10210,PM43041,40.5156109255712,-3.68513317411967,2590772533,101.38331457744448,True
3730,"GRAN VIA,25 O-E(SALUD-TRES CRUCES)",40.4200202030484,-3.70201907619858,26066613,29.6593684865966,False
10678,"CLAVEL, 1 S-N (CABALLERO DE GRACIA - GRAN VIA)",40.4193758167113,-3.69973888649004,21969758,9.453535755464516,False
4305,"(AFOROS) HORTALEZA, 11 S-N(GRAN VIA-INFANTAS)",40.4202484045815,-3.70106356951624,26341673,28.23720663985455,False
4307,"GRAN VIA,10 E-O(VICTOR HUGO-CLAVEL)",40.4194429903648,-3.6985062768936,26341676,31.066528858243537,False
7059,(TACTICO)RIBERA DEL MANZANARES 67 N-S,40.4249030925048,-3.72769288343787,6117099568,74.19565124242338,False
7073,MARTIN FIERRO S-N(OBISPO TREJO - JUUN HERRERA),40.4369129484332,-3.73182512453573,160741318,67.43200390881621,False
4709,TOLEDO N-S(SEGOVIA-SAN MILLAN),40.4122466830283,-3.70783971361452,26480872,15.903659267500188,False
4711,TOLEDO N-S(SAN MILLAN-LOPEZ SILVA),40.4110251363301,-3.70865056720065,1007406274,22.534564504815197,False
4900,"VALMOJADO Ø22 N-S(VALMOJADO, 99-ILLESCAS)",40.3935778124753,-3.7581796926354,302721503,37.53848992737467,False
4313,PL.ESPANA O-E(BAILEN-GRAN VIA),40.4222368055622,-3.71293823199745,292118651,8.53208043495432,False
10885,(TACTICA) PL.ESPANA E-O( GRAN VIA -FERRAZ),40.4222817076338,-3.71307577175595,292118651,12.348441395968566,False
10875,FERRAZ N-S (P.M 16045+16041 ),40.4224023845059,-3.71373353101758,1501171070,59.500367549115815,False
11428,RIBERA DEL MANZANARES S-N(FONDO SACO),40.4240668423336,-3.72646339249716,26080299,62.444930997968974,False
4325,"SEGOVIA, 65 E-O(RONDA SEGOVIA-Po VIRGEN DEL PUERTO)",40.4139919184546,-3.71899792704106,1179022355,20.457398894739804,False
4712,TOLEDO S-N(ARGANZUELA-LOPEZ SILVA),40.4095477448267,-3.70976847745269,26472351,28.541731014485766,False
4713,SEGOVIA E-O(CUCHILLEROS-SAN JUSTO),40.4138746578795,-3.71262394126278,26213270,57.45918897017728,False
5786,Av. Buenos Aires - Av. Pablo Neruda-Pedro Laborde,40.3828082090139,-3.65288591059849,316629030,38.72092619161935,False
7027,Av. Pablo Neruda 91 - Candilejas-Romeo y Julieta,40.3814939529255,-3.66264064249693,248069521,66.96810384969261,False
5589,Alfonso XIII O-E - Ricardo Calvo-Pl.José Mª Soler,40.4598540327562,-3.66932706096167,102505416,31.27469540621702,False
4051,O´Donell 69 E-O - Iturbe-Dr.Esquerdo,40.4208904260657,-3.66742929070934,20953247,36.535526859755265,False
7100,(TACTICA) Méndez Álvaro E-O(Giro a Sabal - Oriana-Sabal,40.3968899276988,-3.68169013315208,248937957,13.139206887654328,False
4326,VIRGEN DEL PUERTO(FRENTE)S-N(MANZANARES-SEGOVIA),40.4129370403292,-3.72108797317956,26480800,32.90874442084573,False
4327,PTE SEGOVIA O-E (FRENTE)(Po EXTREMADURA -Po VIRGEN DEL PUERTO),40.4139331222108,-3.72285104956691,315522404,113.6389179679681,True
5117,SEGOVIA E-O(CUESTA DE LOS CIEGOS-CUESTA LA VEGA),40.4139219493404,-3.71590221405028,25896238,82.97811318853645,False
4930,AV. POBLADOS O-E(AV. ABRANTES-VIA LUSITANA),40.3737871210875,-3.73582067069246,22559600,12.259360548765544,False
10797,AV. EURO S-N  (ÓBOLO - PEPIÓN),40.3706354463465,-3.73894786023824,2094130753,69.43054901673626,False
4329,"SEGOVIA, 61 O-E(MAZARREDO-RONDA SEGOVIA)",40.4138859005635,-3.71826767978034,1179022318,16.766430009758608,False
4962,RAFAELA YBARRA S-N(LESACA-AV.POBLADOS),40.3722632149017,-3.71228270326353,306094674,38.19657416690521,False
10282,(MICRO) GRAL. RICARDOS E-O GIRO (PL. TOROS-CLARA CAMPOAMOR),40.3853771209623,-3.73667105815368,301884847,26.44999523722625,False
10613,SANTA LUCRECIA N-S (EUSEBIO MORÁN - VÍA),40.3864117502325,-3.71945781841679,306033978,17.564376188937036,False
10500,VIA LUSITANA E-O Ø154 (PL. RENDICION BREDA-AV. POBLADOS),40.3746196953689,-3.73288586055665,301884347,30.651058737004753,False
10383,AV. SANTUARIO VALVERDE E-O(MONASTERIO DE LAS HUELGAS-MONASTERIO DE BATUECAS),40.5055290969193,-3.70551431839907,264980559,82.65259327213863,False
5622,(AFOROS)Bravo Murillo  E-O - Pinos Alta-Capitán Blanco Argibay,40.4646883175557,-3.69463114505383,26412629,10.078187165268522,False
10595,(CARRIL BUS) AV. PESETA O-E(MARAVEDI-VIA LUSITANA),40.3633090595391,-3.74488538678318,316618150,41.84831550403226,False
10654,(CARRIL BUS) AV. PESETA E-O(MORALES-SALVADOR ALLENDE),40.3624905803694,-3.75629485209814,316617072,19.04644023906493,False
10652,(CARRIL BUS) AV. PESETA O-E(CUEVAS ALTAMIRA-SALVADOR ALLENDE),40.3623468450808,-3.75910626077703,309906594,51.101852847032816,False
10653,AV. PESETA O-E(CUEVAS ALTAMIRA-SALVADOR ALLENDE),40.3623993807592,-3.75910357708903,309906594,48.24915718502659,False
5112,"NTRA SRA. LUZ, 43 E-O(FERNANDO DELGADO-NTRA. SRA. FATIMA)",40.3847273314228,-3.74808457754352,259641862,18.939997134030868,False
5106,PINZON S-N,40.3882666737409,-3.74012943148619,21776839,25.466647678069354,False
5166,ACCESO DE N-V A CTRA. BOADILLA,40.3990425656561,-3.76560307849971,49964428,52.3473563238056,False
3609,Menendez Pelayo N-S - (Pio Baroja-Niño Jesus(Puerta Granada),40.4124649936301,-3.67677139342608,1848514711,36.88995086093561,False
4856,PSO. TALLERES Ø9 O-E (RUBI-OPALO),40.3474245266061,-3.70372903662886,458100722,3.1063046686138533,False
3663,Bravo Murillo N-S - Azucenas-Conde Vallellano,40.4627763857205,-3.69717323398488,26412664,12.271579363574265,False
3871,FDEZ. SHAW S-N(FEDERICO MORENO TORROBA-PL. CONDE CASAL),40.4055476531351,-3.66912763689144,2673240703,13.595948025796456,False
3872,DR. ESQUERDO S-N (STA.SABINA -PL. CONDE CASAL),40.4054102994751,-3.67097562767922,30922235,4.845739637251804,False
11112,Dr. Esquerdo N-S - Pl. Conde Casal-Sta. Sabina,40.4057459283256,-3.67083338916558,30922235,36.311426484014135,False
11113,Dr. Esquerdo S-N - Garibay-Sta. Sabina,40.4044913848162,-3.6718147832676,30905063,42.52016251322612,False
11114,Dr. Esquerdo N-S - Cavanilles-Valderribas,40.4040091531364,-3.67243881010396,29564842,29.82625368826229,False
9893,Velazquez S-N - Villanueva-Jorge Juan,40.4228092417714,-3.6843169489796,26513132,27.189358757201177,False
3958,"Principe Vergara, 103 N-S - Francisco Silvela-Maria Molina",40.4383898868898,-3.67909868603399,143490068,30.291172826587882,False
3757,Velazquez S-N - Maldonado-Diego de Leon,40.4341935995873,-3.68337955691557,4109163310,34.41868393055732,False
4077,(TACTICO) Maiquez S-N - Ibiza-O´Donnell,40.4211305308428,-3.67285822712698,26784011,23.84835486073157,False
4889,AV. OSA MAYOR Nº 29 O-E (PL. NTRA. SRA. BUEN CONSEJO),40.4594249690838,-3.77955793567323,266456262,6.442986669139858,False
4081,(AFOROS) VADO STA. CATALINA S-N(PTE. ANDALUCIA-PL. LEGAZPI),40.3901458528308,-3.69652242669068,1837483611,119.86971534865229,True
4496,Francos Rodriguez O-E(Juan Encina-Jeronima Llorente),40.4565920707402,-3.70612998009563,93862637,23.300377363802482,False
4497,Francos Rodriguez E-O(Margaritas-Jose Calvo),40.4566605180652,-3.70693904723484,93862637,45.60441328346388,False
3728,GUILLERMO DE OSMA E-O(ALONSO CARBONEL-BENITO VALDERAS),40.393945106505,-3.69667123191863,26879237,15.749444171580942,False
4122,Po DELICIAS S-N(PL. LEGAZPI-PL. BEATA Ma ANA JESUS),40.3924460679215,-3.69493057262959,249397666,13.022215640093897,False
4359,"FERRAZ, 95  S-N(BENITO GUTIERREZ-ROMERO ROBLEDO)",40.4308950183477,-3.72191349842135,55161178,42.03237725106971,False
4393,San Bernardo N-S(Noviciado-Reyes),40.4251639165911,-3.70744170081916,26066556,8.864697439509428,False
4394,(TACTICO) Noviciado O-E(Norte-San Bernardo),40.4255813563993,-3.70757234423915,26067271,18.167702746656982,False
5410,(TACTICO) AV. COMPLUTENSE S-N (GIRO A DEHESA DE LA VILLA),40.4568060777444,-3.72967083320944,339842899,12.947570691758642,False
10407,VIRGEN DEL PUERTO S-N(GIRO A PTE SEGOVIA)(MANZANARES-SEGOVIA,40.4129438097596,-3.72117407503878,26480800,32.88189664127756,False
7102,(TACTICO)SEGOVIA 69 E-O (GIRO A JUAN DUQUE),40.4139545148916,-3.71927704115221,26480826,11.231326830878473,False
10097,PSO. DIRECCION S-N (OFELIA NIETO-CARMEN PORTONES),40.4635015685361,-3.70700747084016,4640732583,7.7509461188689786,False
6828,(TACTICO) ANTONIA RODRIGUEZ SACRISTAN O-E(GUAYABA-SECOYA),40.3729721666207,-3.74248794981444,12147741265,21.978960694768197,False
4511,ANTONIO MACHADO N-S(MARTIRES MARISTAS-DEHESA DE LA VILLA),40.4605759233756,-3.71968857468584,1977600386,103.84104055604624,True
5623,Bravo Murillo  N-S - Lope de Haro-San Enrique,40.4570984916015,-3.70177386639716,26412844,28.918719636234616,False
4464,"Santa Engracia ,115 S-N(Bretón de los Herreros - Rios Rosas)",40.4406886350591,-3.70122053928996,60017591,119.05445437866427,True
4455,"Rios Rosas, 28 E-O(Ponzano-Santa Engracia)",40.4419377020393,-3.69929173426949,1613048577,19.858833717914447,False
3438,GTA. SAN ANTONIO DE LA FLORIDA O-E(GIRO A SAN POL DE MAR),40.4258338716921,-3.72548995632066,21473035,72.67537434416583,False
4501,PABLO IGLESIAS N-S(FRANCOS RODRIGUEZ-MOGUER),40.4571834110214,-3.71177067295825,4567767289,27.743193821128532,False
4504,FRANCOS RODRIGUEZ E-O(STO. ANGEL DE LA GUARDA-POLICIA),40.457961654319,-3.71353939832533,51422522,39.284042271725085,False
4510,(AFOROS) FRANCOS RODRIGUE O-E(DEHESA DE LA VILLA-PIRINEOS),40.4592611772173,-3.71793282618892,51422520,50.25833449368734,False
4512,Antonio Machado N-S(Sinesio Delgado-Isla de Oza),40.4635520488101,-3.72017723621444,51420986,4.84674241748702,False
4513,PABLO IGLESIAS N-S(MOGUER-ARQUITECTO SANCHEZ ARCAS),40.4555279964261,-3.71293208734451,51424214,16.604498693942766,False
4514,PABLO IGLESIAS S-N(ARQUITECTO SANCHEZ ARCAS-LECEROS),40.4560217708628,-3.71246955734461,98733030,56.850125192635616,False
4530,VILLAAMIL N-S(SANCHEZ PRECIADO-OFELIA NIETO),40.4634041397793,-3.70910262387875,344869705,37.298656416135145,False
4537,DR.FEDERICO RUBIO Y GALI S-N(MOGUER-FRANCOS RODRIGUEZ),40.4565815896285,-3.71362795439623,2891563648,18.7689055599875,False
10582,(CARRIL BUS) MARCELO USERA O-E(SAN MAGIN-R. YBARRA),40.3851346754042,-3.71379363424823,252796105,35.417831337675395,False
5115,NTRA SRA VALVANERA N-S (ACEUCHAL-OCA),40.3902391590202,-3.73572922175143,302000066,40.69843912218055,False
10444,Poeta Joan Maragall S-N - San Germán -Pintor Juan Gris,40.4566351024627,-3.69220188508413,81468695,44.136224019311165,False
4531,VILLAAMIL S-N(SAN RESTITUTO-CAMINO CHORIILLO),40.4647590709462,-3.70969064524755,344869681,9.304506249229204,False
4532,VILLAAMIL N-S(CAMINO CHORRILLO-SAN RESTITUTO),40.4651542250985,-3.71013916022782,344869675,4.461777589977243,False
4533,CAMINO CHORRILLO N-S (GTA. PIEDRAFITA CEBREROS-VILLAAMIL),40.466983273403,-3.71096101196028,151402556,77.04428486578921,False
4534,VILLAAMIL O-E (LATERAL TUNEL SOR ANGELA DE LA CRUZ),40.4660958050737,-3.71112233302043,151402779,26.591463518294937,False
4535,OFELIA NIETO N-S(Po DIRECCION-VILLAAMIL),40.4631036612092,-3.70760099821699,50045902,26.540907996336518,False
10221,PAMPLONA N-S(FRANCOS RODRIGUEZ -JERONIMA LLORENTE),40.4555626467102,-3.70671267178153,3674051429,43.60677022332586,False
10153,PSO. DIRECCION N-S (ALBERDI - CAPITAN BLANCO ARGIBAY),40.4687822740471,-3.70776988450559,60107046,24.57050704569403,False
4576,AV. ASTURIAS O-E(SINESIO DELGADO -Po DIRECCION),40.4728175062261,-3.70051869269441,26204995,65.48661060527473,False
11372,PM23161,40.4834794682644,-3.68091260915307,9823064711,69.95271842918248,False
10558,Alcalá - Valentin Beato-Iquitos,40.4409534251202,-3.6268382663704,2208138747,5.7491215993599845,False
10813,PSO.DIRECCION O-E (ALVAREZ-AVDA.ASTURIAS),40.4720227847888,-3.70080516852548,3331083598,25.595902313210615,False
4587,SALIDA TUNEL PIO XII E-O(MAURICIO LEGENDRE-Po CASTELLANA),40.4748580047739,-3.68559925248016,8894953561,10.834231964364315,False
5624,Bravo Murillo S-N - Alonso Castrillo-Pensamiento,40.4596694768385,-3.6992468281465,93868939,3.799345817087458,False
4536,Po DIRECCION E-O(ISLA GOMERA-OFELIA NIETO),40.462688874595,-3.70685465558085,4826704010,34.70547958684342,False
4581,AV. ASTURIAS E-O(PL. CASTILLA-SAN AQUILINO),40.4666350559939,-3.69035835104357,25904526,62.54165299541035,False
4582,(AFOROS) AV. ASTURIAS E-O(SAN AQUILINO -MAGNOLIAS),40.4673087670876,-3.69175404804728,414253836,29.291039027974957,False
7024,(TACTICO) SINESIO DELGADO O-E (GIRO A HOSPITAL CARLOSIII),40.4745296099195,-3.6976677277069,26204788,109.71768247816948,True
9915,SINESIO DELGADO E-O (SALIDA TUNEL-HOSPITAL CARLOS III),40.4747080589376,-3.69662659055397,26205041,156.22990957017646,True
9916,SINESIO DELGADO O-E (HOSPITAL CARLOS III-ENTRADA TUNEL),40.4746584519952,-3.69656646222939,26205041,163.71508174082524,True
9919,SINESIO DELGADO E-O(HOSPITAL CARLOS III-FINISTERRE),40.4748036521621,-3.69868953008696,26204788,18.186587097048577,False
10809,SAN AQUILINO N-S (SAN BENITO - AVDA. ASTURIAS),40.4677302365487,-3.69066055774259,414253838,62.89863905069274,False
4589,Po CASTELLANA S-N(JOSE VASCONCELOS-PADRE FCO.PALAU Y QUER),40.4733164891952,-3.68692646256883,25907059,27.165636291871333,False
4591,SALIDA TUNEL N-S(Po CASTELLANA)A 50MTS,40.4744297177874,-3.68730606604881,11422650958,29.009756624361245,False
4594,SINESIO DELGADO O-E(SINESIO DELGADO-Po CASTELLANA),40.4743625111844,-3.68848594974689,25908582,37.066222075340306,False
4597,SINESIO DELGADO E-O(SALIDA TUNEL),40.4745182474413,-3.69060771829042,2528653054,74.82551567290923,False
4640,RAMOS CARRION E-O (CORAZON DE MARIA -CLARA DEL REY),40.4464064808056,-3.66722176446982,149151752,42.193065747924045,False
4600,ARZOBISPO MORCILLO E-O(ACC.TORRES-PEDRO RICO),40.4798889599691,-3.6881383686819,2484924975,37.23930811729841,False
4603,PEDRO RICO S-N(AV.MONFORTE DE LEMOS-ARZOBISPO MORCILLO),40.4792826767443,-3.6898858682682,1080044966,90.30337950644336,False
4604,PEDRO RICO N-S(ARZOBISO MORCILLO-AV. MONFORTE DE LEMOS),40.479265156222,-3.69031262858537,1080044966,65.460331812677,False
4605,AV.MONFORTE DE LEMOS E-O(Po CASTELLANA-PEDRO RICO),40.4769331194024,-3.69037699921298,8719388676,10.303338582164969,False
4619,ENRIQUE LARRETA S-N(MATEO INURRIA-AGUSTIN DE FOXA),40.4677376705528,-3.68644212448169,268514296,26.680070464131322,False
3591,AGUSTIN DE FOXA S-N(ENRIQUE LARRETA-JOSE VASCONCELOS),40.4698328137314,-3.68579614182275,55967027,39.67244876523342,False
5597,ALFONSO XIII O-E (PARAGUAY-RICARDO CALVO),40.4601438951028,-3.67072626032148,102518637,30.365586145581698,False
5598,VICTOR DE LA SERNA S-N (URUGUAY-COLOMBIA),40.4562728087618,-3.67176853010915,119830210,14.960992896530309,False
5599,COLOMBIA E-O (NICARAGUA-VICTOR DE LA SERNA),40.4569543225275,-3.67116255138311,119805488,72.1152432499293,False
9970,Po IMPERIAL N-S (JEMENUNO -GIL IMON),40.4078179384752,-3.71723084831589,26483371,50.10816118306928,False
10508,VIA LUSITANA E-O Ø65 GIRO IZDA.(CARRERO JUAN RAMON-FARO),40.3803864149097,-3.72574901268621,301884742,24.612347762081942,False
4729,Antonio Machado S-N(Av. Martires Maristas-Sinesio Delgado),40.4647058072668,-3.71950850831472,344856275,22.814375143382964,False
5626,Bravo Murillo O-E - Oñate-Amalia,40.4644182853095,-3.69521903054193,26412630,14.400172324559007,False
4592,AV. MONFORTE  LEMOS O-E(AV.MONFORTE DE LEMOS-MAGNOLIAS),40.4759498937662,-3.69010587112731,47954379,105.54639502409502,True
4593,AV.MONFORTE DE LEMOS E-O(Po CASTELLANA-AV.MONFORTE DE LEMOS),40.4752578855424,-3.68784215181709,6510008214,50.319399213034444,False
4595,SINESIO DELGADO O-E(CARLOS III-MAGNOLIAS),40.4744711731367,-3.69043214447258,2528653054,61.312677631302705,False
4659,AV.TOREROS O-E(FRANCISO ALTIMIRAS-AV.BRASILIA),40.4335333836471,-3.66326812975261,25531674,32.86176420066683,False
4663,AV.BRUSELAS N-S(AV.BAVIERA-PL.VENECIA),40.4420115995525,-3.66342204878045,150338722,19.701816781864544,False
4664,AV.GUINDALERA O-E(CAMILO JOSE CELA-AV.BRUSELAS),40.4410110032739,-3.66449648920809,149140123,40.57590846241275,False
5790,Av. Buenos Aires - Pedro Laborde-Av. Pablo Neruda,40.38272675129,-3.6531126409643,306213128,49.77700994713705,False
11516,Av. Pablo Neruda 140 - El Padrino-Romeo y Julieta,40.3815292729093,-3.66088008604296,248069520,10.252923402044438,False
11520,Av. Pablo Neruda 89 - Padrino y  Santos Inocentes,40.3813543637629,-3.66068211992852,316629579,8.581041903112212,False
11522,Santos Inocentes 87 - Reina de África y Avda. Pablo Neruda,40.3805619578081,-3.65953451238936,316630914,43.180449000735564,False
5815,Av. Albufera - Puerto Pajares-Perpetuo Socorro,40.3952153128804,-3.66326129297924,317418066,31.279459075488372,False
10232,AV. CARDENAL HERRERA ORIA O-E (VICENTE JIMENO - DR- GUIU),40.4772050844812,-3.73717028110225,25693445,11.396350674692378,False
5816,Av. Albufera - Perpetuo Socorro-Puerto Pajares,40.3948520767315,-3.66269148645312,316628212,24.337921628433175,False
5818,Av. Albufera - Perpeto Socorro-Siera de Cadi,40.3937823002956,-3.66052510668802,316628279,6.825298477321398,False
5856,Av. Albufera - Av. Buenos Aires-Sierra Faladora,40.391406172149,-3.65260036257142,31041871,15.336558550374821,False
5627,Bravo Murillo O-E - Ulpiana Benito- Poeta Joan Maragall,40.4652619183355,-3.69275420756297,26412625,3.3053530606326236,False
4616,MAURICIO LEGENDRE N-S (PADRE PALAU Y QUER - J.VASCONCELOS),40.4728185222968,-3.68571226759841,55970443,49.359069138008415,False
4617,PADRE PALAU Y QUER O-E (Po CASTELLANA - MAURICIO LEGENDRE),40.4739860355445,-3.68620064012687,444332281,33.050192646413095,False
4618,MAURICIO LEGENDRE N-S(JOSE VASCONCELOS-AGUSTIN DE FOXA),40.4694353492547,-3.68679700606803,55971272,25.898933608925756,False
4665,AV.BRUSELAS N-S(PL.VENECIA-AV.BRUSELAS),40.4404237556093,-3.66298524409511,1492770478,60.77318482898003,False
4666,AV.BRUSELAS S-N(AV.BRUSELAS-PL.VENECIA),40.4399370263103,-3.66293576755918,150341881,33.722047677627266,False
4667,AV.BRUSELAS N-S(AV.BRUSELAS-BRESCIA),40.4380733387771,-3.66352689259901,149228346,29.00208121733138,False
4668,AV.BRUSELAS S-N(BRESCIA-AV.BRUSELAS),40.4382051506454,-3.66337935315081,149228346,10.499089775337387,False
10405,MARIA MONTESSORI E-O(MARIA DE MAEZTU-GLORIA FUERTES),40.4895278178277,-3.72989887853495,1127670951,28.286842769440877,False
5628,Ulpiana Benito S-N - Sófora- Bravo Murillo,40.4648355215739,-3.69296497949518,81568599,27.93200176109206,False
5629,Capitán Blanco Argibay N-S - Mundillo-Bravo Murillo,40.464861980738,-3.69633437585009,60106832,5.071925062928932,False
4631,"LOPEZ DE HOYOS, 202 O-E(CLARA DEL REY-CORAZON DE MARIA)",40.4483849731448,-3.66777711826859,143768021,77.7782890158119,False
4636,CANILLAS O-E(ACCESO NII-CORAZON DE MARIA),40.4430451722562,-3.66597275198828,149027089,51.47044526880292,False
4673,AV.BRASILIA N-S(BRESCIA-MARTINEZ IZQUIERDO),40.4361733680377,-3.66116012389728,27512911,17.20569645898045,False
4675,PUENTE CALERO E-O(AV.DE LA PAZ-AV.BRASILIA),40.4350965577369,-3.6595057382568,25927258,49.58733747027129,False
5414,AV.MONFORTE DE LEMOS O-E(CAMINO GANAPANES-AV.BETANZOS),40.4774417236241,-3.71306361640663,26230967,56.20061557027277,False
5420,AV.MONFORTE DE LEMOS E-O(FINISTERRE-GINZO DE LIMIA),40.4796434619937,-3.70304056454192,26204368,29.88705513550473,False
5421,AV.BETANZOS N-S(AV.ILUSTRACION-AV.MONFORTE DE LEMOS),40.4786515283192,-3.71247760169765,25687294,96.74670220119084,False
10707,Alcalá - Cipriano Sancho - Marcelino Alvarez,40.4321529645645,-3.65473486903642,25531136,23.20200642665119,False
10470,(TACTICO) Padre Damian(Giro a Juan Ramon Jimenez),40.4559747202761,-3.68692047794329,98983153,14.369174645903358,False
5929,Jose María Fernández Lanseros  - Av. Daroca-Alcalá,40.4310167941508,-3.65743347299608,307998851,42.062189741294816,False
10701,Alcalá - Av. Daroca-Fernández Lanseros,40.4315958045361,-3.65866432764419,109900045,58.2338118984454,False
10716,Alcalá - Santa Elena - Maximo San Juan,40.4326300871236,-3.65135138309986,25531132,17.72681957846291,False
10732,Alcalá - Urquiza-Gutierre de Cetina,40.4340578815751,-3.64605670960887,25531119,26.089765098423314,False
10733,Alcalá - Gutierre de Cetina-Emilio Ferrari,40.4347063163633,-3.6447065585367,25531121,19.68831271444874,False
11037,Alcalá - Misterios - Luva,40.4376723986071,-3.63877855564152,3259724318,14.984613693790056,False
11173,Alcalá - Lago Constanza-La Argentina,40.4331326888947,-3.64823260944105,25531118,1.8060401396568468,False
11177,Alcalá 408 - Río Ulla-Campuzano,40.4357420904725,-3.64256976277625,250637364,20.01484927284855,False
11182,Alcalá 328 - Ezequiel Solana-Los Urquiza,40.4336261041306,-3.64694804796317,25531117,24.153087868892044,False
11181,Alcalá 328 - Ezequiel Solana-Los Urquiza,40.4336517303755,-3.64696252695858,25531117,24.36515838494263,False
5945,Pileo - Pileo-Alcalá,40.4363589626511,-3.64177298990656,1833026270,17.083365034727574,False
5953,Hermanos García Noblejas - Emilio Muñóz-Miguel Fleta,40.4304965594568,-3.63267570917181,3259658526,28.689929586570386,False
5957,Hermanos García Noblejas - Pobladura del Valle-Av. Arcentales,40.423233967379,-3.62732570141771,1325487087,16.228291472629103,False
5974,Nicolás Salmerón - Hermanos García Noblejas-Nicolás Salmerón,40.4176972262369,-3.62557300087421,25377752,77.56113967674956,False
5990,José Arcones Gil  - Gabriel Montero-Gandhi,40.4246300120232,-3.63144721329972,101215436,25.72002199642464,False
5993,Pl. Alsacia - Fuente Carrantona-Malmoe,40.4172113770761,-3.62370392360003,1250825942,7.924872713786811,False
5999,Hermanos García Noblejas - Luis del Campo - Gandhi,40.4265295175085,-3.62981918050825,2455932607,43.32260650120742,False
10197,AFUERAS A VALVERDE E-O(CASILDEA VANDALIA-ALDONZA LORENZO),40.4979204985585,-3.68880678615796,77808964,49.49433551241765,False
10485,Alfonso Gómez - Albasanz - Julian Camarillo,40.4358442207358,-3.62706013451587,31066761,76.27304837470953,False
5632,Lope de Haro O-E - Juán Risco-Bravo Murillo,40.4572066351501,-3.70246488120673,93862635,6.308786210009724,False
4676,ROBERTO DOMINGO S-N(AV.TOREROS-AV.DONOSTIARRA),40.4343767645101,-3.66115651569199,25531666,35.04534797183014,False
4677,ROBERTO DOMINGO N-S(MARTINEZ IZQUIERDO-AV.TOREROS),40.4347358041756,-3.66115671201663,25927426,7.191261683649019,False
4683,FERRER DEL RIO O-E(PILAR DE ZARAGOZA-MARQUES DE AHUMADA),40.4356398243805,-3.67056362745949,143659340,1.9741722888512305,False
4714,SEGOVIA O-E(SAN JUSTO-COSTANILLA DE SAN PEDRO),40.4135408950549,-3.71051678259705,26213266,6.16525332316679,False
4715,SEGOVIA O-E(SAN JUSTO-CUCHILLEROS),40.4137106521597,-3.70909396022361,1235011903,14.900652699980183,False
4716,CUCHILLEROS N-S(MAESTRO VILLA -TINTOREROS),40.4143604338656,-3.70804877358278,21953989,72.85496983346404,False
10697,Hermanos García Noblejas - Pl. Alsacia-Pobladura del Valle,40.4195021001388,-3.62452914305587,24968034,23.104362119361564,False
10711,Hermanos García Noblejas - Castillo de Arévalo-Castropol,40.4282490155359,-3.63088796340794,3274845906,28.577498871196408,False
10714,Hermanos García Noblejas - Pl. Orotava-Santo Domingo Savio,40.4321130745482,-3.63400042542079,1536618128,7.765058331068468,False
10713,Hermanos García Noblejas - Braulio Gutiérrez-Santo Domingo Savio,40.430469961237,-3.63281334534771,3259658526,24.955437654530154,False
6006,Albarracín - Miguel Fleta-Emilio Muñóz,40.4313467584814,-3.62991568654896,31107187,25.66162393907791,False
9862,AV. MONTECARMELO S-N (MONASTERIO DE SILOS - MONASTERIO EL ESCORIAL),40.5040652726484,-3.69824362067333,264987456,40.40651912528541,False
10656,SALVADOR ALLENDE S-N(PATRIMONIO HUMANIDAD-AV. PESETA),40.3616077960983,-3.7578552871599,309892514,72.32262653815793,False
5633,San Germán E-O - Infanta Mercedes-Bravo Murillo,40.4571950252328,-3.70017565261691,81478204,40.3085476656998,False
4717,SEGOVIA E-O(CAVA BAJA -TOLEDO),40.4136181863972,-3.70808792710814,26213241,8.113755115336602,False
10712,Hermanos García Noblejas - Luis del Campo-Castillo de Arévalo,40.4289753010684,-3.63172728292178,334542472,2.9561438311828807,False
10709,Hermanos García Noblejas - Castillo de Arévalo-Castillo de Uclés,40.427473889903,-3.63064067474344,3259658510,15.421550954858565,False
5994,Argos - Albarracín-Hermanos García Noblejas,40.4362390937515,-3.6364316394211,64949147,21.836464954254495,False
5995,Dr. Cirajas - José Arcones Gil-Hermanos García Noblejas,40.4356160247405,-3.63680700550812,100981319,24.08712426099015,False
6004,Hermanos García Noblejas - Versalles-Aquitania,40.4168841328112,-3.62276032812234,20962935,29.803101884571536,False
10947,HALCONERO DEL REY E-O(SALVADOR VICENTE MARTIN-VIA LUSITANA),40.37079532563,-3.73606187197295,316228578,107.61598053524162,True
10017,VALLE TOBALINA S-N (MONTEJO-BASCUÑUELOS),40.337010879904,-3.71533133001198,951728891,71.30733590015606,False
5390,BASCUÑUELOS O-E (SAN MAMES - VALLE TOBALINA),40.3376566139852,-3.71613702819622,566338955,53.60648452024065,False
6811,(TACTICO) SALIDA RENFE (ADIF),40.3418080847051,-3.71064866711503,306256083,12.514901123607629,False
10124,Lopez de Aranda - General Aranaz - Arturo Soria,40.4422059854569,-3.63933384447635,114123616,92.50182862843995,False
10371,MONASTERIO SUSO Y YUSO O-E (MONASTERIO HUELGAS - MONASTERIO BATUECAS),40.5023758756357,-3.70555138058878,264980177,61.89010949003713,False
10122,Arturo Soria - Marques de Portugalete - Pilar Cavero,40.4455671960132,-3.64691768210689,100962515,8.95621912991657,False
5634,Poeta Joan Maragall S-N - General Perón-Pedro Teixeira,40.4542563842341,-3.69242452724998,81468698,44.645921084694244,False
4718,CONDE DE ROMANONES N-S(CONCEPCION JERONIMA-COLEGIATA),40.4131506580081,-3.70487938423998,21951394,64.39683187408801,False
3401,CONCEPCION JERONIMA O-E(SALVADOR -TOLEDO),40.4138820126694,-3.70654103030804,390826846,15.998584666008748,False
10065,(TACTICO) JEMENUNO O-E(Po MELANCOLICOS-Po IMPERIAL),40.4082558065869,-3.71761066796568,26483371,20.877067559613565,False
5746,Av. Pio XII O-E (Bambu-Av. Burgos),40.4731354658097,-3.67727415661952,102320034,36.765395145853496,False
4719,Cesar Manrique S-N (La Cabrera-Juan Sánchez),40.4738943504441,-3.72068376407724,150866098,8.553551178346144,False
6007,Pl. Alsacia - Salida Intercambiador - Aquitania-Av. Guadalajara,40.4180003669694,-3.62297896327108,1250825987,10.397919157653863,False
10123,Marques de Portugalete - General Aranaz - Arturo Soria,40.4460256853502,-3.64563143240174,243524946,45.228166417840534,False
10129,Arturo Soria - Manuel Maria Iglesias-Duque de Tamames,40.4516120796663,-3.65297941955248,100955665,15.34519990429496,False
10839,Agastia - Ramirez de Arellano - Emilio Vargas,40.4489515897484,-3.65391475268927,249286127,21.7164491366171,False
6059,Mesena - Emilio Rubin-Navarro Amandi,40.4615951174238,-3.65950912985655,253115721,23.74746817599833,False
10832,Ramirez de Arellano - Agastia - Torrelaguna,40.4486628019079,-3.65587213957613,13439967316,81.62114305544006,False
5635,Poeta Joan Maragall S-N - Pedro Teixeira-San Germán,40.4553228928259,-3.69236181964202,81468696,37.025817959387936,False
6062,Arturo Soria - Manuel Uribe-Añastro,40.465692510103,-3.665691965333,100964049,44.38260179772835,False
10436,José Silva - Torrelaguna - San Nemesio,40.454005099644,-3.65999492782998,253116027,20.369640574604485,False
10435,José Silva - Arturo Soria - Agastia,40.4551971398088,-3.65775847258109,253116133,94.07201955741736,False
10830,Torrelaguna - Ramirez de Arellano - Emilio Vargas,40.4480882838196,-3.65696552561623,249286115,21.855057526631082,False
10831,Ramirez de Arellano - Treviana - Torrelaguna,40.4477409133891,-3.65783937975646,254354374,28.742673618299698,False
6068,Arturo Soria - Eladio López Vilches-Av. San Luis,40.474609285227,-3.66812016089541,100964069,32.36399721420257,False
6078,Av. San Luis - Eladio López Vilches-Cuevas de Almanzora,40.4741069442192,-3.66394618379019,221342520,2.5874564439523544,False
6079,Cuevas de Almanzora  - Bacares-Av. San Luis,40.4741247663375,-3.6627602302996,270161794,16.969336636972773,False
6087,Av. San Luis - Av. San Luis-Julio Danvila,40.4722327506422,-3.66128025006605,270187350,81.96726503774197,False
6105,Laúd  - Jazmin-Arturo Soria,40.4825380412422,-3.66417202876223,3613373158,8.576424142302532,False
6109,Mesena  - Eladio López Vilches-Av. San Luis,40.4745476070749,-3.66534759621351,27224687,19.465601579021964,False
3778,Av. San Luis  - Arturo Soria-Mesena,40.4747874299348,-3.66563486588464,26747737,20.27644085749867,False
6110,Eladio López Vilches - Mesena-Av. San Luis,40.4740446024944,-3.66427766014055,221342520,26.579662202015598,False
6456,Arroyo Media Legua - Av. Doctor García Tapia-Alcalde Garrido Juaristi,40.4128303807833,-3.65337148673942,1209330720,17.015411648560846,False
11008,Corregidor Diego Valderrabano - DR. García Tapia - Alfredo Brañas,40.4123141256104,-3.65809145315297,307997912,11.515729697690746,False
10880,ISLA DE AROSA S-N(SANTIAGO DE COMPOSTELA-FERMIN CABALLERO),40.4799820935255,-3.71569159899567,25920643,35.0204820663385,False
10881,FERMIN CABALLERO O-E(ISLA TABARCA-ISLA DE AROSA),40.480151290496,-3.71706121443634,25920835,35.86080554170203,False
5636,Poeta Joan Maragall S-N - Pintor Juán Gris-Sor Angela de la Cruz,40.4580876893523,-3.69209557427768,81468692,46.2253848787967,False
6112,Av. San Luis  - Eladio López Vilches-Cuevas Almanzora,40.4736071125169,-3.66343949793414,270182075,6.770252567398083,False
6454,Arroyo Media Legua - Alcalde Garrido Juaristi-Av. Doctor García Tapia,40.4128490417149,-3.65347885805462,1209330720,20.269103996321086,False
6457,Acceso O´Donnell - Acceso Arroyo Media Legua desde O´Donnell,40.4141186371436,-3.6512919364573,1209331653,40.50099642784055,False
6463,Doctor García Tapia - Fondo Saco-Doctor García Tapia-Arroyo Media Legua,40.4122729516902,-3.65341910212066,1209330206,31.893855183594955,False
6120,Corregidor Diego Valderrábano - Alcalde Luis Marichalar-Camino Vinateros,40.4111909421644,-3.65821549859442,307997966,10.692527127564956,False
11014,Cdor. Diego de Valderrabanos - Av. Moratalaz - Cno. de los Vinateros,40.4099840551204,-3.65867106052968,2277540467,11.09767982088876,False
11027,ISLA DE AROSA S-N (FERMIN CABALLERO-ISLA DE AROSA),40.4808555861698,-3.71631442778616,31488955,35.33384760512797,False
11101,RISCOS DE POLANCO S-N (RAMON GOMEZ DE LA SERNA-VALLE DE PINARES LLANOS),40.4847851751096,-3.72266187181182,258584711,11.916892226087805,False
11357,MONASTERIO DEL ESCORIAL ENTRE MONASTERIO DE POYO Y MONASTERIO DE LIEBANA,40.5082708628218,-3.69458417575312,267572564,34.103929081926374,False
5347,AV. ROSALES E-O (SILVINA-ANTEQUERA),40.3672950161747,-3.69090622607421,26082466,42.16296267133623,False
11265,MANUEL GARRIDO O-E(ISLA DE SAIPAN-ISLAS ALEUTIANAS),40.4738107624884,-3.72963226624154,12008953591,77.74923712649634,False
6596,AV. CAMINO DE SANTIAGO S-N (VILORIA DE LA RIOJA - SANTO DOMINGO DE LA CALZADA),40.5074680782328,-3.67110279125217,255265789,43.13270710045038,False
11341,CRTA. FUENCARRAL O-E,40.4892123038448,-3.67409679887265,13664621765,74.58242746966519,False
4547,CARAMUEL S-N(JUAN TORNERO-Pº EXTREMADURA),40.4129858286637,-3.72701551082959,305396766,9.548395253639038,False
5012,CARAMUEL N-S(Pº EXTREMADURA-JUAN TORNERO),40.412633780793,-3.72699069255797,305757313,10.8616787334301,False
5637,Poeta Joan Maragall S-N - Sor Angela de la Cruz-Francisco Gervás,40.4597189987605,-3.6919024444157,81468689,58.471221020103286,False
4720,(TACTICO) Juan Sanchez O-E(isla Malaita-Cesar Manrique),40.4742780335374,-3.72115714603282,150865971,24.761070420261444,False
4722,Cesar Manrique N-S(Joaquin Lorenzo-Valle de Mena),40.4720729309101,-3.72023622378172,150866140,10.378920233118315,False
11107,El Bosco E-O (Sierra Toledana-Cerámica) - Sierra Toledana-Cerámica,40.4053585882817,-3.65814145647812,260288135,19.056496009117225,False
6150,Ascao - Emilio Ferrari-Luis Ruíz,40.4305996845769,-3.63952314527732,100970845,84.47134870660048,False
6166,Av. Marqués de Corbera - Ricardo Ortíz-Montejurra,40.4239879464856,-3.65426055969833,3156570386,20.1977319996071,False
10308,Av. Márques de Corbera - Gerardo Cordón-José Barbastre,40.426551753702,-3.65086511718641,101058520,14.138042773907292,False
5022,Pº EXTREMADURA E-O(SISEBUTO-TURISIMUNDO),40.4117399053915,-3.7338016795626,423497513,13.895140317607819,False
5639,Poeta Joan Maragall S-N - Jose Castán Tobeñas-Bravo Murillo,40.4644846926402,-3.69147799780655,81468683,30.54964118485366,False
5640,Pedro Teixeira E-O - PºCastellana-Poeta Joan Maragall,40.4549601006929,-3.6914428728195,81476950,51.194904225885054,False
10073,(MICRO)AV. MONASTERIO DE SILOS (DELANTE GRUPO 6),40.4962122711273,-3.71932544934002,259007809,15.693731772560497,False
5906,"(TACTICO DIRECCIONAL) LAGUNA GRANDE, 1 N-S (PROX. GR-14)",40.4858688338293,-3.70931041796128,258361897,16.226127456171373,False
5887,(TACTICO) GINZO LIMIA S-N (PROX. GR-12),40.4856895041601,-3.70876902866244,25920289,23.691769001869936,False
10609,"INMACULADA CONCEPCIÓN N-S, FRENTE(BALEARES-MANUEL NOYA)",40.3900195223772,-3.71202608745781,849977335,15.920681571561802,False
9984,Cta. Sagrados Corazones  - Sta. María Magdalena-Arturo Soria,40.4667248261432,-3.66742727283946,25962796,19.934575602311586,False
9857,Acceso Cuesta Sagrado Corazón -O - M-30-Cuesta Sagrado Corazón,40.4675473979184,-3.66767004127901,4570588635,78.7855944253256,False
6113,Camino Vinateros - Manuel Machado-Diego de Valderrábano,40.4106458060698,-3.6591995049893,1595032248,37.22944703792147,False
6114,Camino Vinateros - Arroyo de la Media Legua-Cdor Diego Valderrábano,40.4106816453665,-3.65710968873215,1594653600,50.38743379663759,False
6168,Luis Ruíz - Braulio Gutiérrez-Francisco Rioja,40.4301450234812,-3.63780757382439,100982828,30.505923457314267,False
6170,Francisco Villaespesa - José María Pereda-Ledesma,40.4288823515794,-3.64743867421068,101023783,15.897986472336957,False
6455,Arroyo Media Legua - Camino Vinateros-Av. Doctor García Tapia,40.4117916196274,-3.65443219639685,307998006,22.08505122735239,False
6171,Francisco Villaespesa  - Lago Constanza-Ledesma,40.4291355844372,-3.64624144157397,101010993,28.413415973189917,False
5641,Pedro Teixeira O-E - Orense-Av.del Brasil,40.4550641145672,-3.69389506683046,81466852,73.76640065303329,False
4723,Joaquin Lorenzo O-E(Isla Malaita-Cesar Marique),40.4723300008757,-3.72122825000137,150866028,80.63158147000289,False
6117,Camino Vinateros - Marroquina-Av. Moratalaz,40.4086160149918,-3.64715212800688,317744023,52.79790701547034,False
6119,Camino Vinateros - Av. Moratalaz-Cañada,40.407106637643,-3.64462933822596,2380904741,28.705770314986363,False
6122,Arroyo Media Legua - Av. Doctor García Tapia-Camino Vinateros,40.4114442731524,-3.65483194608119,307998006,29.268784278348768,False
10305,Av. Marqués de Corbera - Montejurra-Ricardo Ortíz,40.4241807389619,-3.65410687364582,101058522,7.645901800897987,False
6204,Paseo Artilleros - Villardondiego-Villajimena,40.4062371378854,-3.60919388822239,307533527,19.640702763811163,False
5180,(MICRO)AV.POBLADOS E-O (GIRO A AV. LAS AGUILAS),40.385784993841,-3.76158478491725,21702239,5.452287340646047,False
6205,Paseo Artilleros - Villajimena-Villablanca,40.4082929242861,-3.60942265247523,1147282521,10.434542363448731,False
5642,San Germán E-O - PºCastellana-Poeta Joan Maragall,40.4562160950109,-3.69139858478961,81478195,42.408129210127655,False
6912,Valle de Mena O-E(Juan Andres-Antonio Machado),40.4714737564124,-3.72147121393703,344863154,97.91087450424826,False
4725,Antonio Machado S-N (Valderodigo-Valle de Mena),40.4702196808776,-3.71960751448949,51419174,36.29561039721472,False
4726,(TACTICO)Valderodrigo E-O(Valle de Mena-Antonio Machado),40.4698585701559,-3.71906356502818,51419174,32.97228165355022,False
4727,Antonio Machado N-S(Centro Cultural-Sinesio Delgado),40.4662264188959,-3.71953581326932,51418379,33.762801595279846,False
4728,Sinesio Delgado E-O(Gta.Piedrafita Cebreros-Antonio Machado),40.4660383280773,-3.7183347384717,51415861,77.00927594078213,False
4731,Camino ganapanes N-S((Chantada-Valle de Mena),40.4703907623647,-3.71458030121725,2008329631,11.836671655084833,False
6985,Bulevar José Prat - Cordel de Pavones-Bulevar Indalecio Prieto,40.3975804768679,-3.6212035514716,269695824,91.6495572119418,False
6989,Bulevar Indalecio Prieto - Pinillas-Bulevar José Prat,40.3986368624109,-3.62229989632476,1859530984,34.094105691739244,False
6988,Bulevar José Prat - Ladera de los Almendros-Bulevar Indalecio Prieto,40.3975958248649,-3.62391284308172,269695822,96.31419686965324,False
6224,Ctra. Canillas - Javier Quinto-Utrillas,40.4642111087292,-3.64413763884385,3160412423,58.64288620605406,False
6228,Ctra. Canillas - Emigrantes-Torquemada,40.465267719751,-3.63779855891915,25931287,40.31589565147831,False
5198,ERMITA DEL SANTO ENTRE IVAN VARGAS Y PTE S.ISIDRO S-N,40.4028914695562,-3.72459417984815,21779732,30.714535173405455,False
6229,Moscatelar - Milán-Pl. Liceo,40.4571432222014,-3.64610222527647,353021610,10.350779249323258,False
5643,San Germán O-E - Orense-Poeta Joan Maragall,40.4562875258576,-3.69329038909155,81468695,86.72295999970655,False
4732,(TACTICO)Valle de Mena O-E(lateral) Entrada Gta. valle de Arce,40.4695969274519,-3.71498583109317,1983544189,20.29391170285218,False
4733,Valle de Mena O-E(Valderodrigo-Camino de ganapanes),40.46997055882,-3.71568170390227,353230277,20.84561617393675,False
11032,Antonio Machado S-N(Sinesio Delgado-Centro Cultural),40.4658919103015,-3.71923024027176,51418379,11.557152255315275,False
9886,Camino Ganapanes N-S (Ramon Castroviejo-Morforte de Lemos),40.477975355713,-3.71637317866411,11664930748,27.553396206701805,False
9904,Camino Ganapanes S-N (Becerrea-Chantada),40.4725119656134,-3.71488214360464,2008329574,18.475019185764218,False
9903,Camino ganapanes N-S (La baneza - Chantada),40.473910422085,-3.71531510298406,2008332020,85.24999441238467,False
9913,Valle de Mena O-E (Isaac Rabin-Juan Andres),40.4721741350815,-3.72420266756799,344863140,93.61852798059358,False
9912,Valle de Mena E-O (Cesar Mnrique-Isla Malaita),40.4715335976581,-3.72138298785861,344863154,93.3726866013378,False
6149,Av. Marqués de Corbera  - Santa Prisca-Av. Daroca,40.4275754963903,-3.64950723554492,101058519,33.30764730049722,False
5645,Sor Angela de la Cruz E-O - Pl.de Cuzco-Poeta Joan Maragall,40.4591514394571,-3.69110629198596,25906501,42.384255059125415,False
6230,Silvano - Colegio Liceo-Moscatelar,40.4582828515573,-3.64361559253296,221254528,38.30712546021179,False
5646,Sor Angela de la Cruz O-E - Orense-Poeta Joan Maragall,40.459185982046,-3.69324880413417,81466856,92.1306582884961,False
6132,Maruja García Romero - Maruja García Romero-El Bosco,40.4040191198259,-3.65458926570346,263534934,31.681132708297707,False
9927,Camino Vinateros - M-30-Corregidor Diego Valerrabano,40.4107534261448,-3.66039399171685,1594628283,46.18871454149978,False
9921,Camino Vinateros - Corregidor Diego Valderrabano-Manuel Machado,40.4107179092106,-3.65869379661904,12978179760,37.197319537243935,False
9945,Camino Vinateros - Arroyo Media Legua-Arroyo Belincoso,40.4105607604709,-3.65368448373679,1594639831,22.206743403700777,False
10751,Camino Vinateros - Corregidor Diego Valderrabano-Manuel Machado,40.4107884050029,-3.6586959434758,12978179759,39.36701461607433,False
6148,Emilio Ferrari - Vital Aza-Esteban Collantes,40.4316333359774,-3.64151865595676,100971065,44.10103686999589,False
6231,Silvano - Algabeño-Av. Machupichu,40.4626574258014,-3.6367941927796,602167793,102.06514383339074,True
3481,CASTROJERIZ SENTIDO NE-SO,40.3860928956963,-3.7403341971695,302721632,21.29972758619257,False
5647,Francisco Gervás E-O - PºCastellana-Poeta Joan Maragall,40.4606520293736,-3.69097185958036,81485403,57.67601096177246,False
9911,Juan Andres S-N (Magdalena Diaz - Valle de Mena),40.471169185867,-3.72300705899693,150866232,15.379911331179912,False
9899,Valle de Mena E-O(Lateral)(Cno. Ganapanes-Buitrago de Lozoya),40.4703014022659,-3.71616317789829,353230277,64.00019207677303,False
9973,LA CABRERA O-E,40.4713945968528,-3.71560692120201,2008329575,79.64014814349494,False
5123,VIA CARPETANA ENTRE CASIMIRO ESCUDERO Y LUIS FEITO SENTIDO S-N,40.3906486292776,-3.74335363968205,21787373,14.244892700855301,False
5124,VIA CARPETANA ENTRE LEÓN V Y L.FEITO N-S,40.3908396205681,-3.74327625600179,21787373,8.02139061000264,False
11441,PSO. MARCELINO CAMACHO ENTRADA CRUCE,40.3881446375159,-3.74211103412406,21776665,8.57810768852736,False
5139,PORTALEGRE O-E ENTRE OPORTO Y ABRANTES,40.3846291193925,-3.72382493063004,301891683,54.95333368278362,False
5140,FARO E-O ENTRE VÍA LUSITANA Y ABRANTES,40.3810379733841,-3.72596743746169,301884748,16.693205943272627,False
9976,BECERREA E-O,40.4713309591679,-3.71374150048863,26235008,75.83313724484007,False
6264,Av. Papa Negro - Esteban Palacios-Av. Machupichu,40.4579662451729,-3.62393151535632,4192216107,33.86651937733584,False
6268,Av. de los Andes - Pl. Yucatan-Abelias,40.4522593699739,-3.62642640249103,251564314,106.80222732416487,True
5169,MAQUEDA N-S(ESCALONA-TEMBLEQUE),40.3940970484376,-3.76484682232572,49420160,20.30873060927544,False
9978,(TACTICO) AV. EURO E-O(EXCELENTE-AV. CARABANCHEL ALTO),40.3639383688269,-3.75334545323542,1835409314,16.1652149084422,False
5298,(TACTICO)ALLARIZ O-E(PROGRESO-AV. CARABANCHEL ALTO),40.367476440513,-3.75362174180794,306163498,16.16393080390794,False
6925,Av. Machupichu - Machaquito-Florencio Castillo,40.4593723905026,-3.62680962163628,219458512,16.465107691380936,False
10752,Torquemada - Valdespina-Ctra. Canillas,40.4658495207227,-3.63981487974151,600189496,71.30853120864077,False
5648,Francisco Gervás O-E - Orense-Poeta Joan Maragall,40.4607818520947,-3.69303900414381,81466860,90.55333928368098,False
5783,Av. Buenos Aires - Arroyo del Olivar-Av. Palomeras,40.3879592288737,-3.65308299437178,562767287,28.842878739891965,False
5785,Av. Buenos Aires - Río Iguazú-Av. Palomeras,40.3859014248953,-3.65299802519334,306101927,18.16016533509064,False
5787,Av. Pablo Neruda - Lago San Martín-Av. Buenos Aires,40.3818742646723,-3.65130201929277,306214249,32.46912297357756,False
6172,Ledesma  - Ledesma-Francisco Villaespesa,40.4285272432019,-3.64667655197513,101042212,13.82157043315883,False
6272,Ricardo San Juan - Leira-Ctra. Canillas,40.4643679174765,-3.65288052716571,254357166,60.48545499148442,False
6265,Av. de los Andes - Mahonia-Mitra,40.4568665765541,-3.61858065307274,387774616,29.146728776701984,False
10346,Pegaso - Agustín Calvo-Ctra. Canillas,40.4637223817559,-3.64925444899784,353018007,20.72391655391345,False
4221,GASOMETRO S-N(Po ACACIAS-RONDA TOLEDO),40.4041760230074,-3.70805775450228,26494666,68.6658007310864,False
5288,ANTONIO LOPEZ O-E(BALEARES-MONTSERRAT),40.3964981900459,-3.71312811080291,305976652,46.59032230634921,False
5289,ANTONIO LÓPEZ E-O (ORGAZ-MONTSERRAT),40.3960953047931,-3.71214820215479,947044370,3.3961943799724783,False
5788,Av. Buenos Aires - Túnel Av. San Diego-Av. Pablo Neruda,40.380009225964,-3.65276335725001,316636066,10.91342082561013,False
5791,Av. Pablo Neruda - Guillermo Pingarrón-Av. Palomeras,40.3859515961812,-3.64645629284142,2611796009,20.595092396020224,False
10755,Emigrantes - Tribaldos-Ctra. Canillas,40.4663249127839,-3.63657731490726,286959358,82.2738213176112,False
5792,Av. Pablo Neruda - Leoneses-Av. Palomeras,40.3840745202041,-3.64761174214214,316635906,68.534786275022,False
3754,Av. Palomeras - Pedro Laborde-Av. Pablo Neruda,40.385336253466,-3.64772037477915,316629162,17.606350912089074,False
5793,Av. Pablo Neruda - Candilejas-Santos Inocentes,40.3816912503171,-3.6625466294295,248069521,61.17808577981712,False
5794,Candilejas - Pto. Balbarán-Av. Pablo Neruda,40.3816369035059,-3.66430724119817,307677793,32.10548949770978,False
5795,Av. San Diego - Vizconde de Arlessón-Candilejas,40.3828056134686,-3.66429714339006,316629565,11.498822740418413,False
6453,Arroyo Media Legua - Acceso O´Donnell,40.4140530270172,-3.6521805245465,1211291929,22.531805600193657,False
11128,Silvano - P.P. Liceo Frances - P.P. Cementerio,40.4605608423816,-3.64141315449471,221364665,141.4236395911184,True
4795,DR. TOLOSA LATOUR O-E(AV.CORDOBA-ANTONIO LOPEZ),40.3799890250338,-3.6961926920625,565516600,35.3787312519362,False
10571,AV. PORTUGAL O-E (FRUELA-PTA. DEL ANGEL),40.4140322517405,-3.73051364790472,305399714,61.404860486655195,False
5651,Orense N-S - Francisco Gervás-Sor Angela de la Cruz,40.4604628297681,-3.69414759110546,81466858,32.407903779984835,False
3755,Candilejas - Javier de Miguel-Av. San Diego,40.3835543870806,-3.66259625491817,1312336825,8.1972431282175,False
3774,Carlos Martínez de la Riva - Carlos Martín Álvarez-Javier de Miguel,40.3885758507819,-3.66448379930734,816940957,37.44053621438873,False
5807,Carlos Martín Álvarez - Javier de Miguel-Martínez de la Riva,40.3884191391704,-3.6642629131412,816940957,23.638662100830054,False
6173,Av. Daroca - Av. Daroca-Francisco Largo Caballero,40.4225218045103,-3.63826264160052,243074776,43.79386641781043,False
10997,Av. Machupichu - Silvano-Mota del Cuervo,40.4638138512556,-3.63528984207461,25931234,24.482952359997327,False
10998,Av. Machupichu - Mota del Cuervo-Silvano,40.4637845419604,-3.63545233453881,25931234,24.27019739822371,False
10146,Silvano - M-40-Haendel,40.4626143139403,-3.62474462069692,60644752,10.225854911680928,False
10973,PROLONGACION LOS YEBENES O-E(PSO. EXTREMADURA-VALMOJADO),40.398485948756,-3.75738407022625,10922502244,86.06320049835,False
6288,López de Hoyos - Solsona-Ángel Luis Herrán,40.4707247240451,-3.65081075250443,254996924,5.0325579111774585,False
6314,Virgen del Carmen - Totana-Ctra. Acceso Estación de Hortaleza,40.4734111947088,-3.65517582547296,263917164,28.103106685197705,False
6315,Monovar - Monovar-Ctra. Acceso Estación de Hortaleza,40.475235521991,-3.65617814948885,254359079,40.8424952781981,False
10585,(CARRIL BUS) AV. PESETA E-O(CUEVAS ALTAMIRA-PINAR SAN JOSE),40.3633730527903,-3.76197147799317,316449092,24.011675023795586,False
6319,Gregorio Sánchez Herráez - Las Carcavas-Gregorio Sánchez Herráez,40.4778407450334,-3.63609983166522,252160438,75.87788866180533,False
3790,Orense S-N - Huesca-San Germán,40.4575074259823,-3.69454099960231,81466855,31.64163139120991,False
5808,Javier de Miguel - Martínez de la Riva-Carlos Martín Álvarez,40.389067614618,-3.66437527675562,248001480,19.621720372865582,False
5809,Javier de Miguel - Martínez de la Riva-Carlos Martín Álvarez,40.3891411935076,-3.66432437312014,248001480,17.307822547678203,False
5810,Carlos Martín Álvarez - Martinez de la Riva-Javier de Miguel,40.3887910521527,-3.66408047972337,248001482,25.23031453417216,False
11183,Arroyo Belincoso - Dr. García Tapia - Camino Vinateros,40.4111226384028,-3.6521699482228,1849689859,84.03144822065332,False
6320,Gregorio Sánchez Herráez - Vía de los Poblados-M-40,40.4772013060698,-3.63750038959046,252160439,28.495976876434124,False
6322,Santa Virgilia - Santa Virgilia-Gregorio Sánchez Herráez,40.4763916420052,-3.64021159680217,253071569,21.044542516055646,False
11371,PM23163,40.4835607713106,-3.68094209756549,9823064711,75.46206561937137,False
6174,Av. Daroca  - Av. Daroca-Francisco Largo Caballero,40.423660124193,-3.64041635064035,25377841,11.148047195466281,False
6175,Francisco Largo Caballero - Av. Daroca-Nicolás Salmerón,40.4231174754761,-3.63693743494016,1325487064,77.41773623508274,False
10843,Gran Via de Hortaleza - Arroy del Quinto - Andres Obispo,40.467402487758,-3.65002977122459,355164160,18.74648877347933,False
10845,Gran Via de Hortaleza - Haiti- Grta. Fco. Fernandez Ordoñez,40.468344355217,-3.64716634588384,253114089,37.94432237668755,False
5141,Cº VIEJO DE LEGANES N-S,40.3784124369494,-3.73324758055879,1399790155,41.723987766392966,False
5653,Infanta Mercedes N-S - Oñate-Rosa Silva,40.4632738926962,-3.6938279358594,81507800,32.48448378635235,False
5654,Infanta Mercedes S-N - Pedro Villar-Pl.Angel Carbajo,40.4618358787747,-3.69524445133472,81507802,23.069225915550188,False
11523,Santos Inocentes 4-6 - Cleopatra y Avda. Pablo Neruda,40.3822207523497,-3.65969579825606,248069518,64.72701151894803,False
11524,Pablo Neruda 85 - Volver a Empezar-Cenicienta,40.3813428775835,-3.65836461228608,248069137,6.319210314569517,False
11525,Pablo Neruda 132 - Violetera-Cenicienta,40.3815088713138,-3.65634197941465,248069511,6.883295108262823,False
6323,Acceso M-40 - M-40-Gregorio Sánchez Herráez,40.4769020505089,-3.63881659854435,21282200,36.4126510419416,False
10753,Av. San Luis - Ramonet-Añastro,40.4713129939618,-3.6596706432021,254358926,15.17359714258223,False
5092,VIA LUSITANA O-E(Nº28-BRAGANZA),40.3830207170623,-3.7219319928517,2576298091,90.79494281264854,False
10510,VIA LUSITANA E-O Ø56 (PL. COIMBRA-FARO),40.3812698402293,-3.72483210868219,2510351729,49.24683536450723,False
6927,Av. Logroño  - Pajarones-Timón,40.4745253005413,-3.58239129995393,12269528859,30.901897318890036,False
9994,Jardines de Aranjuez - Jardines de Aranjuez-Paseo Alameda de Osuna,40.4539359173495,-3.60152938606075,21716406,14.963750696608368,False
6367,Hermanos de Pablo    - Alcalá-Germán Pérez Carrasco,40.4352580264177,-3.64436285374896,25531116,31.587426897211476,False
3786,Av. Badajoz - Torrelaguna-Martínez Villergas,40.4423756966852,-3.65388540751651,5435198335,41.146551440829434,False
5655,Rosario Pino E-O - Poeta Joan Maragall-Orense,40.4621675296656,-3.69249790667348,81468686,67.12579301249,False
5656,Francisco Gervás E-O - Poeta Joan Maragall-Orense,40.4608171625929,-3.6931342320357,81466860,82.09830843212825,False
6377,Salvador de Madariaga - Av. Badajoz-Verdaguer y García,40.4404135741862,-3.65707289822039,10928069699,28.20238584586211,False
5318,(TACTICO)AV. AVIACION O-N(GIRO A NAVALMORAL DE LA MATA),40.3750842546653,-3.77817288434383,310031789,14.151561647155805,False
5336,SAN FERMIN O-E (POPULAR MADRILEÑA-ANTEQUERA),40.3712272753653,-3.69296283047534,130093428,13.87357834413259,False
6386,Virgen de Loreto  - Av. Donostiarra-Virgen del Portillo,40.4348644743901,-3.65561966235818,2803360063,22.642540732703942,False
11528,Pablo Neruda 83 - Violetera-Viridiana,40.3813404680628,-3.65616555167919,248069141,8.63010858554755,False
11529,Pablo Neruda 118 - Viridiana-Tristana,40.3815016423237,-3.654197452883,306212822,9.091821822641634,False
11530,Viridiana 77 - Reina Africa-Pablo Neruda,40.3806285111691,-3.65516638774444,306212708,77.5104340671977,False
11531,Viridiana 12 - Cleopatra-Pablo Neruda,40.3822940862283,-3.6552012985434,306212707,86.57092308106243,False
7116,Av. Pablo Neruda - Av. Pablo Neruda-Av. Pablo Neruda (mediana),40.3814527430394,-3.66186594192749,248069521,9.737985582352513,False
5819,Av. Albufera - Payaso Fofó-Sierra de Cadi,40.393317433305,-3.65977381992857,248137292,27.05329026021303,False
4793,ANTONIO LOPEZ N-S(STA. Mª CABEZA-MARIBLANCA),40.3925462002295,-3.70499984496968,306033538,11.491646579214864,False
5284,MANUEL CARMONA N-S (ARMENGOT-GRAL RICARDOS),40.3962962028895,-3.71891323893085,950758028,20.219103345333814,False
6967,José del Hierro - Rosalia Trujillo-Doctor Vallejo,40.4397736899692,-3.64514275655606,244450456,44.181534619971515,False
10834,Condesa de Venadito - Agastia - Torrelaguna,40.444620683845,-3.65360046196707,8805201122,103.10733011772395,True
6388,Av. Canillejas a Vicálvaro - Alcalá-Néctar,40.4417596242384,-3.6158686785505,11805729268,2.198398598878651,False
6392,Av. Canillejas a Vicálvaro - Albaida-Hinojal,40.4334337942767,-3.61195988990312,25375457,62.63302398771428,False
5820,Av. Albufera - Sierra del Cadi-Josefa Díaz,40.393046692847,-3.65913916611982,1224768559,29.507864131038264,False
5828,Peña Prieta - Sierra de los Filabres-M-30,40.3987952996948,-3.6684637032958,343704291,11.363683428680314,False
5829,Av. Monte Igueldo - Antonia Calas-Pintora Ángeles Santos,40.3966309370733,-3.66813428262459,248136435,11.470591516322818,False
5832,Ntra. Señora Perpetuo Socorro - Puerto del Monasterio-Av. Albufera,40.3939321296522,-3.66186697016864,317587909,25.369660707357273,False
6142,Ascao  - Luis Ruíz-Emilio Ferrari,40.4310753890945,-3.6388594799868,100982826,25.50006235146014,False
10303,Av. Marqués de Corbera - Poeta Blas de Otero-San Vidal,40.4235433955245,-3.65481532891465,3156570386,48.455711200929386,False
6393,Av. Canillejas a Vicálvaro - María Sevilla Diago-J.Gª. Boutan,40.4305693010754,-3.61130561284534,13695190420,23.32173983440351,False
11370,PM33153,40.4813637987428,-3.68494200046874,25549913,56.77213749521784,False
5833,Sierra del Cadi - Arroyo del Olivar-Av. Albufera,40.392796769584,-3.66060329137369,248137291,10.725521909728249,False
1052,09NC51PM01,40.4036741890673,-3.66658885112785,388087148,65.93437063517003,False
6650,PM10341,40.4545233691274,-3.66342052337203,25925883,33.778944730483424,False
6651,PM10342,40.454416335785,-3.66371762444557,25925883,35.57083119572759,False
6652,PM10343,40.4544672462105,-3.6634958208658,25925883,28.96615429677803,False
6653,PM10344,40.4544635471248,-3.6635731152302,25925883,31.33993040265382,False
6960,ARROYO DEL MONTE S-N (GTA. IRENE GUTIERREZ CABA-GTA. GRACITA MORALES),40.4860821022672,-3.73192393118733,4676941671,95.99389269814986,False
6961,VALLE PINARES LLANOS S-N (MIRADOR DE LA REINA - AV. ARROYO DEL FRESNO),40.4860097358231,-3.72896046217864,387768487,20.768758584404228,False
9998,AV. CARDENAL HERRERA ORIA E-O (GAVILANES - ARROYOFRESNO),40.4769444480982,-3.73962603089282,339996582,8.449044010172754,False
6654,PM10401,40.4498377533932,-3.66268997613051,25925881,50.41528254022071,False
6655,PM10402,40.4498022873497,-3.66294816479109,25925881,63.81805665308969,False
11388,PM13181,40.4837546247626,-3.67751069656391,10908110531,11.247625796489242,False
9996,AV. CARDENAL HERRERA ORIA O-E (VEGAFRIA - ARROYOFRESNO),40.476950592263,-3.74241863373424,3461979256,52.48241736187406,False
10950,MANUEL FDEZ. CABALLERO S-N (VICENTE PARRA - PSO. QUINCE DE MAYO),40.3974689632931,-3.71881531188425,369076977,9.614102924472979,False
10949,PSO. QUINCE DE MAYO O-E(ANTONIO VICO-MANUEL FDEZ.CABALLERO),40.3981883258334,-3.71936063008307,306156729,18.705460497436587,False
10078,Puerto Rico N-S - Uruguay -Pl. Virgen Guadalupana,40.4527739756536,-3.67453073490926,102188256,114.2015439372437,True
3697,Alcala E-O - Lagasca-Pl. Independencia,40.4205640856164,-3.6861831625387,20953243,15.629707491095933,False
3413,AV.FEDERICO RUBIO N-S (ARANJUEZ - ALMANSA),40.4502991599116,-3.7094542796119,8398453282,12.448885862417848,False
5835,Payaso Fofó - Arroyo del Olivar-Av. Albufera,40.3923507577738,-3.65927784531075,4089880053,13.280325167204673,False
11390,Av. Albufera - Santiago Alió-Pedro Laborde,40.3899215165273,-3.64507643886999,31031187,42.49942223322405,False
5838,Av. Albufera - Av. Pablo Neruda-Santiago Alió,40.3894754537496,-3.6450181417407,31031187,10.884661669216557,False
6657,,40.4456655979041,-3.66155452451051,355637093,11.797650296504822,False
10264,,40.4455217726899,-3.66190760407443,355636543,15.70390801557525,False
5003,PSO. EXTREMADURA O-E(LAIN CALVO-SAAVEDRA FAJARDO),40.413888245396,-3.72611303704631,305396604,27.842629793486196,False
6659,,40.4456676168249,-3.66147754737569,355637093,9.922633823790958,False
10175,PM10471,40.4443438703316,-3.66055504055223,335670463,50.632673875006326,False
10265,PM10472,40.44427817443,-3.6607848678303,335670463,37.18396126551377,False
3488,PM10712,40.4217565815451,-3.65942038928967,3147825084,102.82982577584251,True
6668,PM10768,40.417722267223,-3.66006298243154,21473261,71.27384030654717,False
5658,Sor Angela de la Cruz O-E - Infanta Mercedes-Orense,40.4595976136607,-3.69547577924173,81480667,51.30710324858416,False
3428,Av. Rafael Alberti - Av. Albufera-Luis Buñuel,40.3865965425842,-3.64102071267519,562783866,67.52698600544906,False
10428,PSO. EXTREMADURA E-O(GUADARRAMA-SISEBUTO),40.4122609942359,-3.73239167366211,423497504,44.18517216473967,False
5853,Sierra de Javalambre - Francisco Iglesias-Av. Albufera,40.3979314475509,-3.66739146002878,260288215,13.526270415098766,False
5854,Av. Albufera - Sierra Carbonera-Ntra. Señora Perpetuo Socorro,40.3944119451694,-3.66173224635143,248137068,16.4148390128673,False
11376,PM13011,40.4847855899682,-3.69715289229193,25587659,10.566416225985561,False
6705,PM13014,40.4843516614636,-3.69794113576822,1137265017,19.360130918074095,False
3598,PM22721,40.4728785698373,-3.72898887600474,150878502,38.92018176461398,False
3599,PM22781,40.475230048664,-3.72251337828457,13507117239,67.83863879009608,False
5659,Sor Angela de la Cruz E-O - Poeta Joan Maragall-Orense,40.4592562418864,-3.69307539818941,81468689,92.23302993879147,False
4099,EMBAJADORES S-N(BRONCE -ANTRACITA)(TUNEL A 130MTS),40.3890873125068,-3.69169309052801,3304917529,30.77875332826234,False
4100,PASEO MOLINO E-O(LEGAZPI-EMBAJADORES),40.3900969397786,-3.69328341409269,2597137093,32.72928930815674,False
4565,MELCHOR FERNANDEZ ALMAGRO O-E(GINZO DE LIMIA-FINISTERRE),40.4770548654232,-3.70275226870755,25904621,44.5055911864971,False
3737,(TACTICO) SALIDA APARCAMIENTO PUBLICO HOSPITAL CARLOS III,40.4748448202876,-3.69748780124961,26205041,100.59267280682255,True
5096,EMBAJADORE N-S(JAIME EL CONQUISTADOR-DIVINO VALLES),40.3978436672246,-3.69728617370673,1624211578,55.30844799673027,False
11492,14RE44PM01,40.3953310975688,-3.70628435429049,306039731,38.5200987917611,False
11501,08VA55PM03,40.4043938570402,-3.65325506952194,298011033,19.23781049172556,False
11493,14RL27PM01,40.3940962042413,-3.70392462283529,21724016,67.02788682094695,False
11502,08VA55PM02,40.4044480439503,-3.65318134831101,298011033,18.077277399952514,False
11503,08VA55PM01,40.4045051958255,-3.6531115632782,298011033,20.42443649986507,False
11486,16NC57PM01,40.4042894635883,-3.72216982130143,21723907,98.80439406113543,False
11494,14RM10PM01,40.3952202284036,-3.70243427442587,249397480,84.93238178756657,False
11496,15RU04PM01,40.3973147521905,-3.71307000022688,315244935,37.874462756636426,False
5857,Av. Albufera - Sierra Faladora-Adra,40.3912355928133,-3.65076521173719,307644015,14.368285836669251,False
11205,(MICRO) DR. ESQUERDO N-S(DELANTE GRUPO 1 SALIDA),40.4176699623419,-3.66934549096371,21627172,9.094239312500505,False
11383,PM12471x,40.467851205324,-3.7495669884901,42385442,91.63473149649175,False
11386,PM13042,40.4852976645417,-3.69483923910985,135822766,82.81107106041068,False
6860,15RR60PM03,40.4002525602445,-3.71215219136937,26514676,38.09970098127647,False
6861,15RR60PM02,40.4002057619175,-3.71219431008704,26514676,39.053588780169946,False
7118,14NC71PM01,40.3973675256122,-3.71023875822992,2136384930,33.4973737317747,False
10792,SAN BASILIO N-S(MAMERTO LOPEZ-CRISTO VICTORIA),40.3793159456183,-3.70769496964784,306031849,23.336730707136503,False
11364,PM43012V,40.4883484125323,-3.69784054349939,25587644,11.991787571291125,False
11418,TACTICO-Juan Antonio Samaranch Acc. Aparcamiento,40.4839261094084,-3.61636088686592,965442277,18.19756058138728,False
11419,TACTICO-Juan Antonio Samaranch Salida Aparcamiento,40.4840118861017,-3.61604960986335,965442252,22.083400599832515,False
6818,PM13188,40.4838215356697,-3.67755473429429,10908110531,10.381601852651988,False
5858,Av. Albufera - Pedro Laborde-Adra,40.3911105577473,-3.64885272921155,317567808,25.724184482581826,False
6326,Acceso M-40 - M-40-Gregorio Sánchez Herráez,40.4769027483499,-3.63874899589394,21282200,32.97243739218609,False
6108,C/. Golfo de Salónica  - Espliego-San Luis,40.4750060229514,-3.66547127667882,26747737,22.484856798952162,False
11485,16NC08PM01,40.4005537418659,-3.72027437115717,306157290,98.63300486831429,False
11490,14NL78PM02,40.3963371778936,-3.70688766121551,343318080,52.5496675436003,False
11499,10TC93PM01,40.3996644835437,-3.648072934167,4558943389,38.23095438701893,False
11497,15RX52PM01,40.400722573682,-3.7200260962891,6977616158,120.2880262978433,True
11487,17XC52PM01,40.4113849140457,-3.72309179023753,315522686,12.036884895461354,False
11500,10TC21PM01,40.4045177909465,-3.65352589475836,298011033,15.847727463531752,False
11495,14RN16PM01,40.3924767630382,-3.70733867352629,816440353,26.8215583049558,False
11506,07VA85PM01,40.399778868746,-3.64791773640928,4558943389,25.787811943298586,False
11505,07VA85PM02,40.399723202559,-3.64798948894529,4558943389,30.811156027353896,False
5859,Av. Albufera - Adra-Sierra Faladora,40.391248500908,-3.65041454244036,307644015,43.27190210526134,False
9840,Av. Albufera - Pedro Callejo-Pedro Laborde,40.3907247631508,-3.64786344198357,31031201,5.322525964441687,False
6394,Av. Canillejas a Vicálvaro - Rusia-Av. Guadalajara,40.4235979050994,-3.61152435560459,5205117131,55.328172225343216,False
5660,San Germán E-O - Poeta Joan Maragall-Orense,40.4563170673391,-3.6933334639901,81468695,90.6075208101316,False
11491,14RA10PM01,40.3950738792484,-3.70225919867468,1674022623,87.2355137102763,False
6395,Av. Canillejas a Vicálvaro - Av. Guadalajara-Suecia,40.4222467028161,-3.61142330466231,3220663545,53.73808025150327,False
5661,Pedro Teixeira E-O - Av.del Brasil-Orense,40.455094906759,-3.69392769031104,81466852,70.68774668437328,False
4101,EMBAJADORES N-S(BOLIVAR-PASEO MOLINO),40.3908295843052,-3.69276358959872,616237618,49.54415053880088,False
3667,San Germán O-E - Lazaga-Infanta Mercedes,40.4568563063127,-3.69874782780494,81478203,13.471919097365085,False
3668,San Germán O-E - Gral.Ramírez de Madrid-Gral.Cabrera,40.4564725436335,-3.69669788403585,81478198,20.316753455493973,False
4552,AV. BETANZOS N-S(MELCHOR FERNANDEZ ALMAGRO-CHANTADA),40.4739668006386,-3.71157739882944,26202146,67.48636127135842,False
5100,OCA ENTRE BERNARDINA ARANGUREN Y TINTAS SENTIDO O-E,40.3886099399622,-3.741168572275,21776021,11.783319957506759,False
5127,GUABAIRO N-S(NTR.SRA FATIMA-NTR.SRA LUZ),40.3851491643745,-3.74620776999774,21759757,13.571028842116647,False
6947,Av. Albufera - Santiago Alió-Pedro Laborde,40.3899059256286,-3.64516351506462,31031187,40.85781625659773,False
11462,Luis Buñuel 14 - Gerardo Diego-Rafael Alberti,40.3866097484903,-3.64267972655747,316635668,25.160079347219966,False
11475,Cerro Negro 4 - Játiva-Gandía,40.3974551029065,-3.67092088954379,248915388,22.57090978625554,False
11476,Cerro Negro 2 - Gandía-Ciudad Barcelona,40.3981094908333,-3.67030346234994,567494404,33.678649614580536,False
5927,Virgen de la Alegria - Virgen de la Alegría- Alcalá,40.4323554195809,-3.65871445051091,109900045,57.887233142163225,False
5928,Av. Daroca  - Virgen de la Alegría-Ricardo Ortega,40.4310246996268,-3.65848840850095,307998851,74.38514601650829,False
5663,Julián Besteiro S-N - Pedro Teixeira-San Germán,40.4557249729444,-3.69529910259233,81477265,62.13258431822533,False
3739,"(AFOROS) LOPEZ DE HOYOS,86 O-E(QUINTILIANO-CARTAGENA)",40.4421980067468,-3.67689035141972,143664076,18.817718793337775,False
4903,VALMOJADO ENTRE YEBENES Y SESEÑA,40.3977409359772,-3.75673509038681,21759770,31.232485772476743,False
3740,(AFOROS) LOPEZ DE HOYOS E-O(CARTAGENA-JOSEP PLA),40.442588067909,-3.67628889125087,29596774,39.241596594444886,False
5930,Ricardo Ortíz - Cyesa-Av. Daroca,40.430202860816,-3.65774406627435,307998736,20.11651135421288,False
5934,Lago Constanza  - Lago Constanza-Alcalá,40.4325922619514,-3.64784165393335,101023775,60.27047456075466,False
6151,Poeta Blas de Otero - Poeta Blas de Otero-Av. Marqués de Corbera,40.4218850203145,-3.65519145862165,306528030,21.252240096894173,False
10448,Francisco Villaespesa  - (Lago Constanza-S. Barbadillo),40.429113224281,-3.64565299551741,3260055615,17.033509347364,False
10452,Francisco Villaespesa - Ezequiel Solana-Salas de Barbadillo,40.4293629803609,-3.64436368922828,101045460,19.834759053346023,False
10451,Francisco Villaespesa - Ezequiel Solana-Berastegui,40.4293961490478,-3.64338189150066,3260073275,12.245493398964847,False
6923,San Cipriano - Efigencia-Caños San Pedro,40.403851128346,-3.6012930828275,307534056,20.82739341037454,False
5664,Infanta Mercedes S-N - San Enrique-San Germán,40.4560200722768,-3.69828033847965,81577762,22.27924124298996,False
5665,Infanta Mercedes S-N - San Germán-Huesca,40.4570767794389,-3.69786794963055,81478202,42.3720773759712,False
5666,Infanta Mercedes N-S - Pensamiento-Alonso Castrillo,40.4586949900182,-3.69721081911956,81507805,34.59963628265204,False
5667,Infanta Mercedes N-S - Huesca-San Germán,40.4574698670865,-3.69774967297601,81507806,61.95877119028021,False
6200,Av. Daroca  - Camino Viejo de Vicálvaro-Calahorra,40.4051242631793,-3.61128437148243,11273442392,57.029906835710825,False
6201,Av. Daroca - Calahorra-Camino Viejo de Vicálvaro,40.4050412678947,-3.61123198212738,11273442392,56.287439089908254,False
6202,Camino Viejo de Vicálvaro - Calahorra-San Cipriano,40.4042415109179,-3.61076675068142,306046849,63.664951932366435,False
6203,San Cipriano - Villalmanzo-Lago Van,40.4040967932307,-3.60731447439598,307532693,7.7027812751205555,False
3782,Paseo Artilleros - Casalarreina-Calahorra,40.4085225226015,-3.60962545256271,1147282521,39.934460866430285,False
3783,Av. Vicálvaro a Canillejas - Av. Vicálvaro a Canillejas-Pl. Vicalvarada,40.4108077778316,-3.60996214771949,316047038,101.11023186052404,True
10793,DANZA N-S(SINFONIA-AV. AVIACION),40.3738898559824,-3.77336600750935,1838660061,32.63193386342662,False
11377,PM13187,40.4838884532551,-3.67752797790922,10908110531,9.807262318152194,False
11447,Pº EXTREMADURA O-E(CARAMUEL-Pº ERMITA)(CARRIL ABIERTO),40.4139387405058,-3.72595526258371,305396604,13.584257996153521,False
5975,Hermanos García Noblejas - Pl. Orotava-Santo Domingo Savio,40.4320948132639,-3.63391265588299,1536618128,2.5052127963807482,False
11449,PTE. SEGOVIA E-O(GIRO CALLE 30),40.4140656788348,-3.7229333160466,26480825,107.26854113978148,True
5978,Hermanos García Noblejas - Castillo de Arévalo-Castropol,40.4282699852325,-3.63097049684938,3274845906,35.9418443044096,False
5980,Hermanos García Noblejas - Arcentales-Castillo de Uclés,40.4252283591159,-3.62873324644672,3259658488,19.540456200700977,False
5981,Hermanos García Noblejas - Francisco Largo Caballero-Pepe Ysbert,40.4234154923568,-3.62762806173763,1325487087,24.977390866523454,False
5982,Hermanos García Noblejas - Pobladura del Vallle-Villaescusa,40.4213637989932,-3.62615536243039,24969303,15.19588237649718,False
5983,Hermanos García Noblejas - Pl. Alsacia-Pobladura del Valle,40.4195105421874,-3.62461855448767,24968034,15.9791997719164,False
5984,Hermanos García Noblejas - Idioma Esperanto-Pl. Alsacia,40.4191632697638,-3.62452386309266,24968034,40.831118529158246,False
6396,Av. Canillejas a Vicálvaro - M-40-Suecia,40.4202768128052,-3.61108422242134,21993886,67.20489045508675,False
6263,Machaquito - Machaquito-Av. Machupichu,40.4576251323101,-3.6262608306478,219489683,23.49985247627314,False
6401,Av. Canillejas a Vicálvaro - Av. Arcentales-Etruria,40.4350170343787,-3.61226681006832,21992360,40.58892221564803,False
5668,Huesca E-O - Hermano Gárate-Infanta Mercedes,40.4579543239415,-3.69697289370444,81570925,13.059875371547502,False
5669,Rosario Pino O-E - Poeta Joan Maragall-PºCastellana,40.462045942317,-3.69123181129443,81468686,40.86796139755316,False
6225,Ctra. Canillas - Javier Quinto-Torquemada,40.4652418676058,-3.64039021204721,219356428,39.90924407110589,False
6226,Ctra. Canillas - Torquemada-Javier Quinto,40.4652966706499,-3.64045813198633,219356428,35.78132854189662,False
6242,Ulises - Ulises-Asura,40.4563672991587,-3.65530403802991,1862248776,85.93361156276434,False
6243,Silvano - Ángel Cavero-Moscatelar,40.4563797663507,-3.64503692238671,224165750,51.15437898631762,False
6246,Peonias - Peonias- Pl. Yucatan,40.4506651238154,-3.62509429462974,251564308,91.46703662941236,False
6256,Ctra. Canillas - Matapozuelos-Pegaso,40.4628953427817,-3.6498699643908,219356411,11.843185456749396,False
6258,Ctra. Canillas - Utrillas-Servator,40.4633662081626,-3.64674444230651,353005139,4.548265290818877,False
6259,Ctra. Canillas - Servator-Pegaso,40.4630595545746,-3.64839536206444,253114554,8.386944551502214,False
5670,Sor Angela de la Cruz O-E - Poeta Joan Maragall-Pl.Cuzco,40.4590924238141,-3.69171588998271,81468691,23.88803739390376,False
5074,Av. Ciudad Barcelona O-E - Alberche-Pedro Bosch,40.4017692787184,-3.67590459895376,2538832014,17.563779229212972,False
3502,CARTAGENA S-N(AV.TOREROS-MARTINEZ IZQUIERDO),40.4322144238665,-3.67048754034315,1537861047,35.10561891827981,False
6018,Arturo Soria - Ramírez de Arellano-Emilio Vargas,40.4498427860289,-3.65165223095178,100955668,15.979181593046269,False
6022,Arturo Soria   - Angelita Cavero-Josefa Valcárcel,40.4468422223848,-3.64886901719487,243522599,16.900958073622757,False
6033,Hernández de Tejada  - Hernández de Tejada-Arturo Soria,40.4472035175597,-3.65082768272727,100960614,85.31824739373334,False
6034,López de Hoyos  - Mesena-Ctra. Canillas,40.4620444950716,-3.65866274179752,253115710,8.29863419275658,False
6035,Ctra. Canillas - Ctra. Canillas-López de Hoyos,40.4631619545632,-3.65685585024955,253624533,11.188723246149006,False
6036,López de Hoyos - López de Hoyos-Ctra. Canillas,40.4642789654533,-3.65681813994594,253115511,88.22231119090556,False
6037,José del Hierro  - José del Hierro-Arturo Soria,40.4411299952008,-3.64180590551504,243073897,35.86404395689716,False
6402,Av. Canillejas a Vicálvaro - Etruria-Canal de Bósforo,40.4388906080781,-3.6141808888353,84905786,3.088062546211836,False
6404,Av. Arcentales - Albadalejo-Av. Canillejas a Vicálvaro,40.4348495134471,-3.61039252076469,84905677,42.47224500109584,False
6406,María Sevilla Odiago - Niza-Av. Canillejas a Vicálvaro,40.4327912299753,-3.61091784236402,2066494762,12.582825789361111,False
6407,Arcos de Jalón - Pobladura del Valle-Juli García Boutan,40.4281837893563,-3.61164718428018,21991304,27.39877063231944,False
6408,Av. Guadalajara  - Rumania-Marsella,40.4231026700279,-3.61045024419101,21472177,12.373801089308358,False
5671,Infanta Mercedes N-S - Francisco Gervás- Sor Angela de la Cruz,40.4606256050811,-3.69637613578318,81507803,18.800096219270742,False
5672,Infanta Mercedes S-N - Pensamiento-Sor Angela de la Cruz,40.4595275866607,-3.69678205138757,81571719,17.321813746078455,False
11118,Dr. Esquerdo S-N - Av. Ciudad Barcelona-Andalucia,40.4016224255954,-3.67441768184066,30904523,39.07448567844111,False
11117,Pedro Bosch S-N - Méndez Alvaro-Av. Ciudad Barcelona,40.4003812595939,-3.67551484109774,248915201,82.15586580234462,False
6040,Torrelaguna  - Sorzano-Acceso M30,40.4510183564609,-3.65947519202028,253115782,6.623467923543997,False
6042,José Silva  - Agastia-Torrelaguna,40.4544734821131,-3.65918846960081,253116038,28.920108179511146,False
10111,Lopez de Hoyos - Arturo Soria - Asura,40.4604472132992,-3.65937503288154,219514161,99.69046073126005,False
10113,Arturo Soria - Luis Carlos Vazquez - Ulises,40.4548489165373,-3.65556394589747,100963140,2.539825718644576,False
6274,Francisco Mosqueda - Ramón Power-Silvano,40.4633153636185,-3.62806537092329,60644367,24.667569983528406,False
6415,Rumanía - Suecia-Av. Guadalajara,40.4221257207298,-3.60969174444521,21472178,35.46403693131815,False
9865,Av. Guadalajara - Austria-San Marino,40.4234355284726,-3.60953545476009,21991227,3.3035464833264006,False
10730,Av. Guadalajara - San Román del Valle-Pl. Alsacia,40.4188788946935,-3.62205995969877,20962947,117.35844812852682,True
5673,Sor Angela de la Cruz E-O - Orense-Iinfanta Mercedes,40.4596347260474,-3.69512390926993,11227229112,32.8262352785066,False
10439,Sorzano - San Nemesio - Torrelaguna,40.4514037632646,-3.65821732585658,254356624,58.344147888674165,False
10727,Aquitania - Sarre-Toscana,40.4205243968212,-3.61304320877961,21994430,6.0456764167217205,False
6924,Av. Machupichu - Pl. Manuel Rodrigo-Antonio Larrazabal,40.4607175951534,-3.63113038038421,60644296,71.4309672425814,False
6926,Ribera del Loira - Ribera del Sena-Av. Consejo de Europa,40.4602282254601,-3.6176361287522,252104443,127.27427914054168,True
10624,Luis Aragonés - San Venancio - San Hilario,40.4468165871454,-3.60555878815039,1298911728,49.73396989718027,False
10623,Luis Aragonés - Acceso M40 - San Hilario,40.4457890587812,-3.60485755150528,4545703348,27.08744941157221,False
11302,Julia Garcia Boutan 3 - Calatorao-Ainsa,40.4297412656903,-3.6097829867774,1597600738,2.9762160636389012,False
11315,Av. Canillejas a Vicálvaro 149 - Rusia-Butrón,40.4244070965174,-3.61149771518214,21991729,34.56638018083325,False
11319,Av Canillejas a Vicalvaro - Pobladura del Valle-Arcos del Jalón,40.4278272274161,-3.6112328271119,21991369,53.56675175798359,False
6416,Canal de Bósforo - Nicolasa Gómez-Av. Canillejas a Vicálvaro,40.4395645160137,-3.61437470316386,84905799,15.043981951057201,False
6417,Julián Camarillo - Albadalejo-Av. Canillejas a Vicálvaro,40.4393639448382,-3.61482742577264,31067017,22.392730806358415,False
6419,Av. Canillejas a Vicálvaro a Suecia - Aquitania-Av. Guadalajara,40.4214225631373,-3.61128395024207,20962903,23.727737060276187,False
6071,Arturo Soria - Briviesca-Caleruega,40.4805363305765,-3.66697623548659,2027208868,17.254748816842504,False
6073,Ramonet - Mesena-Arturo Soria,40.469064063763,-3.66570288965779,100964059,75.15308815037508,False
6077,Av. San Luis  - Golfo de Salonica-Arturo Soria,40.4754058443368,-3.66744882183366,3216358575,12.365326648819975,False
10758,Francisco Mosqueda  - Ramón Power-Silvano,40.4628467425673,-3.62807619673904,456731944,22.612122783079567,False
6275,Silvano - Liceo-Alcorisa,40.4615337049803,-3.63999451891709,3160412407,24.820085521623543,False
6495,Fuente Carrantona 28 N-S - Pl. Alsacia-Av. Daroca,40.4167508856612,-3.62580807869185,21993906,99.14603891262422,False
6669,PM10766,40.4174680826256,-3.66034378793007,21473261,100.69907177565649,True
3611,PM10765,40.4175671879123,-3.66025137023542,21473261,89.95639247636244,False
3815,PM10831,40.4141122419142,-3.66106750944169,150987078,86.63522113906384,False
6690,PM12061,40.4320802232476,-3.73749938011739,1269959867,37.55909058679231,False
3751,Sor Angela de la Cruz O-E(Lateral) - Bravo Murillo-Infanta Mercedes,40.4601871383667,-3.69732780880346,353299296,63.69939220401286,False
5675,San Germán O-E - Poeta Joan Maragall-PºCastellana,40.456202583415,-3.691981447949,81468695,24.55737157897346,False
6069,Arturo Soria  - Cultura-Caleruega,40.4782105865927,-3.66886340758588,269978277,4.11008786325563,False
6070,Arturo Soria  - Cultura-Dalia,40.4791687711302,-3.66813794850331,270131248,15.088450564802082,False
6080,Av. San Luis  - Julio Danvila-Cuevas de Almanzora,40.4730945731127,-3.6629273531025,1492770597,12.43305135204944,False
6276,Ángel Cavero - Milán-Silvano,40.4553506180537,-3.64652563054437,219495141,30.13340838224782,False
6717,PM20231,40.4665210142072,-3.66824432784873,360627869,24.556251716715842,False
6719,PM20233,40.4665290017551,-3.66806181277407,360627869,21.851398059574,False
6277,Sotillo - Sotillo-Av. Madroños,40.4568011464143,-3.63709898030452,219537453,22.86097594420505,False
6278,Sotillo - Sotillo-Av. Madroños,40.4572428874963,-3.6371797137164,219537453,26.7740440269834,False
6720,PM20261,40.4619821734381,-3.6657695380009,1775159852,63.1202061495474,False
6742,PM20776,40.417148945316,-3.65794311257513,6354380808,45.771533678918324,False
6764,PM21236,40.3816242505533,-3.68797489200972,367048343,23.496820169172963,False
3531,PM21307,40.3837776151684,-3.69251560107347,306153926,22.846018144461517,False
6279,Av. Machupichu - Av. Piceas-Av. Papa Negro,40.4572390158575,-3.62451955235145,60644303,10.305049519627756,False
6283,Av. de los Andes - Av. de los Andes-Boj,40.4558672163159,-3.61945313937264,254320122,15.554401196874327,False
6284,Añil - Hipercor-Av. de los Andes,40.4570344179733,-3.61774365584245,25708735,25.94077205509877,False
3532,PM21941,40.4245839319789,-3.73079019744377,26080649,50.47173465420369,False
3948,Maria Molina O-E - Claudio Coello-Lagasca,40.4376816695782,-3.68503421333714,100890243,14.411823188290914,False
6084,Condado Treviño - Av. San Luis-M-30,40.4794382897049,-3.67127020857102,269965816,19.796268563614618,False
6085,Av. San Luis  - Arturo Soria-Mesena,40.475304241398,-3.66733601354765,3216358575,6.843552002739311,False
6086,Av. San Luis  - Eladio López Vilches-Mesena,40.4743637255958,-3.66407362875954,221342520,29.202346324606147,False
3539,PM30462,40.4441523829478,-3.65906221954291,255321938,30.619628370281124,False
3536,PM30471,40.4416917009014,-3.65875427395785,25926439,45.18886575194143,False
6795,,40.3993714905254,-3.76409351501746,13367803130,43.59835758137791,False
10292,(TACTICO) LEZAMA E-O (LLODIO - SALCEDO),40.4906287154705,-3.69205563317386,79298873,16.23258209734029,False
7015,PM43223,40.4849110333985,-3.67226385190935,8418541718,30.793112450274414,False
5678,Infanta Mercedes S-N - Sor Angela de la Cruz-Francisco Gervás,40.4606485340109,-3.69629890415756,81507803,13.684732999837552,False
10266,PM10578,40.4347825213635,-3.66042259020016,1275004788,28.563247383379238,False
5679,Francisco Gervás E-O - Orense-Infanta Mercedes,40.4609549118252,-3.69439079337372,81466860,25.664033753894202,False
3959,Velazquez S-N - General Oraa-Maria Molina,40.4362655025405,-3.68324956522502,2351032617,13.013432553464217,False
6083,Condado Treviño - M-30 y Av. San Luis,40.4788604973837,-3.67296063073045,286219087,13.4331107698904,False
11136,Caleruega - Pje. Caleruega - Condado Treviño,40.4801384405469,-3.67123470952721,269971034,20.72457123421426,False
3642,Colombia E-O - Chile-Principe de Vergara,40.4571095102359,-3.67598787407603,119806747,9.280109813632514,False
5587,(AFOROS)Costa Rica  E-O(Túnel) - Pl.José Mª Soler-Paraguay,40.4587530288897,-3.66971147134356,98970998,33.563371524149176,False
3744,Costa Rica E-O - Paraguay-Puerto Rico,40.4585080107093,-3.67234939288758,98971002,31.33033184067261,False
6981,Costa Rica O-E(Túnel) - Principe de Vergara-Puerto Rico,40.4585275337,-3.6758390682664,320703120,11.290200500142092,False
6289,López de Hoyos - Solsona-Valdetorres,40.4717135356454,-3.64988236052741,253619440,37.94346749641517,False
6420,Fuente Carrantona  - José Bergamín-M-23,40.4114610458341,-3.6292593551685,25377808,110.48269794389475,True
6421,Fuente Carrantona - Paular-Av. Doctor García Tapia,40.4090126348102,-3.6305716273521,21067879,22.85956030534151,False
6427,Av. Pablo Neruda - Andaluces-San Claudio,40.3914508648633,-3.6422824814322,306102507,38.86162888068001,False
6100,Arturo Soria  - Emeterio Castaños-Manuel Uribe,40.4635944078072,-3.66510124191258,100964047,23.02583029845793,False
6102,Mesena - Manuel Uribe-Añastro,40.4668474624708,-3.6632390909096,285909617,16.890790514522,False
6103,Mesena  - Ramonet-Añastro,40.4681655439812,-3.66365321605911,285911800,17.76615925160496,False
10109,Salida a M-11 E-O  - (Dulce Chacón-M-11),40.4841533795685,-3.66360139279992,290829705,32.0076435938613,False
5582,Alberto Alcocer E-O(Túnel) - Bolivia-Víctor Andrés Belaunde,40.4586839838404,-3.67841341682249,320706075,54.951717196361784,False
9991,"Poeta Joan Maragall, 55  - Rosario Pino -Estebanez Calderon",40.4628223671563,-3.69164077646764,81468686,80.18696343441151,False
6306,Mar Negro - Mar Menor-Mar de las Antillas,40.4738614841701,-3.64449836973388,253077387,64.3560403073232,False
6307,Mar de las Antillas - Mar Menor-Mar Caspio,40.4749170451227,-3.64577946881101,253075713,30.595049508674826,False
3805,Av. Pablo Neruda S-N(Puente) - Miguel Hernández-Arroyo Fontarrón,40.3944216447189,-3.64002902511582,29275127,40.48268643248511,False
6429,Fuente Carrantona - Encomienda de Palacios-Hacienda de Pavones,40.4001473033689,-3.63664217710532,307997452,79.99157458419764,False
6115,Camino Vinateros - Arroyo de la Media Legua-Cdor Diego Valderrábano,40.4106321282458,-3.65687221643164,1594653600,53.17084085182677,False
6116,Camino Vinateros - Av. Moratalaz-Marroquina,40.4083216859955,-3.64621686933575,1867500932,33.610499780910175,False
3660,Mar Caspio - Mar de las Antillas-Felipe Herranz,40.4735732857736,-3.64779309934729,253616704,8.204864917622801,False
6291,Santa Susana - Santa Susana-Mar de las Antillas,40.476507289184,-3.6466400081204,3605293538,67.2656855456487,False
9845,Av. San Luis - Julio Dánvila-Ctra. Acceso Estación de Hortaleza,40.4713426427982,-3.65964517838053,254358926,15.347937730650086,False
6301,Ctra. Acceso Estación de Hortaleza - Virgen del Carmen-Monovar,40.4741779295437,-3.65572286250211,254968745,7.0471407330094875,False
5687,Bravo Murillo S-N - Maria Zayas- Lope de Haro,40.4583491341398,-3.70085439033746,26412838,18.00824478433397,False
4049,Dr.Esquerdo N-S - Jorge Juan - Duque de Sesto,40.4228169061096,-3.66899821257803,13078840507,8.719818457354728,False
3873,AV. MEDITERRANEO O-E(SANCHEZ BARCAIZTEGUI-PL. CONDE CASAL),40.4068168808879,-3.67223153180805,431874348,8.544146193343742,False
3875,ALCALDE SAINZ BARANDA E-O(VAQUERIAS-LOZOYA),40.4175361251334,-3.66716428075936,150556415,72.63318897695243,False
3876,ALCALDE SAINZ BARANDA O-E(LOZOYA-ESPLANDIU),40.4175135582745,-3.6670751650586,150556415,77.8939711295783,False
10983,AV.NAZARET E-O (DR.ESQUERDO -JESUS APRENDIZ),40.4114362901407,-3.67019970368919,151023115,25.188487874824546,False
3563,(TACTICO) ALCALDE SAINZ BARANDA E-O(GIRO IZQ. A ESPLANDIU),40.4184532267751,-3.66580621028062,150555781,8.801920929739657,False
6126,Camino Vinateros - M-30-Manuel Machado,40.4107298559913,-3.6598101694155,1594628283,5.468835481524626,False
6131,Acceso Vía Servicio A-3 - El Bosco-A-3,40.4044724833019,-3.65447909099091,260288128,11.39410906184633,False
6963,MONASTERIO SUSO Y YUSO E-O(AV. MONTECARMELO-MONASTERIO LIÉBANA),40.503140867035,-3.69655460605415,264979496,89.77435097979121,False
6305,Mar Caspio - Felipe Herranz-Mar de las Antillas,40.4737137198847,-3.64651212746165,964658898,56.489986512108906,False
9946,Camino Vinateros - Arroyo Belincoso-Arroyo Media Legua,40.4106673763125,-3.65396956576749,1594639831,8.40984446265059,False
9953,Corregidor Diego Valderrabano - Alfredo Brañas-Dr. Garcia Tapia,40.4127238606123,-3.65796731883795,7975005701,34.70489959732225,False
6430,Fuente Carrantona  - Hacienda de Pavones-Luis de Hoyos Sainz,40.4026579110058,-3.63495187717583,352946125,93.76923488968303,False
11380,PM23183,40.4839800081891,-3.67772822653092,10904763519,9.439206431874837,False
9954,Doctor García Tapia - Arroyo Media Legua-Félix Rodriguez,40.4130633806828,-3.65608785505167,7975005707,81.06848637937708,False
9949,Av. Moratalaz O-E - Arroyo Media Legua-Arroyo Pilillas,40.4064813141634,-3.65629828901023,1258603496,111.82201930754583,True
10749,Camino Vinateros - M-30-Corregidor Diego Valerrabano,40.4106813308769,-3.66040435022403,1594628283,46.608042264898124,False
3648,Salida Cementerio - Cementerio-Av. Daroca,40.4260111432731,-3.64543551806178,3161628115,37.71820979669283,False
6160,Lago Constanza - Arriaga-Av. Daroca,40.4271867241772,-3.6456063371387,101011049,9.375003453619723,False
6161,José María Pereda  - Servando Batanero-Francisco Villaespesa,40.4294081799713,-3.6477549783747,101023780,22.964099083118057,False
5688,Bravo Murillo S-N - San Germán-Huesca,40.4579248960017,-3.70108224020632,26412839,12.07275522885854,False
3891,Av. Ciudad Barcelona E-O - Gutenberg-Julian Gayarre,40.4047158645819,-3.68192608293403,30922076,11.72835389725524,False
3894,Av. Ciudad Barcelona E-O - Juan Urbieta-Comercio,40.4039657074876,-3.68003856144582,2538832020,9.543182346091498,False
5073,(AFOROS) Av. Ciudad Barcelona E-O - Catalina Suarez-Dr. Esquerdo,40.4005637313147,-3.67346804560563,248915084,73.8922150929263,False
3896,Seco S-N - Gandia - Av. Ciudad Barcelona,40.3990323925113,-3.67196447607973,249089349,47.713424408528304,False
3897,(TACTICO) Comercio N-S - Av Ciudad Barcelona -Tellez( Giro Izqd.),40.4034278359937,-3.68148563267219,29563301,18.42899933677433,False
3898,Comercio S-N - Av. Ciudad Barcelona-Tellez,40.4036119088063,-3.68131598239669,29563301,42.93940583570857,False
3649,Ezequiel Solana  - Ezequiel Solana-Francisco Villaespesa,40.4287750328922,-3.64341747930407,100987236,7.583383512896809,False
6169,Francisco Rioja - Francisco Rioja-Luis Ruíz,40.4300592118363,-3.63870593058616,100967352,40.01629491762405,False
6353,Jardines de Aranjuez - Paseo Alameda de Osuna-Av. Logroño,40.4538689327908,-3.60388780203042,254205915,10.762852744147198,False
6431,Fuente Carrantona  - Mario Cabré-Av. Doctor García Tapia,40.4065630105189,-3.63201382268294,25377795,101.92949906648776,True
6499,Dr. García Tapia 218 O-E - Fuente Carrantona-La Riviera,40.4072573473174,-3.63004671616642,25377798,71.2343205731572,False
5689,Bravo Murillo S-N - Huesca-Pensamiento,40.4590907306169,-3.69993124391713,26412822,10.570573142720212,False
3906,Garibay E-O - Adelfas- Dr. Esquerdo,40.4039142629953,-3.67154457734349,29739763,14.025829265946554,False
3907,Cavanilles O-E - Sanchez Barcaiztegui-Dr. Esquerdo,40.4046354032793,-3.67310417817756,29564841,72.72700528046221,False
3908,Cavanilles E-O - Abtao-Juan Urbieta,40.4059825603449,-3.67577145627602,340172029,22.91919329602156,False
9981,ALDE. SAINZ DE BARANDA O-E(JUAN ESPLANDIU-T.V.E),40.4210521905457,-3.66354208042638,150553827,43.88831633192802,False
6345,Cartago - Cartago-A-2,40.4486290249091,-3.60838433682682,88054590,12.523550612569133,False
9838,Bahía de Cádiz - Bahía de Mahón-Av. Logroño,40.461247107741,-3.59388644912999,1687504614,17.911391442576505,False
9839,Planeta - Av. General-Av. Logroño,40.4705674501952,-3.58071342811738,1689119977,10.987175575045825,False
6928,Av. Logroño - Doblada-Pajarones,40.4769139294653,-3.58201328315872,252715396,20.899962868760877,False
5690,Bravo Murillo O-E(Giro a Pinos Alta) - Oñate-Azahar,40.4645773822485,-3.69483448266939,26412630,23.300806981313823,False
6383,Martínez Villergas - Caribe-Av. Badajoz,40.4426379932724,-3.6549413145232,4090389114,9.650716301492375,False
6190,Luis Ruíz - Luis Ruíz-Braulio Gutiérrez,40.4290396911204,-3.63683526385271,3258301879,21.120019899012483,False
3752,Av. Daroca  - Av. Daroca-Casalarreina,40.4087672234432,-3.61648617473017,513908082,130.17003566565623,True
6194,Casalarreina  - Camino Viejo de Vicálvaro-Av. Daroca,40.4069353918561,-3.61612295697279,31407159,54.78114458976976,False
6195,Av. Daroca  - Casalareina-Calahorra,40.407483617566,-3.61469194452365,316046510,37.537302882012796,False
6196,Casalarreina - Av. Daroca-Ezcaray,40.40811149834,-3.61470139223819,31407535,29.616186845953973,False
6381,Acceso desde M-30 - M-30-Salvador de Madariaga,40.437734824959,-3.65821385631683,25927519,70.7741410310587,False
6382,Av. Badajoz - M-30-Salvador de Madariaga,40.4407886927002,-3.65816321104236,25926450,60.549243503061035,False
6498,Fuente Carrantona S-N Carril Giro Izq. - M23-Av. Daroca,40.4154799034375,-3.62695009251356,3166971467,18.002040578332394,False
6443,Hacienda de Pavones - Intercambiador-Fuente Carrantona,40.4006825196679,-3.63519395427248,565369112,2.820036540007339,False
6445,Arroyo Fontarrón  - Arroyo Fontarrón-Fuente Carrantona,40.395564558952,-3.6385919081529,1168640429,4.187387497522521,False
6449,Av. Miguel Hernández  - Benjamín Palencia-Av. Pablo Neruda,40.3940380321382,-3.64109761136745,1168641156,39.36288881749402,False
5684,Bravo Murillo S-N - Conde Vallellano-Marqués de Viana,40.4616041007625,-3.69797858832901,26412668,18.84798526245562,False
6648,PM10241,40.4633612590252,-3.66675038089134,25925496,26.850528519758985,False
6820,PM11074,40.3937239937186,-3.67488687420627,248945412,21.026496741420953,False
11094,Orense N-S - Fortunata y Jacinta -General Perón,40.4530613892147,-3.6949037059044,98766712,2.7836276935692905,False
5625,Bravo Murillo S-N - Pedro Villar-Rosa Silva,40.4631261562235,-3.69676901628269,26412663,32.985997899161276,False
5630,Marqués de Viana O-E - Ceuta-Bravo Murillo,40.460925453282,-3.69918883132457,91611942,9.50086517870425,False
5649,Rosario Pino E-O - PºCastellana-Poeta Joan Maragall,40.4620782756884,-3.69084511530601,1738553332,26.981694204885137,False
5650,Orense S-N - Francisco Gervás-Rosario Pino,40.4617430262522,-3.6939701190234,81466861,42.558766305834816,False
5674,Sor Angela de la Cruz E-O - Infanta Mercedes-Bravo Murillo,40.4602696872022,-3.69683917858139,81480097,31.27943944421732,False
5676,Bravo Murillo N-S - Pasaje Remonta-Azucenas,40.4634784538143,-3.69653933743551,26412638,20.942461448686714,False
7111,Sor Angela de la Cruz E-O - Poeta Joan Maragall-Orense,40.4592905539989,-3.69330829134539,81466857,86.40443557626041,False
5693,Sor Angela de la Cruz  O-E(Salida Túnel) - Bravo Murillo-Julián Besteiro,40.4603460770103,-3.69759271760135,26412704,75.0268767854957,False
5694,Sor Angela de la Cruz E-O - Infanta Mercedes-Bravo Murillo,40.4605068388193,-3.69767627793302,26412704,62.67923980975825,False
4703,Salida Calle 30 E-O - (M-30 -Gta.Pirámides) a 180mts,40.3999430777255,-3.71181149109613,26514676,15.659083360602322,False
7003,(AFOROS)Méndez Alvaro S-N - Estrella Naos -Repsol,40.3981851179177,-3.68303707650794,1969756170,64.96886313883746,False
3923,Principe Vergara S-N - Sanchez Pacheco-Pl. Cataluña,40.44691477766,-3.67803440238758,143672587,39.471968028954336,False
4834,CRA.VILLAVERD Ø41 E-O(COALICION-VILLAFUERTE),40.3547578442805,-3.68835706025351,302358509,16.81877687882426,False
4835,"VILLAFUERTE, 23 N-S(VILLAJOYOSA-CTRA.VILLAVERDE)",40.3548305461589,-3.68945503950926,1736603400,72.27605249011495,False
4836,CTRA.VILLAVERDE Ø18 O-E(VILLARROSA-DIAMANTE),40.353303070966,-3.69013830855458,12653700081,23.926074343435694,False
10906,AV. SAN FERMIN Ø6 E-O(POPULAR MADRILEÑA-AV. LA PERLA),40.3712474859185,-3.69345783319248,130093428,28.255503764458076,False
7094,Sor Angela de la Cruz O-E(Giro Izqda) - Poeta Joan Maragall-Orense,40.4592522556108,-3.69331149188429,81466856,86.52598548083506,False
5657,Julián Besteiro - Sor Angela de la Cruz - Pensamiento,40.45924395332,-3.69497631415616,11227229112,20.99906998008283,False
3945,Ayala E-O - Serrano-Pº Castellana,40.4278930502651,-3.68771679654323,1963430775,28.00318440763159,False
3798,Serrano N-S - Recoletos-Pl. Independecia,40.4210312620902,-3.68859236593961,942080448,20.099154538428866,False
10812,Goya E-O(Giro a Serrano) - Claudio Coello -Serrano,40.4253219273726,-3.68672167479408,25552446,12.348603418995594,False
10018,(AFOROS) Alcala O-E - Pl. Cibeles-Pl. Independencia,40.4195624081371,-3.69129446954401,324238854,29.67812339209026,False
11044,EDUARDO BARREIROS S-N(LAGUNA SANTIAGO-JOSE PEREZ),40.3532900310861,-3.70525258174123,343315468,72.80597565867386,False
11039,EDUARDO BARREIROS S-N(ALCOCER-LAGUNA RODRIGO),40.3511766051583,-3.70515820352634,1876194936,24.948123517476066,False
11043,JOSE PEREZ O-E(LAGUNA SANTIAGO-EDUARDO BARREIROS),40.3539041820576,-3.70555470174384,343315468,37.04838280318418,False
6411,Av. Guadalajara  - San Román del Valle-Pl. Alsacia,40.4188053011171,-3.62205285926661,20962947,112.52100718436927,True
11389,PM23203,40.4846583872971,-3.6746416115138,25922377,4.352138518902521,False
7112,Sor Angela de la Cruz O-E(PM62083+PM62061) - Sor Angela de la Cruz O-E(PM62083+PM62061),40.4600206373808,-3.69667393508834,353299296,5.537492181681381,False
11384,PM13185v,40.4835346260698,-3.67925332425933,429461526,55.60661324780369,False
7001,PSO. FERROVIARIOS TRAS GR-15 N-S(NUÑO GOMEZ-ALBERTO PALACIOS),40.3439480337749,-3.71734262949475,306359056,21.014540118309444,False
4845,ALBERTO PALACIOS Ø124 E-O (TORDEGRILLOS-PSO. FERROVIARIOS),40.3432598554331,-3.71697486171503,306359023,14.182984165451932,False
3424,Bravo Murillo N-S - Fulgencio Miguel-Francos Rodríguez,40.4550061992108,-3.70276447576911,26412872,7.520048885385803,False
3426,Bravo Murillo N-S - Castilla-San Raimundo,40.4527393164633,-3.70314689234183,26412911,13.695365755849412,False
3961,"Lopez Hoyos, 38 O-E - Pedro Valdivia-Gta. Lopez Hoyos",40.4393976722494,-3.68228659510473,142319656,13.894281252158235,False
3963,"Juan Bravo, 8 O-E - Claudio Coello-Lagasca",40.4328379781231,-3.68512890577474,28096905,40.31616127732749,False
6233,Silvano - José Domingo Rus-Av. Machupichu,40.4627183464339,-3.63406229596819,456731909,67.45102689745539,False
6409,Suecia - Marsella-Av. Canillejas a Vicálvaro,40.4214841948561,-3.61057996761845,20960713,23.670757671884058,False
5072,Dr. Esquerdo N-S - Valderribas-Av. Ciudad Barcelona,40.4020784435334,-3.67414641532937,29565298,29.366242449930283,False
4003,Principe de Vergara N-S - Hermosilla-Goya,40.4259724358807,-3.6801333422201,28096486,18.997192709136797,False
10728,Suecia - Francfort-San Marino,40.4224631284051,-3.60790507175137,21991193,23.74619020506686,False
4848,PSO. FERROVIARIOS Ø9 N-S(SULFATO-ENCARNACION PINO),40.3472297878677,-3.71582387623269,306256265,18.808601563856687,False
10519,ARROYO POZUELO O-E (VIA LACTEA - HUMERA),40.452278064923,-3.78333011104187,256303459,61.504445073611365,False
10683,NTRA. SRA. FATIMA O-E(PINGÜINO-EUGENIA MONTIJO)(CARRIL IZQUIERDO),40.3784629973213,-3.74876623515415,21702889,67.01970997599638,False
4926,AV. POBLADOS O-E(AV. EURO-AV. ABRANTES),40.3737527524342,-3.73838320432483,22557828,28.33208141389746,False
3431,Toscana - Aquitania-Av. Guadalajara,40.4211524437555,-3.6124736583785,20960707,38.44722072029224,False
3529,Aquitania - Sarre-Toscana,40.4205696466944,-3.61307305167,21994430,4.485015847994936,False
6413,Toscana - Av. Guadalajara-Aquitania,40.4217495308717,-3.61290234274402,3220616799,44.922555547407775,False
6414,Suecia - Francfort-San Marino,40.4224350863994,-3.60789138952678,21991193,20.47465787204386,False
10230,AV. CARDENAL HERRERA ORIA E-O (ISLAS CABO VERDE - GAVILANES),40.4772173271493,-3.7379799264893,41867727,55.959522277203696,False
10229,AV. CARDENAL HERRERA ORIA O-E (CHAPINERIA - GASCONES),40.4768953504358,-3.73948086780648,339996582,12.88843782035527,False
6451,Andaluces - Antonio Mairena-Av. Pablo Neruda,40.3914181985303,-3.64120596234587,316634896,9.820972094960158,False
6452,Av. Moratalaz  - Camimo Vinateros-Av. Doctor García Tapia,40.4092150976013,-3.64250953348295,2969074108,58.135368213155814,False
10352,Fuente Carrantona - Encomienda Palacios - Arroyo Fontarrón,40.397324866071,-3.63863787454476,12548729389,90.23924557341365,False
10350,Tacona 37 - Encomienda Palacios - Arroyo Fontarrón,40.3969700512743,-3.64075859838483,306217751,33.91975027854462,False
10349,Arroyo Fontarrón 317 - Arroyo Fontarrón - Acceso A-3,40.3961212304366,-3.64213480692345,306217729,45.55957628166001,False
4034,Alcala O-E - Ayala-Pl. Manuel Becerra,40.4272714078733,-3.67037229158932,996184012,36.499187981694206,False
10754,Emigrantes - Mota del Cuervo-Tribaldos,40.46640655063,-3.63643256312663,219423989,85.39264247617837,False
10622,Luis Aragonés - Giro de Luis Aragones a San Hilario,40.446066422562,-3.60507719890854,4545703348,9.289978245694615,False
10621,San Hilario - Luis Aragonés - Gonzalo Torrente Ballester,40.4461475964011,-3.6054921502804,8009196824,23.25941635538867,False
11017,Av. Guadalajara 83 - Sarre-Amposta,40.421314174964,-3.61537210037779,21993875,93.01933556884023,False
11018,Av. Guadalajara 83 - Sarre-Amposta,40.4212469410658,-3.61532727225859,21993875,93.12703246683998,False
6450,Arroyo Fontarrón - Tacona-Fuente Carrantona,40.3961367293386,-3.64065874572115,316634706,20.24649065934557,False
3942,Hermanos Becquer N-S - General Oraa-Serrano,40.4360088168677,-3.68734657526183,2679640393,13.178002917771925,False
3954,Principe Vergara S-N - Francisco Silvela-Lopez Hoyos,40.4401996932166,-3.67879732849947,1505081045,16.923210157907096,False
10606,Velazquez N-S - Lopez Hoyos -Maria Molina,40.4385398354795,-3.68308029897719,2688019428,42.275532655061326,False
4224,"Principe Vergara, 88 S-N - General Oraa -Maria Molina",40.4360931078151,-3.67919806565843,1505106067,17.46277283827533,False
6970,AV. MONTECARMELO N-S  (SANTUARIO DE VALVERDE - MONASTERIO ESCORIAL),40.5050788174972,-3.69931435633984,2815482867,12.5053974540371,False
9860,AV. MONTECARMELO N-S  (MONASTERIO ESCORIAL - MONASTERIO SILOS),40.5041234677658,-3.69876070068057,264987454,37.41899902045783,False
10413,MONASTERIO ESCORIAL E-O (MONTECARMELO - MONASTERIO PAULAR),40.5042420100839,-3.69974926868102,272435033,69.83060869545774,False
4225,Maria Molina (Debajo Tunel) O-E - Serrano-Velazquez,40.4377068221889,-3.68443764843504,100890244,20.20632688308298,False
10584,(CARRIL BUS)  AV. MONASTERIO ESCORIAL E-O (MONASTERIO CAAVERIO - AV. MONTECARMELO),40.5050706319151,-3.69758955371223,319210363,43.37745633260093,False
10691,(CARRIL BUS)  AV. MONASTERIO DE EL ESCORIAL E-O(AV. MONTECARMELO-MONASTERIO PAULAR),40.5042778557495,-3.69976358899719,272435033,69.25012721409561,False
10419,(CARRIL BUS) MONASTERIO HUELGAS N-S (AV. MONASTERIO SUSO Y YUSO-  MONASTERIO DE EL PAULAR),40.5035079958306,-3.70558780191488,299938088,73.78724740573256,False
10689,(CARRIL BUS) AV. MONASTERIO SILOS O-E (MONASTERIO EL PAULAR - AV. MONTECARMELO),40.5033059799751,-3.69962435328828,272435031,74.21789371335277,False
3795,VALCARLOS S-N (SANTO DOMINGO DE LA CALZADA - PALAS DEL REY),40.5048033069913,-3.66472241858736,255627453,31.79829439584682,False
10529,SANTO DOMINGO DE LA CALZADA O-E (SIERRA ATAPUERCA-BOADILLA DEL CAMINO),40.5054125092591,-3.66637477087013,259587868,39.745921764871426,False
10360,(TACTICO) FROMISTA O-E (GIRO A PALAS DEL REY SUR),40.5107719707299,-3.67299863817044,256523093,27.262075615180493,False
6432,Fuente Carrantona  - Paular-José Bergamín,40.4094787950696,-3.63017951736843,25377806,38.36076534286591,False
6497,Fuente Carrantona S-N - José Bergamín-M-23,40.4124828830939,-3.62852992982419,352944060,100.48862005149485,True
5305,CTRA Bº FORTUNA S-N(TROMPAS-JOAQUIN TURINA),40.3719475668484,-3.7657833825953,307997068,21.152125929251316,False
5273,(MICRO)CTRA.AL Bº FORTUNA E-O (INTERNO),40.3641467498044,-3.77767238903959,1836757342,29.11137276834507,False
9849,(TACTICO) CORONA N-S(AV. EURO-AV. PESETA),40.3623625598487,-3.75164538656476,309892285,17.164076843822976,False
3998,Jose Ortega y Gasset O-E - Gral. Diaz Polier-Conde Peñalver,40.4299298522528,-3.67634016150999,6425716240,4.970817808320595,False
4083,JAIME EL CONQUISTADOR S-N(TOMAS BORRAS-ALDEA DEL FRESNO),40.3953049175234,-3.69828595882669,26879281,17.201656971003167,False
9850,(TACTICO)MORALES N-S(SOLEDADES-AV. PESETA),40.3625794425085,-3.75609120405329,316617072,15.20750932876025,False
9851,(TACTICO)MORALES S-N(PATRIMONIO HUMANIDAD-AV. PESETA),40.3620635928701,-3.75609658909828,316617118,17.421700105517612,False
9852,(TACTICO)CUEVAS ALTAMIRA N-S(JACOBEO-AV. PESETA),40.3627932276962,-3.75993572029289,309892473,15.357652308803717,False
4022,O´Donnell O-E - Alcala-Av. Menendez Pelayo,40.4213772110144,-3.68127128642535,4154368889,7.793768938754325,False
4023,Fco. Silvela N-S - Jose Ortega y Gasset-Pl. Manuel Becerra,40.4293220517989,-3.67001331525662,546982323,41.89588173533055,False
4103,EMBAJADORES N-S(BRONCE-PLANETARIO),40.3872785670329,-3.69063717764673,317769138,17.835783981756226,False
10978,(BUS)CJAL. FCO. J. JIMENEZ Ø86 O-E (F. CALVO-ALHAMBRA),40.4005257027911,-3.74557413337625,622424078,26.044133268590937,False
5302,BALEARES O-E (CALLE DEL SORBE-MARQUÉS DE JURA REAL),40.3899564470971,-3.71292107676636,849978619,3.6103093063297305,False
5303,PTE DE LOS CAPUCHINOS ENTRADA CRUCE S-N,40.3899983129709,-3.71189917240676,849977335,21.18849518580901,False
11028,CCTV - PSO. QUINCE MAYO O-E(SALLABERRY-MANUEL CARMONA),40.3954885189629,-3.71991663439892,309217490,2.302125872063292,False
4104,EMBAJADORES N-S(VINUELAS-BRONCE),40.3879222690783,-3.69108909659936,1247348484,9.953398224394569,False
6032,Gregorio Benítez - Asura-Arturo Soria,40.4498341216299,-3.64991531431837,100963132,101.32098301880899,True
4787,ANTONIO LOPEZ S-N(SAN ZACARIAS-MATILDE GAYO),40.3899902219406,-3.70146121188747,29944746,30.876289015351592,False
4794,(TACTICO)TOMELLOSO Ø3 O-E(SOCUELLAMOS-AV. CORDOBA),40.3822797631863,-3.69784850757031,12023688255,3.7845926117378696,False
4808,AV. ANDALUCIA Ø17 S-N(FELICIDAD-UNANIMIDAD),40.3597474086978,-3.69330960124943,248847497,46.03259329756504,False
4809,AV. ANDALUCIA Ø28 N-S(TERTULIA-BOHEMIOS),40.3578018942593,-3.69328199418675,248842600,66.12156884340462,False
4789,SAN ZACARIAS E-O ENTRADA CRUCE,40.3901481480091,-3.70055813594938,5602341015,35.83633349656448,False
4786,ANTONIO LOPEZ N-S(SEBASTIAN GOMEZ-VADO),40.3856857029874,-3.69661054633123,306030785,7.945592571607549,False
10964,ANTONIO LEYVA N-S(M.VADILLO - JACINTO VERDAGUER),40.3969629205198,-3.71548643951761,255243041,26.32250219000916,False
10902,MIGUEL SOLAS O-E (INTERIOR),40.351710523088,-3.6781912020292,306170260,9.961012053764913,False
5011,AV SAAVEDRA FAJARDO N-S(AV PORTUGAL-Pº EXTREMADURA),40.4147241592782,-3.72492028254687,305396588,7.001196524896104,False
5010,MARQUES MONISTROL N-S (CALLE 30),40.4148800376007,-3.72413922452963,315259379,22.385531226664867,False
5001,PTE SEGOVIA E-O (VIRGEN PUERTO-MARQUES MONISTROL),40.4140435394425,-3.72266202030783,21723292,123.21405451212475,True
4823,AV. ANDALUCIA Ø7 (S-N(UNANIMIDAD-M-40),40.362974379754,-3.69369093047796,248846144,5.41441803643393,False
3569,M-40 E-O (SALIDA-AV. ANDALUCIA),40.364575658043,-3.69191812447818,5224608224,45.567764167020606,False
5128,(TACTICO) MONSEÑOR OSCAR ROMERO N-S(FERNANDO DELGADO-NTRA.SRA.FATIMA),40.3828794342695,-3.74781028160443,259640959,15.791903013405351,False
10254,(TACTICO) VALLE DE ORO (RIO DE ORO - GTA. VALLE DE ORO),40.3882648229698,-3.73062461437099,850910694,20.367370695747894,False
5163,SANCHIDRIAN O-E(CINE-CTRA. CARABANCHEL A ARAVACA),40.3961392615266,-3.77488491865734,33395595,15.067598259178743,False
5162,VILLAVICIONSA E-O(SEDANO-CTRA. CARABANCHEL A ARAVACA),40.3964902082677,-3.77292925385995,33393211,6.888177014227392,False
10224,CTRA. CARABANCHEL ARAVACA E-O(PILAR-SEBASTIAN ALVARO),40.3928475748057,-3.77026287724189,779241394,20.1977379281314,False
10223,CTRA. CARABANCHEL ARAVACA E-O GIRO IZQDA (PILAR-SEBASTIAN ALVARO),40.3928122324801,-3.77032212109823,779241394,26.5548818145687,False
10024,(MICRO) PL. CONDE CASAL (DELANTE DEL GRUPO 12),40.4064609223996,-3.6698175605238,29565849,4.413723533983922,False
4829,AV.ANDALUCIA Ø117 S-N(AV. ROSALES-AV. POBLADOS),40.3697196193277,-3.69431355518414,27582320,53.28037880264467,False
3910,"Ramon y Cajal, 7 E-O - Principe Vergara-Marcenado",40.4516655881381,-3.67570449112669,98989160,50.79668017781132,False
3911,"Principe Vergara, 207 S-N - Pradillo-Ramon y Cajal",40.4501704343801,-3.67768229804357,297605509,93.63796468364164,False
3912,Ramon y Cajal E-O - Pº de los Jacintos -Alfonso XIII,40.4524024394189,-3.66649444844553,102186288,17.01381066439856,False
3913,Principe Vergara N-S - Pl. Republica Ecuador-Concha Espina,40.453104617895,-3.67745115195773,616266900,124.49198947257247,True
3916,Concha Espinal O-E - Rodriguez Marin-Principe Vergara,40.451633619947,-3.67860097177425,98989157,15.419206124381367,False
3917,Ramon y Cajal E-O - Principe Vergara-Rodriguez Marin,40.4516966964374,-3.67822463792592,98989157,46.95340631477116,False
3975,Principe Vergara S-N - Maria Molina-Francisco Silvela,40.437708701247,-3.67906594421187,1505106104,23.517907948705563,False
3802,AV.ANDALUCIA Ø114 N-S(AV. POBLADOS-AV. ROSALES),40.3698054186169,-3.6944785238246,27582320,54.06865428388866,False
3976,Francisco Silvela O-E - Gta. Lopez Hoyos-Principe Vergara,40.4399123664537,-3.68011713578544,9062259165,42.15906361715067,False
3803,AV.ANDALUCIA Ø110 N-S(GTA. MALAGA-AV. POBLADOS),40.3724008458664,-3.69480994300588,26205249,40.94275185030895,False
3995,"(AFOROS)Francisco Silvela, 46 S-N - (Ferrer del Rio-Jose Picon",40.433834603064,-3.67358984850098,2533399077,17.967685362976976,False
3758,JUAN DE MENA O-E (Po DEL PRADO-ALFONSO XII),40.4173518276488,-3.68974742191862,26486638,60.9837705287838,False
3691,(AFOROS) Po DEL PRADO N-S(PL. PLATERIAS-GTA. CARLOS V),40.4120099348243,-3.69319248131718,26487782,57.8339310397227,False
3718,(AFOROS) Po INFATA ISABEL N-S(GTA. CARLOS V-ALFONSO XII),40.4078798720135,-3.69071339063707,249084428,48.13117803109448,False
3719,"(AFOROS)STA MARIA CABEZA, 11 N-S(LAT. DCHO. SUPERFICIE)",40.4063674855646,-3.69449810959878,315278987,57.56411051824826,False
4174,"STA. MARIA CABEZA, 11 N-S(RONDA ATOCHA-MURCIA)(TUNEL)",40.4063327825466,-3.6944322195539,315278987,57.17134185274785,False
4176,MURCIA 1 E-O(STA MARIA CABEZA-Po DELICIAS),40.4053666664661,-3.69494738413522,315278992,17.914826309080905,False
4157,FELIPE IV O-E (NORTE) (Po DEL PRADO-ALFONSO XII)(NORTE),40.4153856924975,-3.69011646249677,26486593,28.003907681815665,False
4158,ALFONSO XII S-N (GIRO A  ACADEMIA),40.4143241897978,-3.6888808598972,1150116311,20.974438524679783,False
3683,CASADO ALISAL O-E (Po DEL PRADO-ALFONSO XII),40.4139514304379,-3.69011797367169,26486621,21.39796408855427,False
3654,ALFONSO XII S-N (CUESTA CLAUDIO MOYANO-ESPALTER),40.411895808035,-3.68872049451866,1727199830,47.75868688855198,False
4179,STA MARIA CABEZA N-S(JOSE ANTONIO ARMONA-PALOS LFRONTERA),40.4040124239227,-3.69649627565674,7549127257,9.660705469043561,False
4194,(AFOROS) STA. MARIA CABEZA S-N(PENUELAS-EMBAJADORES),40.3999269349453,-3.70021725587493,26528745,20.064161707944727,False
10354,Benjamín Palencia 28 - Malgrat de Mar - el Bosco,40.3943679488857,-3.64344855481648,298014219,43.33745570837831,False
10355,Av. Pablo Neruda 2 - Malgrat de Mar - Pont de Molins,40.3924571795761,-3.64152234770461,27509826,55.39465060176764,False
6458,José Bergamin - José Bergamín-Fuente Carrantona,40.4108275933371,-3.63074627836653,254505651,12.690901443371168,False
4156,FELIPE IV O-E (Po DEL PRADO-ALFONSO XII),40.415071744911,-3.68991059723404,26486590,45.15532248468161,False
10928,Ciudad Encantada - Ankara - Fuente Carrantona,40.410145808244,-3.62850818405442,21067881,102.52231932666038,True
6647,PM10212,40.4664143807103,-3.6686381358201,360627869,55.510145070793556,False
6712,PM30002,40.4922381584044,-3.67067514498134,12364718088,100.76590520971105,True
6772,PM23011,40.4847126437851,-3.69759063493769,1137265017,30.539506993957165,False
6934,PM23221,40.4848450880203,-3.67268936496428,25922371,43.57745413867715,False
6787,PM33201,40.4829491775666,-3.6599519629294,21473816,55.96771741513924,False
4196,PENUELAS N-S(CARVAJALES-STA.Ma CABEZA),40.3992697957224,-3.70122661351595,26528739,25.039024323265362,False
4351,"PRINCESA, 39 N-S(QUINTANA-REY FRANCISCO)",40.4285497770598,-3.71481686627888,26080778,35.97640143555298,False
10356,Av. Pablo Neruda 9 - De Los Andaluces - Malgrat de Mar,40.3919946754846,-3.64158378348301,306102506,41.455411814096514,False
3817,PM10486,40.4433647047563,-3.66129517221836,150338724,60.26461173517215,False
4197,Po DELICIAS S-N(TORTOSA-MENDEZ ALVARO),40.4063526484998,-3.69331424810006,318313422,64.68338491351659,False
10866,Po ESPERANZA N-S (JUAN ANTONIO VALLEJO NAJERA BOTAS - LABRADOR),40.4010199393903,-3.7045438021546,843091482,29.796390816583024,False
10867,Po ESPERANZA S-N (GARGANTILLA - LABRADOR),40.399984736908,-3.70369092483734,8665300396,50.181899079407785,False
7133,ATOCHA E-O (GIRO A FERNAN NUNEZ)(SAN EUGENIO-FERNAN NUNEZ),40.4116638794353,-3.69772605935411,26310526,44.06669870674943,False
11322,Hacienda Pavones - Luis de Hoyos Saínz-Valdebernardo,40.3996251427869,-3.63108138615762,6985731277,66.5682512066081,False
6462,Fuente Carrantona - Arroyo Fontarón-Encomienda de Palacios,40.3966782791878,-3.63894807665911,1585703479,73.28340935802323,False
10671,Fobos - Jose Bergamín - Dr. Garcia Tapia,40.4089732382552,-3.63482969151331,2992362531,40.696684326621735,False
6809,PM43201,40.4830798779355,-3.65995390537605,21473816,61.10732030037138,False
6810,PM43202,40.4831578436592,-3.65992583390915,21473816,63.47970688340528,False
6933,PM43221,40.4841184798411,-3.67249659818133,21473805,11.598802998929617,False
7129,PM43222,40.4841813201606,-3.67249959357655,21473805,18.099223776197427,False
10211,PM41454,40.3712124563485,-3.73683693068896,316228578,61.614419115921464,False
6741,PM20777,40.4169079996024,-3.65790025865149,307999469,27.676381326846734,False
4365,QUINTANA E-O(MARTIN DE LOS HEROS-MENDIZABAL),40.4280258647247,-3.7170432631813,55161082,22.681106760953107,False
6767,PM22211,40.44397741508,-3.73962731075513,341934681,16.196994694106664,False
3836,PM22341,40.4563418008706,-3.74413401155546,32098515,70.9454483061728,False
7131,PM40752,40.4179137993374,-3.65512552689707,21525883,34.0056467284084,False
4810,AV. ANDALUCIA Ø20 S-N(FRANCISCO PINO-ALCOCER),40.3502343788743,-3.69301850249306,306258361,57.91182523657036,False
4812,(AFOROS)ALCOCER Ø20 E-O(ARECHABALETA-VIRGEN DESAMPARADOS),40.3501634874366,-3.69736633036183,306258375,2.991069338248457,False
10660,PM12067,40.4340181354893,-3.73792491725423,51397933,24.92861309227333,False
10662,PM10764,40.4192982568093,-3.65896341318335,25943343,38.7204467460775,False
4824,M-40 Ø103 O-E (SALIDA-AV. ANDALUCIA),40.3643130290792,-3.69532284422419,9827837829,76.11719082002308,False
4832,CTRA. VALLECAS Ø3 E-O (VILLAJOYOSA-AV. ANDALUCIA),40.3520277472502,-3.69222086544903,316441262,17.856587648640883,False
11382,PM23189,40.4840391892723,-3.67819964293563,10904763559,45.22534890914059,False
10962,AV. VICTORIA O-E (PILAR ANDRADE-VIRGEN DE LOS OLMOS),40.4693408503645,-3.8216956270338,319165518,12.72349718675652,False
5691,Bravo Murillo N-S(San Germán) - Maria Zayas-Lope de Haro,40.4580181345539,-3.70108047502694,26412839,2.989491924040317,False
4363,MARQUES DE URQUIJO E-O(FERRAZ-PINTOR ROSALES),40.4292411776978,-3.72075983786193,55161167,32.355434355466485,False
5466,(TACTICO) Alberto Alcocer O-E(Giro a Padre Damián O-N) - (TACTICO) Alberto Alcocer O-E(Giro a Padre Damián O-N),40.4588159936511,-3.6858852194286,98964419,29.449164980210266,False
5471,Concha Espina E-O - Pl.Sagrados Corazones-PºCastellana,40.4518901448308,-3.68661523161864,98989153,30.436075801772976,False
5475,Alberto Alcocer O-E - Doctor Fleming -Juán Ramón Jiménez,40.4588807794542,-3.6877502138141,98964417,26.564729769275402,False
5536,Pº de la Habana  N-S - Menéndez Pidal-Comandate Franco,40.4655613250632,-3.67945163584925,102224463,26.908028593835553,False
5557,Alfonso XIII O-E - Victor Andrés Belaunde-Bolivia,40.4603108051633,-3.6776813238803,102517319,5.019139210285143,False
5558,Alfonso XIII E-O - Torpedero Tucumán-Encinas,40.4603809642602,-3.67510566251493,102509276,20.42653989661766,False
5559,Alberto Alcocer O-E - Víctor A.Belaunde-Principe de Vergara,40.4585043861265,-3.67997227905515,98964423,42.94982160026267,False
5560,Costa Rica E-O - Puerto Rico-Chile(Lateral),40.4586158821596,-3.67495553679909,2494930275,52.18954894408325,False
4873,ARROYO POZUELO Ø76 E-O (COVATILLAS-GTA. RIO ZANCARA),40.4525008524245,-3.77817748892798,261697058,43.397595758050464,False
4865,"(MICRO) ANA TERESA, 29A O-E (A. VINDEL - PLEYADES)",40.4610893208335,-3.78435818131292,30914765,26.823034546595718,False
6632,(TACTICO) FEDERICO AGUSTI N-S Ø8,40.4734741282959,-3.83200851584125,319165388,24.03793177719605,False
5562,Serrano S-N - Rodríguez Marín-Pl.República Ecuador,40.4543615319493,-3.67823261252647,119838821,48.7361266243682,False
5563,Uruguay E-O - Chile-Pl.República Ecuador,40.4552315792969,-3.67624807183194,119806748,13.170080587336031,False
5564,Alfonso XIII E-O - Bonetero-Francisco de Goya,40.4603312007744,-3.67950114887733,102384339,30.01507554049089,False
5565,Fray Bernardino Sahagún E-O - Arenal Maudes-Pl.Madre Molas,40.4623559196707,-3.68437116971198,98977907,35.47391731713022,False
5583,Víctor Andrés Belaunde N-S - Potosi-Alberto Alcocer,40.4577771234719,-3.68026357836413,98964423,85.68447323899855,False
5584,Costa Rica O-E - Principe de Vergara-Puerto Rico,40.4584558259334,-3.67598387024532,320703120,21.039774587230735,False
3580,(AFOROS)Costa Rica O-E - Puerto Rico-Victor de la Serna,40.4584476615512,-3.67331924704984,98965346,85.29641238409295,False
7089,Acceso M-30(Superficie) - M-30-Pl.José Mª Soler,40.4600546770157,-3.66738902692995,320596960,43.006060871815016,False
6631,(TACTICO) FEDERICO AGUSTI S-N Ø8 (ÁLVARO CABALLERO - AV. VICTORIA),40.4730714434278,-3.83210771222174,319165346,19.779521549644773,False
6633,(TACTICO) GINES NAVARRO Ø1 N-S  (J. LOMBANA IGLESIAS-AV. VICTORIA),40.4724583530488,-3.82927452401051,325203440,24.254308715629175,False
3622,"(AFOROS) José Abascal, 44 O-E(Fernández de la Hoz-Zurbano)",40.4381649913947,-3.69413426388156,60030301,36.06569042518721,False
3581,Puerto Rico N-S - Guatemala-Costa Rica,40.4590244968829,-3.67430296894582,2494930275,49.86228766280992,False
5588,Víctor de la Serna S-N - Colombia-Nicaragua,40.4577588011526,-3.67199730189065,119808876,15.69147703806149,False
5606,Alberto Alcocer O-E - (Túnel)Víctor Andrés Belaunde-Bolivia,40.4585613229778,-3.68040080472412,98964423,7.456431333096681,False
5608,Principe de Vergara S-N - Pl.República Dominicana-Alfonso XIII,40.4591648147907,-3.67669986390734,29803013,32.533630295856966,False
5609,Princip de Vergara N-S - Pl.República Dominicana-Potos,40.4579703795447,-3.67694347140758,29803008,45.9802491833759,False
7093,Acceso M-30(Túnel)E-O - M-30-Pl.José MªSoler,40.4599849181573,-3.66721351825222,320596960,47.974298693594946,False
5586,Acceso M-30 N-E(Superficie) - M-30 Norte-Pl.José Mª Soler,40.4601736086182,-3.66734062686532,320596960,56.379393504685794,False
5619,Acceso M-30 S-E(Túnel) - M-30 Sur-Pl.José Mª Soler,40.4600715751512,-3.66709771874728,320596960,61.57763483251931,False
3570,(TACTICO)COVATILLAS ANTES GR-7 S-N (HINOJO-ARROYO POZUELO),40.4521715087961,-3.77542488149566,259500129,7.886546882576006,False
10995,OCAÑA E-O(OCAÑA-CAMARENA),40.3843330359422,-3.75803413552727,282940163,40.59761426221734,False
10992,OCAÑA O-E FRENTE(VALMOJADO-CAMARENA),40.3853335252976,-3.75954246221377,49429540,13.023656817464007,False
3453,Bravo Murillo E-O - Conde Serrallo-Nardo,40.4654172157757,-3.69205312600509,155512553,31.89940120829858,False
3834,Bravo Murillo S-N - General Margallo-San Felipe,40.4613254192814,-3.69803568269189,26412682,9.80254060712385,False
5695,Bravo Murillo N-S - Juán Pantoja- Carnicer,40.449830965773,-3.70357829913356,26413048,17.320602699474456,False
3583,(AFOROS)Bravo Murillo N-S - Carnicer-Almansa,40.4490029409278,-3.70369656677758,26413086,39.958844176548084,False
3584,Bravo Murillo N-S - Almansa-Gta.Cuatro Caminos,40.4482439864512,-3.70381464546719,339391870,15.162065581169282,False
5713,Raimundo Fdez.Villaverde O-E - Alonso Cano-Modesto Lafuente,40.4464319276409,-3.69686361201642,98948614,22.242686625703403,False
5714,Raimundo Fdez.Villaverde O-E(Puente) - Orense-PºCastellana,40.4463805609677,-3.69530204180022,8807066125,6.177529796845367,False
5715,Raimundo Fdez.Villaverde E-O(Lateral) - PºCastellana- Orense,40.4464680747152,-3.69414596699251,340228784,54.93426214624209,False
6477,Av. Guadalajara - Av. Guadalajara-Av. Niza,40.4246402583023,-3.60618568505279,20960690,26.05623579140027,False
10971,ILLESCAS E-O(LOS YEBENES-CAMARENA),40.3914766226429,-3.75471279624086,3708075760,77.4081816968191,False
4896,MAQUEDA Ø39 O-E(QUERO-VALMOJADO),40.3870310586843,-3.76114607339987,21797501,27.51670758120401,False
4897,VALMOJADO Ø50 N-S(ILLESCAS-MAQUEDA),40.3872994904354,-3.75935415076575,21721669,9.067694944404343,False
5720,Edgar Neville S-N - Reina Mercedes-Gral.Perón,40.4511165710342,-3.69667486301396,98746811,24.530593211043364,False
5721,Orense S-N - Raimundo Fdez.Villaverde-Hernani,40.4467242580711,-3.69550090445625,1505081196,8.750583908675692,False
5725,Orense N-S - Basílica-Hernani,40.4490974881132,-3.69532242150442,81466846,14.937758320437677,False
10873,GIGANTES Y CABEZUDOS N-S(BOHEMIOS-AV. ANDALUCIA),40.3564095177955,-3.69354184905302,1736603405,12.522954792728935,False
5726,Reina Mercedes O-E - Edgar Neville-Orense,40.4508680867925,-3.69657938837413,98746811,9.47167262858537,False
4284,PL. ESPANA N-S(SAN LEONARDO-CUESTA SAN VICENTE),40.4240789326008,-3.7115945377547,26067866,36.80027653990494,False
4294,"GRAN VIA, 51 N-S(SAN BERNARDO-SILVA)",40.4212442957719,-3.70754424387476,26066631,36.879168513571564,False
10286,"BOHEMIOS, 5  E-O(AV. ANDALUCIA-VERBENA PALOMA)",40.3564928435309,-3.69502662115909,248791274,37.461460619835435,False
10245,Av. Luis Aragones - San Hilalrio - Vial 4,40.4385050625372,-3.60317529117642,8627377421,52.84189109849215,False
5727,Basílica O-E - Edgar Neville- Orense,40.449306153987,-3.69653756011731,98746810,26.346425480890158,False
5728,Alonso Cano S-N - Maudes-Raimundo Fdez.Villaverde,40.4456233028932,-3.69718969405558,98944893,58.04034090607047,False
5729,Edgar Neville N-S - Raimundo Fdez.Villaverde-Hernani,40.446986610823,-3.69709950034343,13514458980,38.84168495601082,False
5730,Edgar Neville S-N - Hernani-Basílica,40.4483271442818,-3.69695218710424,98746809,33.85188986497592,False
5731,Edgar Neville S-N - Basílica-Reina Mercedes,40.4500238275889,-3.69676465709126,28096046,33.32690767453133,False
5116,Po VIRGEN DEL PUERTO N-S(GTA. SAN VICENTE-PTE. SEGOVIA),40.4153129625507,-3.72080686951624,26482348,42.272343284795994,False
10287,"BOHEMIOS, 12 E-O(VERBENA PALOMA-MANOJO ROSAS)",40.3564388419735,-3.69645373732257,13096173108,47.192307805170564,False
10289,"MANOJO ROSAS, 58 N-S(SOTO PARRAL-BOHEMIOS)",40.356614792397,-3.69709103926684,248790111,25.05153921546935,False
4901,"VALMOJADO Ø9 S-N(VALMOJADO,53-VALMOJADO,49)",40.3960505782813,-3.75766796936067,301681690,10.972789987764006,False
4902,"VALMOJADO FRENTE Ø8 S-N(VALMOJADO,49-SESEÑA)",40.3965932791799,-3.75734572067291,301681690,77.15019128429857,False
5733,Basílica O-E - Aviador Zorita-Edgar Neville,40.4493065790034,-3.69800596172232,28096050,30.759686487056,False
5736,Hernani E-O - Edgar Neville-Aviador Zorita,40.4480512202659,-3.69751404968775,98746809,45.05853620239887,False
5737,Reina Mercedes E-O - Edgar Neville-Aviador Zorita,40.4509225831229,-3.6970142110088,98746811,28.00307664545128,False
5738,Raimundo Fdez.Villaverde E-O(Giro) - Edgar Neville-Aviador Zorita,40.446561123245,-3.69810762081229,98746258,45.35932346371363,False
3745,PRINCESA S-N(BENITO GUTIERREZ-MELENDEZ VALDES),40.4324627559006,-3.71753368004929,8577075129,12.068507336849953,False
3746,BENITO GUTIERREZ O-E(TUTOR-PRINCESA),40.4319062844358,-3.71850884908963,55161174,13.637873089706869,False
10492,VERBENA DE LA PALOMA N-S (SOTO PARRAL - BOHEMIOS),40.3571408136816,-3.69596202287095,248841822,44.10653966891009,False
10493,VERBENA DE LA PALOMA S-N (BOHEMIOS - SOTO PARRAL),40.3571739978329,-3.69592444791384,248841822,47.50534079689182,False
5739,Raimundo Fdez.Villaverde O-E(Lateral) - Orens-PºCastellana,40.4463316347522,-3.69531739902643,8807066125,5.152857292864008,False
5740,Raimundo Fdez.Villaverde E-O(Puente) - PºCastellana-Orense,40.4464047242016,-3.69417398333711,340228784,53.506477386392866,False
7115,Bravo Murillo S-N(Giro a Avila) - Navarra-Castilla,40.4531833281779,-3.70309253891441,26412911,36.64469785709106,False
3454,Juán de Olías E-O - Infanta Mercedes-Bravo Murillo,40.453403205933,-3.70164007132368,81572825,58.2086967862385,False
3456,San Raimundo E-O - Topete-Bravo Murillo,40.4518848281296,-3.70396474104778,98725372,13.363362961528908,False
5742,Aviador Zorita N-S - Hernani-Raimundo Fdez.Villaverde,40.4473928794823,-3.69855180586559,340226353,45.20884240029541,False
7069,Vallehermoso 102 S-N - Cea Bermúdez -Av.Filipinas,40.4395928868582,-3.70820192880331,27520754,13.2127192750519,False
10494,ALEGRÍA DE LA HUERTA S-N (BOHEMIOS - ROSA DEL AZAFRAN),40.3558764742252,-3.69544109069109,248791274,62.767604734026264,False
10864,AV. ANDALUCÍA S-N (M-40-CONÍFERAS),40.3660293326228,-3.69401662352658,248797373,57.91980526724204,False
10941,AV. POBLADOS O-E(PARQUE EUGENIA MONTIJO-CONSUELO GUZMAN),40.3773335073402,-3.75428284953354,22530056,83.44927257724,False
7021,Filipinas 30 E-O - Vallehermoso -Galileo,40.4405473891156,-3.70881961463933,27520539,59.0330595120538,False
3511,Filipinas 14 E-O(Entrada Túnel) - Jesús Maestro-Blasco Garay,40.4397468975271,-3.71096472756006,26212612,14.069162475091202,False
7020,Filipinas 14 E-O( Lateral izqd) - Jesús Maestro- Blasco Garay,40.4396911157352,-3.71092823280297,26212612,12.517274820243536,False
5762,Av.America 27  E-O - Cartagena - Fco.Silvela,40.4389628881109,-3.67440210267606,26595724,58.0099108388429,False
5763,Av.America 22 O-E - Pilar de Zaragoza - Cartagena,40.4387215878182,-3.6746768279059,26595724,24.2762645301145,False
5764,Cartagena 103 N-S - Mataelpino - Av. America,40.4398318157983,-3.67388423722727,1829659976,23.926404430304014,False
4356,ISAAC PERAL S-N (ARCIPRESTE HITA-FERNANDEZ DE LOS RIOS),40.4348124787146,-3.71835424159552,26579181,47.02746199903135,False
10861,AV.ANDALUCIA S-N(SAN DALMACIO-GRAN VIA VILLAVERDE),40.3445053024267,-3.69285886088873,10173212789,18.190432581065963,False
10877,JUAN JOSÉ MARTÍNEZ SECO Ø3 E-O(MARIA MARTINEZ OVIOL-STA. PETRONILA),40.3516972107215,-3.69145195938781,306167870,4.123849905366099,False
10876,ALCOCER O-E(VIOLETAS-SANTIAGO AMON),40.3509007140856,-3.69510074286215,316433654,20.53624912203879,False
5772,Av.Reina Victoria E-O  - Av.Pablo Iglesias -Ibánez Íbero,40.4471803021294,-3.70887406969451,338728444,14.346226502702116,False
4141,Av.Entrevías E-O - Timoteo Pérez Rubio - M-30,40.3912541800461,-3.67387567217266,306044757,113.90428833068451,True
4139,Méndez Álvaro - E-O (Delante Gr5) - Méndez Álvaro - E-O (Delante Gr5),40.3919592712083,-3.67582126451565,355859090,16.504243192825708,False
4134,Retama N-S  - Ombú - Méndez Álvaro,40.3938249156393,-3.67664039229902,248917022,22.064931557622238,False
4135,Entrada M-30 N-S  - M-30 - Méndez Álvaro,40.3930961893139,-3.67604126023119,248951239,24.866014205280315,False
3436,Entrada M -30 S-N - M-30 - Méndez Álvaro,40.3908754198131,-3.67724867071629,25944598,77.52941060638152,False
10601,(CARRIL BUS) VIA LUSITANA S-N(HALCONERO REY-AV. POBLADOS),40.3726421082029,-3.73506634835199,1329856671,107.57868008494245,True
4944,LATERAL CTRA. TOLEDO S-N (M-40-AV. POBLADOS),40.3726214972515,-3.71966130497312,1329856633,66.07504668151955,False
4759,"ALHAMBRA,28 N-S (A.CALVO-GREG.VACAS)",40.4014137951929,-3.74475612068548,319953089,18.664146589304206,False
4813,VIRGEN DESAMPARADOS Ø14 N-S(ANOETA-ALCOCER),40.3503536817895,-3.6987831364439,248842307,11.975875407495172,False
4818,Pº TALLERES Ø19 O-E(ARROYOBUENO-ALCOCER),40.3489489797509,-3.70014623770541,1737125888,5.573030656011466,False
4819,(AFOROS)ALCOCER Ø53 O-E(COLONIA LITOS-PSO. TALLERES),40.3496419766259,-3.7006922204922,3517278358,29.57349740823693,False
10568,AV. ANDALUCIA N-S(GIGANTES Y CABEZUDOS-ALCOCER),40.3540037638902,-3.69313733118142,1845226422,86.11695520911869,False
10569,AV. ANDALUCIA S-N(GIGANTES Y CABEZUDOS-BOHEMIOS),40.3548369794363,-3.69304443702832,315211995,89.57406865465546,False
4826,AV. ANDALUCIA Ø126 N-S(AV. ROSALES-CONIFERAS),40.367801639388,-3.6942758385642,401244692,54.71370405684044,False
4946,VENTURA DIAZ BERNARDO S-N(HALCONERO REY-AV. POBLADOS),40.3729283567881,-3.72623159106766,1174618446,5.8638795832202275,False
4948,(AFOROS)EUGENIA MONTIJO S-N(AV. POBLADOS-NTRA. SRA. FATIMA)FRENTE,40.377087314607,-3.74927920994473,1425500660,21.41878087345879,False
4949,(AFOROS)EUGENIA MONTIJO S-N(AV. POBLADOS-NTRA. SRA. FATIMA)GIRO,40.3771082055314,-3.74930585097798,1425500660,21.339249822635157,False
10246,Vial 4 - Entrada Av. Luis Aragones,40.4378287562605,-3.60216039298548,5030419614,111.26056685854103,True
10284,(MICRO)AV. POBLADOS E-O DETRAS GR-9,40.370823573128,-3.69478771134684,27553242,6.400848299718572,False
10260,Av. Arcentales - Estocolmo - M40,40.4325535440645,-3.6000068679006,5041755775,30.27762643903557,False
11042,EDUARDO BARREIROS N-S(JOSE PEREZ-LAGUNA SANTIAGO),40.3533930880222,-3.7052989293005,343315468,62.34935952180065,False
11045,EDUARDO BARREIROS N-S(STO. ISIDRA-JOSE PEREZ),40.3546397371994,-3.70495543706886,1981781057,4.524450039308802,False
10401,EDUARDO BARREIROS S-N(REQUENA-EL CASERIO),40.3556695695785,-3.70447059942803,1981781071,63.53903142266759,False
10522,CARRETERA HUMERA N-S (AGUSTÍN LARA - RIAZA),40.4569577997777,-3.77985258193231,268761248,63.462338710354366,False
10520,CALLE PINILLA E-O (BOLA DEL MUNDO-CARRETERA HUMERA),40.4563140138964,-3.77987116898586,266035639,9.854647958365796,False
10521,CALLE RIAZA O-E (BAJA DE LA IGLESIA-CARRETERA HUMERA),40.4565488089161,-3.78083231838084,264063265,52.0749777921359,False
4950,AV.DE LOS POBLADOS ENTRE ANTONIO RODRIGUEZ  Y SECOYA O-E,40.3733775739023,-3.74380500826716,316250303,33.25122070301483,False
4951,ANTONIA RODRIGUEZ SACRISTAN O-E(GUAYABA-SECOYA),40.3729813049552,-3.74302747218836,22551009,27.489666505791106,False
4952,AV. POBLADOS E-O(BELZUNEGUI-ALISEDA),40.3737899484411,-3.73942173120487,1356384601,28.303409091039796,False
10285,(MICRO)AV. POBLADOS E-O DELANTE GR-11,40.370721660374,-3.69466749698075,26280682,4.88908276651946,False
4890,AV. OSA MAYOR Nº 22 O-E (ARAIZ - FCO. SANFIZ),40.4599700234613,-3.7779699349386,266363094,7.322461365961713,False
4891,(TACTICO) VALLE PAS ANTES GR-7 E-O (GIRO GLORIETA PARTIDA),40.449685772377,-3.77726983697428,256211149,11.329933438763685,False
9918,SINESIO DELGADO O-E(FINISTERRE-HOSPITAL CARLOS III),40.4747280600375,-3.69867538798168,26204788,24.037292105720784,False
10523,CAMINO BARRIAL S-N (ALMANZORA - FDO. LAZARO CARRETER),40.4613541815378,-3.79146130366049,264503507,37.62155472520606,False
3404,EUGENIA MONTIJO N-S (JERONIMO IBORRA-JOAQUIN RIVERO),40.3745006460831,-3.75106828824292,259645634,72.12440914999803,False
3405,AV. POBLADOS O-E(SECOYA-AV. EURO),40.3734673839435,-3.74104970538462,22557655,38.4473451672329,False
4956,JOAQUIN TURINA O-E(POLVORANCA-GUITARRA),40.3724099815541,-3.75316759460202,306098712,15.979605950536438,False
10872,(MICRO)SALIDA INTERCAMBIADOR S-N,40.3508442018274,-3.6929098972437,316438306,29.393696312898257,False
10032,MONFORTE DE LEMOS O-E (PUENTECESURES - PEDRO RICO),40.4792141421146,-3.69304379946798,26207032,135.18391793703958,True
4598,(TACTICO) ARZOBISPO MORCILLO E-O (Po CASTELLANA -ACC.TORRE ),40.4798401038968,-3.687174572388,1245898573,25.40313946265471,False
10524,CAMINO BARRIAL (INTERIOR GLORIETA PARTIDA),40.4619532830925,-3.79238158353133,264346780,9.77739726634055,False
10526,CAMINO BARRIAL N-S (M40 - FDO.LAZARO CARRETER),40.4625828665834,-3.79400936820415,264503551,60.28215489499163,False
10961,AV. VICTORIA E-O (DOMINGO ALVAREZ - AV. ESTACION),40.4744762037471,-3.83522687594374,30834092,86.87331205209973,False
4602,ARZOBISPO MORCILLO E-O(TUNEL A 80M)(ACC.TORRES-PEDRO RICO),40.4800050166163,-3.68876843988931,1137181131,29.9540870293616,False
6756,PM21081,40.3934193794982,-3.6748916324621,248945412,46.23732142674592,False
6635,AV. VICTORIA O-E (AV. ESTACIÓN - DOMINGO ÁLVAREZ),40.4735653262725,-3.83291988382095,325202838,13.853396501246037,False
4955,(MICRO) AV. POBLADOS E-S(GIRO A C.TOLEDO SENTIDO SUR),40.3740397597943,-3.71978990596191,1226184480,12.699231423384342,False
4960,(TACTICO) ERICA N-S (CENTRO C.I.E.),40.3822334042392,-3.75762079867858,282940163,219.56534633874244,True
4959,(TACTICO) REAL MADRID O-E,40.3771784896463,-3.73962775671074,301832683,1.9200213626574543,False
4940,(TACTICO) TANATORIO ENTRADA CRUCE  S-N,40.3733965984254,-3.72176484036123,22567424,17.134166559970513,False
3527,(TACTCO) EDUARDO BARREIROS S-N (GIRO IZDA. A CONIFERAS),40.3653811072541,-3.69817607334944,306165769,13.341979045804079,False
4988,(TACTICO)CRISTO VICTORIA E-O(SAN BASILIO-RAFAELA YBARRA),40.3787362610102,-3.71166015731752,13062347424,12.80642548075576,False
5870,"Av. Cardenal Herrera Oria, 255 O-E(Isla Tabarca-Pico Balaitus)",40.4805690260724,-3.72191881958517,41867702,25.805292007430822,False
5871,"Av. Cardenal Herrera Oria, 255 E-O(Pico Balaitus-Julio Calvo)",40.480606685678,-3.72199948394828,41867702,20.86991712584908,False
10667,COLLADO TIROBARRA E-O(MORALZARZAL-AV. VENTISQUERO DE LA CONDESA),40.4946065662832,-3.71711694512819,254495622,23.302381687103605,False
10879,FERMIN CABALLERO E-O LADO NORTE(FERMIN CABALLERO-ISLA DE AROSA),40.4811229266543,-3.71596815718707,25920642,26.395810776314228,False
4777,MANUEL NOYA N-S(M. SILVELA-MARCELO USERA),40.385877707158,-3.71238266880127,252798392,22.75799786737725,False
10033,(TACTICO) JULIO PALACIOS N-S (ARZOBISPO MORCILLO-PEDRO RICO),40.4817379369335,-3.69393227665015,2531564996,19.11663169281126,False
3517,(TACTICO)ALMENDRALES S-N,40.3873127181109,-3.70049306338232,305972357,16.513914655007863,False
4623,LOPEZ DE HOYOS O-E(PADRE JESUS ORDONEZ-QUINTILIANO),40.4417323762081,-3.67784430187433,143668856,6.210916830709873,False
3572,PSO. MARCELINO CAMACHO N-S,40.3851938292871,-3.74012995598523,21776845,35.10280018079298,False
5037,GRAL. RICARDOS O-E(PAULINA ODIAGA-SALLABERRY),40.3943062472796,-3.72206314235914,1390823507,47.93966845216139,False
5038,GRAL. RICARDOS O-E(PAULINA ODIAGA-PEÑAFIEL),40.3938134013797,-3.72308401728381,302000362,35.03970677672758,False
4628,"LOPEZ DE HOYOS, 125 E-O(RAMOS CARRION-MARCENADO)",40.4462478632306,-3.67092331644569,149135429,22.862520300167624,False
4629,"LOPEZ DE HOYOS, 188 O-E(CLARA DEL REY-PANTOJA)",40.4473608077317,-3.66930082261887,149149392,41.59371262425931,False
4630,"LOPEZ DE HOYOS, 149 E-O(RAMOS CARRION-CLARA DEL REY)",40.4478466412323,-3.66875787462026,21473278,23.95442894365114,False
4637,CORAZON DE MARIA N-S(SANTA HORTENSIA-CANILLAS),40.443950476378,-3.66738038897793,149134784,29.592882496979097,False
3398,CORAZON DE MARIA S-N(SANTA HORTENSIA-SANTA RITA),40.4444173508154,-3.66712265855136,149026323,25.83086941628364,False
3399,"CORAZON DE MARIA, 33 N-S(SANTA RITA-SANTA HORTENSIA)",40.4448844527654,-3.66712203878128,149156630,24.414219605445567,False
3400,"CLARA DEL REY, 23 N-S(SANTA RITA-SANTA HORTENSIA)",40.4453368015844,-3.66826525621412,149152276,18.490726877111804,False
5122,PSO. MARCELINO CAMACHO E-O(CASTROJERIZ-LAGUNA),40.3862063868491,-3.74124653928641,1097356883,1.3234969208087528,False
10507,VIA LUSITANA E-O Ø65 FRENTE(CARRERO JUAN RAMON-FARO),40.380359361794,-3.7257091074199,301884742,23.927683053299564,False
10628,Sofia - Manchester y Julia G Boutan,40.4302190166885,-3.60176398088465,20963055,22.70137709088875,False
10626,Julia Garcia Boutan - Liverpool y Sofia,40.430612824828,-3.60267408236592,20963091,32.357242071646226,False
11287,"Julia Garcia Boutan, 26 - Niza-Suecia",40.4300805102473,-3.60663149644836,21272843,35.17961518676194,False
10040,CORAZON DE MARIA N-S(LUIS SALAZAR-RAMOS CARRION),40.4471262432362,-3.66651347196685,3645135021,27.931647484103983,False
10039,CLARA DEL REY N-S (LUIS SALAZAR -RAMOS CARRION),40.4471056394163,-3.66779678172266,149151679,54.40990996299537,False
4641,PRADILLO 66 O-E (SATURNINO CALLEJA-GUSTAVO FDEZ. BALBUENA),40.4498404039535,-3.66885173819248,2730358262,21.473637135314583,False
4642,"ALFONSO XIII, 35 N-S(RAMON Y CAJAL-LUIS LARRAINZA)",40.4516697507652,-3.66759535369144,119815323,49.861125500982766,False
10636,Sofia - San Petesburgo y Albania,40.4280585868996,-3.60126787334489,20963048,13.981985396127468,False
10631,Sofia - Belgica y Manchester,40.4295503981741,-3.60161786946145,21525291,25.195205903569526,False
6792,PM40902,40.4064010359798,-3.66411088104121,1258603235,34.58108647712138,False
11438,CALLE ALCOCER  SENTIDO - AVD.ANDALUCIA,40.3494707591489,-3.69868562931315,248795438,12.624367381162482,False
4654,MARTINEZ IZQUIERDO O-E(FCO. SILVELA  - ARDEMANS),40.4325671107335,-3.67146580918677,143656433,56.17471439075631,False
11437,CTRA. VILLAVERDE A VALLECAS E-O,40.3518861951672,-3.69259792631835,316441105,10.952066717159362,False
4840,SAN JENARO Ø4 S-N(ARROYO BUENO-ALCOCER),40.3491978069098,-3.70442200147425,316020958,71.2235838195613,False
10325,GLORIA FUERTES O-E(MARIA CASARES-JUANITA CRUZ),40.4959964535399,-3.72437241924199,1127671281,101.3651752944371,True
10327,GLORIA FUERTES E-O(MARIA DE MAEZTU-JUANITA CRUZ),40.4972931386502,-3.72282457347385,1127671281,93.36428432774929,False
3501,CARTAGENA N-S(MARTINEZ IZQUIERDO-AV.TOREROS),40.4328076944549,-3.67049642752489,60015591,26.88288842027091,False
3503,CARTAGENA S-N(LONDRES-AV.TOREROS),40.4310069868223,-3.67052187949737,63640175,12.163187590251903,False
3761,PM41261,40.3812494652337,-3.69035342460072,27465695,134.82562584181844,True
3763,PM41301,40.3729835769889,-3.69472183155491,26205250,22.2312493745726,False
10324,GLORIA FUERTES E-O(JUANITA CRUZ-MARIA CASARES),40.4955825497583,-3.72498658154119,1127671069,89.08510502644681,False
5494,Presidente Carmona N-S - Mártires de Paracuellos-Gral.Perón,40.4530943690241,-3.69726505467237,1728461372,32.64805218401061,False
5508,Lateral PºCastellana N-S - Sor Angela de la Cruz -Juán Gris,40.4583743465486,-3.69051532898473,25906503,39.062232778310154,False
11085,Gral Perón O-E - Aviador Zorita-Presidente Carmona,40.4525018382443,-3.69793388538188,81473206,12.195191626350141,False
11340,(TACTICO) CCTV Jorge Manrique E-O - Entrada Lateral Castellana,40.4436175026246,-3.69059066348277,1754817102,42.12134015741851,False
3693,Bravo Murillo N-S(Av. Islas Filipinas-José Abascal),40.4398319135791,-3.70417808252717,27522358,129.08913123782202,True
4426,"Miguel Angel, 23 N-S(Garcia de Parede-Martinez Campos)",40.4363235574599,-3.69128236441238,25902656,23.70961135270543,False
4428,"Gral. Martinez Campos, 24 O-E(Fdez. de la Hoz-Zurbano)",40.4350448020826,-3.69465538605205,60030729,14.38255441568313,False
4432,"Almagro, 42 S-N(Marqués de Riscal-Gta. Ruben Dario)",40.4321945793769,-3.69170125789642,1760085706,47.88372857875505,False
3407,"Santa Engracia, 26 S-N(Caracas-Pl. Chamberi)",40.4311784556356,-3.69708849699028,141917742,10.09925960094968,False
4415,"Eloy Gonzalo, 24 O-E(Trafalgar-Gta.Pintor Sorolla)",40.4342796998024,-3.70133774980715,98956258,30.449539216559945,False
5516,Mateo Inurria O-E - Gral.López Pozas-Manuel Ferrero,40.4667624418571,-3.68573536394724,7235194735,26.38399170325899,False
11047,EDUARDO BARREIROS N-S(PEUGEOT-ASOMBRO DAMASCO),40.3584261472783,-3.702793084401,1876194960,85.58777810920525,False
4965,(AFOROS)AV.POBLADOS O-E(CON.VIEJO VILLAVERDE-EXPROPIACION),40.3715614380244,-3.70585285070362,1420240335,67.63954723590747,False
11046,ASOMBRO DE DAMASCO E-O(PICARA MOLINERA-EDUARDO BARREIROS),40.3576194399211,-3.70281388842897,2565023271,8.312230240423876,False
4979,AV. POBLADOS O-E (EDUARDO BARREIROS - DULCE),40.3709163366373,-3.69656878628054,248796133,22.723518256534856,False
10382,MONASTERIO DE BATUECAS N-S(AV. SANTUARIO VALVERDE-MONASTERIO DE EL ESCORIAL),40.504923551023,-3.70460308251598,264987962,63.37779877535289,False
10414,MONASTERIO PAULAR N-S (SANTUARIO VALVERDE - MONASTERIO ESCORIAL),40.5046867897258,-3.70061382961351,272435033,58.32331010994777,False
10442,MONASTERIO CAAVEIRO N-S (MONASTERIO ESCORIAL-MONASTERIO SILOS),40.5049089140896,-3.69668932679214,319210362,42.37709100250542,False
10415,MONASTERIO ESCORIAL E-O (MONASTERIO LIEBANA - MONASTERIO CAAVEIRO),40.5067404037421,-3.69583467612873,319210376,64.66646363765842,False
5518,Memorial 11 de Marzo 2004 O-E - Duque de Pastrana-Av.Pio XII,40.4675694288156,-3.67590242125623,31322838,63.72577700612444,False
5519,Memorial 11 de Marzo 2004 O-E - Av.Pio XII-Comandante Franco,40.466802408778,-3.67338634886564,31322842,82.63515368431511,False
5520,Cuesta Sagrado Corazón E-O - M-30 -Comandante Franco,40.4664164153413,-3.67044875120241,25962806,22.202261083290242,False
5521,Memorial 11 de Marzo 2004 E-O - Av.Pio XII-Comandante Franco,40.4666481816748,-3.67266806852481,102222349,25.056755959562693,False
5522,Memorial 11 de Marzo 2004 E-O - Pl.Duque de Pastrana-Av.Pio XII,40.4677744111239,-3.67649227449559,31322838,10.270736121471808,False
5525,Mateo Inurria O-E - Enrique Larreta-Pl.Castilla,40.4665216803812,-3.68707211916644,7235194735,89.854841540732,False
5526,Enrique Larreta N-S - Agustín de Foxá-Mateo Inurria,40.4675453093094,-3.68646636000745,268514296,7.33925310454433,False
5527,Gral.López Pozas S-N - Fco.Suárez-Donoso Montesinos,40.4656256996689,-3.6856029307701,98972138,65.59413471181267,False
10487,CRISTO VICTORIA Ø9 O-E(OLVIDO-CRISTO VEGA),40.3811258515531,-3.70215182268694,306032667,8.650344120192207,False
10417,MONASTERIO SAMOS N-S (SANTUARIO VALVERDE - MONASTERIO ESCORIAL),40.5065085292247,-3.696826148263,319210376,57.91394777939702,False
10421,MONASTERIO BATUECAS S-N(AV. MONASTERIO SILOS-AV. MONASTERIO DE EL ESCORIAL),40.5038527244415,-3.70465844844901,299938088,45.94931873920745,False
5528,Manuel Ferrero N-S - Rafael Herrera-Mateo Inurria,40.4676573877296,-3.68449888125923,268514297,2.882074942978775,False
5529,Dolores Sánchez E-O - Pl.Duque de Pastrana-Platerias,40.4677922446917,-3.67895245979065,102222859,9.70247687533108,False
5530,Pº de la Habana S-N - Comandante Franco-Platerias,40.4666806970066,-3.67915981284159,12106180230,26.604717283661987,False
5533,Av.Pio XII S-N - Comandante Franco-Memorial 11 de Marzo 2004,40.465993150118,-3.67524207267315,3605444570,20.928637869486884,False
5534,José Bardasano N-S - Av.Pio XII-Memorial 11 de Marzo 2004,40.4671448787867,-3.67237089793423,102364267,3.3035941742442607,False
3643,AV. CARDENAL HERRERA ORIA 275 O-E(ISLA DEL YESO-ISLA TABARCA),40.479345817207,-3.72482333542085,339984375,8.33443577786641,False
5541,Av.Pio XII N-S - Comandante Franco-Jerez,40.4649614643088,-3.67568778604781,102498161,22.10931892642517,False
5554,(AFOROS)Av.Pio XII S-N - Memorial 11 de Marzo 2004-José Bardasano,40.4678735021402,-3.67397963232467,102222352,68.09403287776667,False
5555,Comandante Franco O-E - Pº de la Habana-Av.Pio,40.4655622893195,-3.67652422939616,102286635,3.201980401412766,False
10431,MONASTERIO HUELGAS N-S (AV. MONASTERIO SUSO Y YUSO-  MONASTERIO DE EL PAULAR),40.5020351343552,-3.70702920798252,1828866441,1.793035457164977,False
10432,MONASTERIO PAULAR E-O  (MONASTERIO BATUECAS-  MONASTERIO HUELGAS),40.5013419545261,-3.70649917803463,1828866400,48.883124551448134,False
5467,(TACTICO) Alberto Alcocer E-O(Giro a Padre Damián E-S) - (TACTICO) Alberto Alcocer E-O(Giro a Padre Damián E-S),40.458783992777,-3.68518984642953,98964419,31.127923037399,False
10664,PORTERA DEL CURA E-O(LA MASO-AV. VENTISQUERO DE LA CONDESA),40.4909604631179,-3.71492037110143,3985023381,67.0304566847124,False
10663,AV. VENTISQUERO DE LA CONDESA S-N(CERRO MALEJO-PORTERA DEL CURA),40.4896274204139,-3.7162669533512,1696037374,13.541879760809412,False
10665,MIRADOR DE LA REINA O-E(COLLADO DE LA MINA-AV. VENTISQUERO DE LA CONDESA),40.4905562365413,-3.71765322618767,258367947,26.99579991526134,False
10433,MONASTERIO HUELGAS S-N  (COSTA BRAVA-  MONASTERIO PAULAR),40.5006541883225,-3.7079158600391,1828866400,100.61165549669519,True
10434,MONASTERIO PAULAR O -E  (MONASTERIO SILOS-  MONASTERIO HUELGAS),40.5010044886943,-3.70789945053718,1828866400,76.85213694191391,False
10423,MONASTERIO BATUECAS S-N(AV. MONASTERIO SUSO Y YUSO-AV. MONASTERIO SILOS),40.5028941763689,-3.70474689228805,264980177,60.85954131825659,False
5610,Serrano N-S - Pl.Ecuador-Rodríguez Marín,40.4545174482604,-3.678086611925,119838822,34.38849360531075,False
5611,Rodríguez Marín S-N - Acceso Serrano S-N,40.4530328039303,-3.6788817222214,616266900,32.71771819344235,False
5612,Serrano S-N - Pl.República El Salvador-Rodríguez Marín,40.4533839191049,-3.67970765506513,119838820,29.2649658101681,False
5613,Mateo Inurria O-E - Hiedra-Av.del Recuerdo,40.4673493643412,-3.68250461466249,2637038896,36.54815596508932,False
5614,Mateo Inurria E-O - Pº de la Habana-Av.del Recuerdo,40.4676163434415,-3.6798096505369,31322833,24.343195893992903,False
5617,Pte Costa Rica E-O(Entrada Túnel) - Arturo Soria-José Mª Soler,40.4596593424961,-3.66632799463554,1775159830,11.698149459113768,False
5618,Pte Costa Rica O-E(Salida Túnel) - José MªSoler-Arturo Soria,40.4596169192901,-3.6662265346038,1775159830,21.296305709072413,False
4502,FRANCOS RODRIGUE E-O(OFELIA NIETO-STO. ANGEL DE LA GUARDA),40.4577529725497,-3.7123892791909,51422522,61.51762273595551,False
5696,Sta.Engracia S-N - Maudes-Gta.Cuatro Caminos,40.4455344060025,-3.70328440998816,26413364,14.000783461431878,False
5699,Bravo Murillo S-N - Jaén-Tiziano,40.45054136066,-3.70339692326562,26413032,3.9475137139010563,False
5703,Bravo Murillo S-N  - San Enrique-San Germán,40.4564782565711,-3.70206489545758,26412845,23.82648060858488,False
5705,Francos Rodríguez O-E - Fulgencio de Miguel-Bravo Murillo,40.4549563046591,-3.70369294415042,93888896,17.30536770655586,False
5709,Hernani E-O - Istúriz-Bravo Murillo,40.4483483632968,-3.70279756389677,81581408,50.11901050817881,False
5710,Reina Victoria O-E - Marques de Lerma-Gta.Cuatro Caminos,40.4468413341574,-3.70572543363578,32602928,28.006989439267414,False
10075,(MICRO)AV. VENTISQUERO CONDESA (DETRÁS GRUPO 9),40.4956109234769,-3.71918971868022,255956985,10.823868620034503,False
10070,(MICRO)COSTA BRAVA (DETRÁS GRUPO 16),40.495851167656,-3.71906527405175,255957222,11.135852058800127,False
3714,"(TACTICO) AV. CARDENAL HERRERA ORIA, 178 GIRO IZDA. A GINZO LIMIA (PROX. GR-4)",40.4853356732472,-3.70974692114349,240000436,17.785393453129387,False
4776,(AFOROS)R. YBARRA S-N(D. BARRANCO-M. USERA),40.3835639282524,-3.71126380376747,13062369554,17.900617689558587,False
5723,Orense S-N - Reina Mercedes-Gral.Perón,40.4512569663311,-3.69506384194175,81466847,51.110296409549385,False
5724,Orense N-S - Reina Mercedes-Basílica,40.4504684969859,-3.69520662828811,81466847,37.42424482583513,False
3417,Po IMPERIAL N-S(GIL IMON--PL. FCO. MORANO),40.4054204735868,-3.71639217998637,622103357,20.116123615236578,False
4781,(AFOROS)R. YBARRA N-S(M. USERA-D. BARRANCO),40.3834377375583,-3.71129588125141,13062369553,30.071681337638243,False
10690,(CARRIL BUS) AV. MONASTERIO DE SILOS O-E (MONTECARMELO-MONASTERIO CAAVEIRO),40.5040997608775,-3.69713967843332,264987456,84.76931944318738,False
10799,MONASTERIO SILOS O-E (MONASTERIO DE CAAVEIRO - MONASTERIO SAMOS),40.5050915560784,-3.69584396072272,319210362,63.403082321014224,False
6589,(TACTICO)PTE. REINA E-O(GIRO A SIERRA ATAPUERCA),40.5012036256647,-3.67182607407095,262663405,23.776598382229434,False
5490,General Perón O-E - Edgar Neville-Montevideo,40.4523967222993,-3.69628054184471,81473207,23.47297633671837,False
5491,General Perón O-E(Giro) - Orense-Poeta Joan Maragall,40.4522747362997,-3.69372531136008,339391846,8.987998671592857,False
5496,Dulcinea S-N - Aquilino Domínguez-Avila,40.4518981468573,-3.69949338075029,81582480,30.22759276769331,False
5497,Segre E-O - Serrano-Concha Espina,40.4511401022909,-3.68462189883137,98999835,31.33567850602456,False
5498,Concha Espina E-O - Serrano-Pºde la Habana,40.4518119092675,-3.68400108565907,706689950,89.10000672875125,False
5499,Pºde la Habana N-S - Crevillente-Concha Espina,40.4530388004256,-3.68494483259533,98999476,101.91981508631444,True
4538,NUMANCIA N-S(LENADORES-PABLO IGLESIAS),40.4548634340263,-3.71209554246475,98722511,15.72620048602802,False
5041,GRAL. RICARDOS O-E(CLARISAS-ALEJANDRO SANCHEZ),40.3909962571907,-3.72796202831408,301999879,27.168942282857017,False
5051,GRAL. RICARDOS O-E(BLASON-PSO. MARCELINO CAMACHO),40.3838899117748,-3.74055958645411,301832225,44.24589619582962,False
3684,GRAL. RICARDOS E-O(BATALLA TORRIJOS-NTRA. SRA. LUZ),40.3833178620141,-3.74140012454852,1200406851,26.922201787746115,False
5255,OPORTO O-E(LUIS GOMEZ-CNO VIEJO LEGANES),40.3868396254304,-3.72903759281008,301891881,41.01810682859507,False
5770,Av. Complutense N-S  - Arquitecto López Otero - Gta.Cardenal Cisneros,40.4412767996059,-3.72680208278658,150760925,53.631353326717885,False
3498,Av.Gregorio del Amo O-E  - Estación Metro - Juán XXIII,40.4467178244438,-3.71938145148357,150760271,34.95547705904518,False
5775,Av.Reina Victoria O-E - Av. Del Valle - Guzmán el Bueno,40.4458016073485,-3.71432220576494,27514667,32.3629374804116,False
5776,(AFOROS)Av.Reina Victoria O-E  - Guzmán el Bueno-Gral. Ibañez Íbero,40.446383526794,-3.7119902669747,27514668,24.704576908400732,False
5777,Av. Reina Victoria O-E  - Gral. Ibáñez Íbero - Pablo Iglesias,40.4468725766132,-3.71003175117181,359392862,32.15409275108438,False
3411,Av.Pablo Iglesias S-N  - San Francisco de Sales-Reina Victoria,40.4461188807384,-3.70740510632971,32604452,2.9887333132592264,False
5778,Gral. Ibáñez Íbero S-N  - Francisco Sales - Reina Victoria,40.4460878078053,-3.71043084500375,27517857,4.449477350903911,False
5779,Estudiantes N-S - Juán Montalvo - Reina Victoria,40.4469622944617,-3.71252033091653,150760298,12.288603567488307,False
5780,Av. Del Valle S-N - Poeta Angela Figuera - Reina Victoria,40.4449240615139,-3.71481675829745,27508200,4.673994337172167,False
3499,Juan XXIII S-N  - Poeta Angela Figuera -Av.Moncloa,40.4460583025178,-3.71884574127203,150760577,7.5346369196975855,False
7057,Méndez Álvaro  E-O (inferior M-30) - (Entrevías - Retama),40.3921781054603,-3.67615707580713,355859090,22.27281595956313,False
4136,Méndez Álvaro O-E(paso inferior M-30 - Titán-Av.Entrevías,40.3924235127736,-3.67665707705761,31008615,11.984600415129401,False
5064,(AFOROS) OPORTO O-E(ELVAS-PORTALEGRE),40.3856216593101,-3.72497766845589,301999690,7.153219618607306,False
10615,TV. ANTONIA LANCHA S-N (ANTONIA LANCHA-VÍA),40.3858143970867,-3.71973235383172,306034081,8.478337893539104,False
10637,VALLE ORO E-O (CNO. VIEJO LEGANES - DR. ESPINA),40.3876941105414,-3.72733024826374,301891633,22.38660065680131,False
10638,CNO. VIEJO LEGANES S-N (PL. VALLE ORO - VALLE ORO),40.3871905441815,-3.72729392680596,2217182658,9.719432744506845,False
10617,VALLE ORO E-O (DR. ESPINA - FERREIRA),40.3879931740509,-3.72880780512475,301891631,17.185075906055587,False
10855,(CARRIL BUS) SANTO DOMINGO DE LA CALZADA E-O (REDECILLA DEL CAMINO - CAMINO DE SANTIAGO),40.5073946647602,-3.66897667826115,257717291,41.07840899820905,False
10856,(CARRIL BUS) SANTO DOMINGO DE LA CALZADA O-E (SIERRA ATAPUERCA-BOADILLA DEL CAMINO),40.5053832646911,-3.66640843570289,259587868,39.889956940099225,False
9843,Dr.Ramon Castroviejo O-E - Av.Miraflores-San Martin de Porres,40.4724715878338,-3.73023428407734,344863186,47.10268981800565,False
11396,Dr. Ramon Castroviejo E-O - Islas Bikini-Gta Isaac Rabin,40.4733353111184,-3.72733074892008,339984133,28.29393981106121,False
11243,Islas Aleutianas N-S - Manuel Garrido -Isaac Rabín,40.4735907517093,-3.72874147113054,344862963,54.724789092446706,False
5422,Av.Betanzos S-N - Av.Monforte de Lemos-Av.Ilustración,40.4787212982524,-3.7124260155744,25687294,90.3743987294202,False
5423,Av.Ilustración O-E - M-30 -Av.Betanzos,40.479708211292,-3.71428548182446,339984070,14.069651977157328,False
5426,Av.Ilustración O-E - Centro Cívico-Ginzo de Limia,40.481506687961,-3.706876498368,25587437,121.17901336877416,True
5427,Av.Ilustración E-O - Arzobispo Morcillo-Ginzo de Limia,40.482678175394,-3.70300488954865,25920353,81.68148554318768,False
5431,Ginzo de Limia S-N - Av.Monforte de Lemos-Av.Ilustración,40.480215560889,-3.70445465126335,25587448,68.22504253384726,False
4758,"VIA CARPETANA, 167 O-E (LEON V ARMENIA-LAGUNA)",40.3911796387159,-3.74296214259762,21787380,6.552015822909439,False
4760,HIGUERAS Ø41 S-N(PALMIPEDO-SEPULVEDA),40.4040855537187,-3.74529872014104,871308659,48.71808984122329,False
4761,HIGUERAS Ø25 N-S(ALMAZAN-CEBREROS),40.4055617823685,-3.74522915113905,305397093,13.972331960170514,False
5132,AV.ABRANTES S-N(AV.POBLADOS-BESOLLA),40.3752932859807,-3.73502211819642,301681888,82.94352434650288,False
5144,CARCASTILLO ENTRADA CRUCE,40.3789228626694,-3.73375331913174,1399790484,7.855380094897646,False
5146,Cº VIEJO DE LEGANES S-N,40.380086250916,-3.73208394338914,301999484,7.119287710620734,False
5147,AV. ABRANTES O-E(BESOLLA-PL.VULCANO) FRENTE,40.3766421696495,-3.73335778680055,301884511,36.31126553547819,False
5148,AV. ABRANTES O-E(BESOLLA-PL.VULCANO) GIRO,40.3766640089767,-3.73338997679506,301884511,35.891112662539115,False
3769,AV. DE ABRANTES FRENTE Nº106,40.3776075010014,-3.73226218035009,279108008,18.879514480909094,False
4762,"SEPULVEDA, 119 E-O (HIGUERAS-A. MORÁN)",40.4043326844371,-3.74646769289063,346636658,19.10957797569266,False
4764,"CEBREROS, 54 O-E (CARLINA-HIGUERAS)",40.4047723895778,-3.74682145461057,346636658,62.85837802637192,False
4767,CEBREROS Ø130 GIRO E-N (CEBREROS-CARLINA),40.4041504552016,-3.74996615515763,1613001783,33.42019083572964,False
4769,CEBREROS Ø177 O-E (RUEZA-CARLINA),40.4035668073408,-3.75129894841573,255883293,33.70011488026861,False
4771,"VILLAMANIN,39 N-S (VILLAMANIN-VILLASANDINO)",40.4059080828777,-3.75355179442439,6216162280,10.189211281967758,False
10226,VILLAMANIN Ø46 S-N (A-5-VILLASANDINO),40.4049399291117,-3.75277513561092,6216162273,50.52135492001632,False
5188,VIA CARPETANA ENTRE ARROYO VALDECELADA - ERMITA SANTO,40.398971757745,-3.73413430068793,21778951,31.28029222418206,False
5239,AV. PESETA O-E(MORALES-AV. CARABANCHEL ALTO),40.3621842849726,-3.75532145097161,309694600,23.53305852455776,False
10593,AV. EURO E-O(PESO HISPANO-DURO),40.3656777865821,-3.74381991106884,291426437,68.48104026840547,False
10592,DURO S-N(AV. PESETA-AV. EURO),40.3648932718985,-3.74434592376131,316618129,8.633409194296465,False
10594,AV. EURO O-S(MAELLA-DURO),40.3651343075522,-3.74549032869868,309892239,21.264329887852035,False
10225,VILLAMANIN Ø46 S-N GIRO IZDA (A-5-VILLASANDINO),40.4049475428135,-3.75285096143932,6216162273,45.54680575578184,False
4821,(TACTICO) AV. VERBENA PALOMA Ø3 O-E,40.3609721252266,-3.69381586204324,248790293,13.207015005728774,False
5241,REAL E-O(CALDERILLA-VIA LUSITANA),40.3634656358085,-3.74259398277235,2689755148,3.999932594659162,False
5243,AV. PESETA O-E(MARAVEDI-VIA LUSITANA),40.3633502299834,-3.74490472977154,316618150,38.98690487572623,False
5251,AV EURO S-N(PESO HISPANO-AGUACATE),40.36770502245,-3.74240059166803,371278077,26.83404432614644,False
5257,PINAR SAN JOSE S-N(PATRIMONIO HUMANIDAD-AV. PESETA),40.3636575519447,-3.76355807744032,316453721,74.63482857625573,False
5259,CTRA Bº FORTUNA N-S(TROMPAS-FLAUTAS),40.3712485934086,-3.76603004679079,309694225,42.126106814202586,False
5260,AV. PESETA S-N(CLARINETES-FLAUTAS),40.369048949304,-3.76554350215714,1838624694,22.527691124982606,False
11288,"Julia Garcia Boutan, 12 - Longares-Niza",40.4298261435662,-3.60845620318517,4525169585,50.06095140483863,False
11285,"CARRIL BUS_Av Niza, 43 - Mª Sevilla Diago-Julia Garcia Boutan",40.4307302462983,-3.60727007554497,21525436,13.49826485649209,False
11295,"Niza, 11 - Alpes-Austria",40.4277050572743,-3.60653958655477,20963202,25.670899239167262,False
11297,"Julia Garcia Boutan, 35 - Suecia-Niza",40.4302641252494,-3.60566879514014,20963098,32.00617571481273,False
5261,CTRA Bº FORTUNA S-N(M-40-AV. PESETA),40.3690295906094,-3.76630990591494,1838624646,12.962038384700737,False
4898,"VALMOJADO, FRENTE Ø32 S-N(VALMOJADO-ILLESCAS)",40.3910856773914,-3.75841488838201,302687979,10.511836466909438,False
4899,ILLESCAS Ø36 O-E(TEMBLEQUE-VALMOJADO),40.3925777633842,-3.75948958431204,21721553,100.00273669305811,True
11023,CARABANCHEL BAJO N-S(SLBOX-AV. POBLADOS),40.3752363183005,-3.74616744901951,301831701,13.307970968354912,False
10501,VIA LUSITANA O-E Ø133 (AV. POBLADOS-PL. RENDICION BREDA),40.3755904613809,-3.73148943677629,5545590168,20.19085281742374,False
10330,MARIA DE MAEZTU E-O(MARIA CASARES-SENDA DEL INFANTE),40.4936254162514,-3.72404721137593,1127671228,24.951610747971014,False
10329,MARIA DE MAEZTU E-O(JUANITA CRUZ-MARIA CASARES),40.4944102698912,-3.72318030814326,1127671228,89.26464247874205,False
10384,AV. SANTUARIO VALVERDE O-E(MONASTERIO DE BATUECAS-MONASTERIO DE LAS HUELGAS),40.5055710629717,-3.70566527356779,268019296,86.23159990691485,False
9941,AV. PESETA E-O (TRENTIN - LUIS ORO),40.3635329088999,-3.74500142563998,316618150,33.49036747269094,False
9940,AV. PESETA O-E (MUTUAL - LUIS ORO),40.3629643999712,-3.7466872256488,316617944,44.198859554082404,False
11021,CARABANCHEL BAJO S-N(CHIRIVITA-AV. POBLADOS),40.3744433101111,-3.74750670810717,316250298,45.54870066501254,False
4954,(TACTICO) AV. POBLADOS GIRO E-O(CTRA. TOLEDO-CAZALEGAS),40.3736034284204,-3.7226355136895,306097585,12.12171865759591,False
6824,(TACTICO)LATERAL CTRA. TOLEDO S-N(M40-POBLADOS)10 mts.,40.3732901762901,-3.71957472648986,1329856633,15.917736164537677,False
4968,AV. POBLADOS E-O (ORCASUR (1) - DR. TOLOSA LATOUR),40.3710866802509,-3.70098312954584,27553011,23.337639531635798,False
11051,EDUARDO BARREIROS N-S (SAN LUCIANO-SANTA ESCOLASTICA),40.3631778208845,-3.69979803664971,318948028,24.933175041452223,False
11049,EDUARDO BARREIROS S-N(CANCION DEL OLVIDO-CORTE DEL FARAON),40.3611545222447,-3.70097121701099,248795761,108.66938759372248,True
10323,GLORIA FUERTES E-O(MARIA CASARES-SENDA DEL INFANTE),40.4948106289656,-3.72585023167794,1127671069,23.876733146255297,False
5153,AV.DE LOS POBLADOS ENTRE LUIS CHAMIZO Y AV. LAS AGUILAS SENTIDO O-E,40.3867777301161,-3.76317377567292,13105986245,55.83998852150036,False
5797,Payaso Fofó - Av. Albufera-Arroyo del Olivar,40.391942160061,-3.65972591553562,316637557,8.628290913144372,False
4977,RAFAELA YBARRA N-S(RICARDO BELTRAN Y ROZPIDE-AV.POBLADOS),40.3746867309503,-3.71234011114747,258550140,47.916827369322505,False
5287,ANTONIO LOPEZ E-O(BALEARES-M.VADILLO),40.3970784017141,-3.71421806784504,309203338,13.671454580917288,False
5798,Arroyo del Olivar - Sierra del Cadi-Payaso Fofó,40.3914387413053,-3.66053204733765,1224768424,8.842013534501818,False
5799,Arroyo del Olivar - Payaso Fofó-Sierra de Cadi,40.3917698569165,-3.66127394437208,1423303769,7.775447368021174,False
11298,"Suecia, 59 - Alpes-Budapest",40.4275402885674,-3.60467855196159,26290198,22.663577326680805,False
5800,Sierra del Cadi - Av. Albufera-Arroyo del Olivar,40.3927074191203,-3.66074124891813,248137291,25.53171839852449,False
5801,Arroyo del Olivar - Ntra. Señora Perpetuo Socorro-Sierra del Cadi,40.3925411990689,-3.66239088225256,247988094,5.5013345551840045,False
5802,Carlos Martín Álvarez - Javier de Miguel-Arroyo del Olivar,40.3910077152052,-3.66217146255446,248143211,38.728509206321114,False
6063,Arturo Soria - Añastro-Ramonet,40.4679851562384,-3.66632070809875,285911596,16.14279633274994,False
6064,Arturo Soria  - Bausa-Cta. Sagrado Corazón,40.468473063927,-3.6666001033883,13311216794,42.248891865942646,False
3695,San Cipriano  - Jardín de la Duquesa-Lago Leman,40.4040262511688,-3.6048253950767,352932319,31.719800213104698,False
5812,Av. Ciudad de Barcelona - Seco-M-30,40.3991057312203,-3.67080544264839,30922256,56.813281146927835,False
5814,Av. Albufera - Virgen - Puerto de Alcolea,40.3966105383223,-3.66604268935788,248135898,3.235474128800556,False
5824,Vía Servicio M-30 - M-30-Av. Albufera,40.3995212758795,-3.66873082838825,1251186173,6.683432974876004,False
5827,Av. Albufera - Melquiades Biencinto-Monte Igueldo,40.3977759413933,-3.66825693611523,248076210,28.868807262123497,False
5874,"Av. Cardenal Herrera Oria, 221 O-E(Isla de Arosa-La Masó)",40.4826840309865,-3.71602938856618,25693475,78.88590112811107,False
5875,"Av. Cardenal Herrera Oria, 221 E-O(La Masó-Isla de Arosa)",40.4827435776243,-3.71608946531446,25693475,81.57428464328564,False
10666,AV. VENTISQUERO DE LA CONDESA N-S(PZA. TORCUATO FERNANDEZ MIRANDA-COLLADO TIROBARRA),40.4949197954439,-3.71852156025292,13430365033,81.39448846315751,False
5290,ANTONIO LÓPEZ O-E (ESTEBAN ARTEAGA-MARQUES JURA REAL),40.3946918092327,-3.70933955864442,306039829,52.852292940506274,False
10929,MARQUES JURA REAL N-S(JOAQUIN MARTINEZ BORREGERO-BALEARES),40.390952109407,-3.71162835056721,305976429,47.475475834335455,False
10957,CARRIL BUS CALLE 30 N-S (ENTRADA A CRUCE A 110 M LINEA DE PARADA),40.39880233195,-3.71672369668167,281814132,62.14837269101611,False
5839,Av. Albufera - San Claudio-Av. Pablo Neruda,40.3882755166356,-3.64208066193943,316635072,11.35029574604019,False
5844,Av. Albufera - Av. Albufera-M-40,40.3853177948582,-3.635260854784,31030282,33.60335994573087,False
5876,"Av. Cardenal Herrera Oria, 204 E-O(Ginzo de Limia-La Masó)",40.4834285568132,-3.71305939508608,25693479,47.805975682180666,False
5877,"AV. CARDENAL HERRERA ORIA, 167 O-E(RONDA BARA-GINZO LIMIA)",40.4846090796205,-3.71082638754268,8687348893,43.851613883471224,False
5846,Av. Pablo Neruda - Av. Pablo Neruda-Av. Albufera,40.3899718704671,-3.64338715761634,27509300,37.469941952672464,False
5847,Av. Pablo Neruda - Luis Buñuel-Av. Albufera,40.3882957680604,-3.64436614303602,330235089,75.52857783992503,False
5848,Av. Rafael Alberti - Av. Rafael Alberti-Av. Albufera,40.3884571096461,-3.63976029161246,1250622561,72.80453531756972,False
10074,(MICRO)ACCESO M-40 (DELANTE GRUPO 13),40.4961639828342,-3.71981260720498,255956991,13.070850275460467,False
11483,DR. TOLOSA LATOUR ( CRISTO DE LA VEGA Y  DR. TOLOSA LATOUR 16),40.3748258002854,-3.70269140994659,27553870,64.90433691368558,False
10680,(MICRO) PSO. QUINCE DE MAYO O-E (CCTV CITYLOG),40.3972338339402,-3.71685030590774,265979819,5.254693245725898,False
5292,(TACTICO) BALEARES S-N,40.3965507198873,-3.71359593677208,305976652,19.53101862156346,False
5878,"AV. CARDENAL HERRERA ORIA, 176 E-O(GIRO A GINZO LIMIA)INTERIOR CRUCE",40.4856757092534,-3.70923309610895,2485082425,4.249278829823966,False
6779,PM31452,40.3699972866387,-3.7203050010883,22594292,68.6270747508636,False
5879,"AV. CARDENAL HERRERA ORIA, 168 E-O(CERRO CASTAÑAR-LAGUNA GRANDE)",40.4867603524681,-3.70750365819811,254459987,64.27004602486019,False
5321,AV. AVIACION O-E(MONROY-MIRABEL),40.3770553007168,-3.78325360873263,5503805666,20.50821491648764,False
5322,SALIDA BASE MILITAR CUATRO VIENTOS S-N,40.377387231127,-3.78360662603238,1284402522,14.430384393767229,False
6946,Av. Albufera - Rafael Alberti-Fuengirola,40.3871623681946,-3.63985679516434,31031268,42.25027485838715,False
10063,Pío Felipe - El Bosco-Jadraque,40.3974681251601,-3.648737128408,307643821,44.050813087024046,False
10064,Pío Felipe - Jose Luis Saura-Mohernando,40.3962863808365,-3.65034945547594,317566136,38.12122913147303,False
11460,Rafael Alberti 20 - Av Albufera-Luis Buñuel,40.3870560482505,-3.64081014587815,31333233,36.44202119543782,False
11461,Rafael Alberti 37 - Torremolinos-Luis Buñuel,40.3852792412624,-3.64202437277421,27510468,25.625548969249742,False
11478,Cerro Negro 2 - Ciudad Barcelona-Gandía,40.398399415427,-3.67013251787559,30922248,37.555347294165045,False
11299,"CARRIL BUS Suecia, 59 - Alpes-Budapest",40.427537843829,-3.60471263672574,26290198,25.47027219431344,False
10027,AV. CARDENAL HERRERA ORIA 83 O-E(PEÑA DEL OSO-CTRA. DE COLMENAR),40.4896968890248,-3.69944022383901,2590772500,25.661581859060288,False
5881,AV. CARDENAL HERRERA ORIA 87 O-E(GINZO DE LIMIA-PEÑA DEL OSO),40.4889493869925,-3.7015797800744,26209509,0.190121527255397,False
5337,ESTAFETA S-N (NAVASCUES-MEZQUITA),40.3727343241301,-3.69226569976637,27582405,20.76797735996101,False
5342,AV. OROVILLA N-S (M-40-CIRCULO),40.3633782686875,-3.69068999669722,248845691,144.79259826948137,True
5864,Santiago Alió - Santiago Alió-Av. Albufera,40.3893582490297,-3.64524691630399,31031187,23.159999893469433,False
5865,Fuengirola - Av. Albufera-Benalmádena,40.3865569398476,-3.63885930861682,1278336534,9.390115854501744,False
5867,Ramón Pérez de Ayala  - Ramón Pérez de Ayala-El Bosco,40.4019134169455,-3.65186806994926,1222159129,7.327918165621053,False
5920,Alcalá - Pileo-Hermanos de Pablo,40.4356632166145,-3.64292977107291,250637364,11.877599400063405,False
5923,Alcalá - Rio Bamba-General Aranaz,40.4388841045877,-3.63449554385309,2208138716,10.360134610194883,False
5925,Alcalá - Concejal Julio Gomez-Florencio Llorente,40.4327722030143,-3.6507143782445,25531131,1.5767401088606474,False
10242,TACTICO Giro de Av. Arcentales entrada al Estadio -  Giro de Av. Arcentales entrada al Estadio,40.432699071704,-3.60042987660275,5041755774,2.329726425860017,False
10400,Ctra. Vicalvaro a la Estación O´Donnell S-N - Abad Juan Catalá - Villablanca,40.4038853267109,-3.59448761681286,1145664717,24.21137744655392,False
3644,Alcalá - Santa Elena - Maximo San Juan,40.4326582257966,-3.65134430026916,25531132,18.487677273979784,False
10134,"GINZO LIMIA, 53 N-S(AV. CARDENAL HERRERA ORIA-FERMIN CABALLERO)",40.4850883803245,-3.70866830374727,2504331657,8.933973220788426,False
10333,AV. MONASTERIO ARLANZA S-N (M-607 - SILOS),40.5097439066777,-3.69065358983547,264986731,19.9356475758462,False
3645,Alcalá - Argentina - Concejal Juilo Gomez,40.4329225896513,-3.64967279482074,25531129,19.491587457788714,False
3775,Alcalá - Boldano-Arturo Soria,40.437252676,-3.63956054558905,25531125,9.335299068778223,False
3756,Alcalá - San Romualdo-Miguel Yuste,40.4415851351732,-3.62452104617326,2208138760,74.31152813496062,False
10550,Alcalá - Iquitos - Miami,40.4405474609077,-3.62837441717706,2208138744,20.751143913055294,False
6214,Villablanca - Minerva-Av. Gran Vía del Este,40.4041166787313,-3.59660403091411,307532963,28.54731716818995,False
10335,AV. MONASTERIO SILOS O-E (SOBRADO - ARLANZA) CARRIL DERECHO,40.5096405266688,-3.69195667853867,264986721,18.78146826003868,False
10293,(TACTICO) SALCEDO S-N (SALVATIERRA - LEZAMA),40.4904782772111,-3.69224394166413,79298873,17.218162603479712,False
6579,(TACTICO) MANRESA E-O GIRO,40.4914534628724,-3.69008515470598,77917056,0.8899932279346288,False
3787,(TACTICO) ISLA JAVA E-O,40.4911304815981,-3.68588501300309,602184962,21.665467421338477,False
5938,Misterios - Misterios-Alcalá,40.4381962060663,-3.63898786670111,242851289,24.9155445619507,False
5889,"GINZO DE LIMIA, 60 S-N",40.4834176557114,-3.7059719061823,4633714092,23.40488629432309,False
5939,Arturo Soria - López de Aranda-Alcalá,40.4389371274578,-3.63897226613014,250637486,16.699183046261776,False
5890,FERMÍN CABALLERO 53 O-E,40.4833883847078,-3.70791487528786,25920540,54.152741796489174,False
10028,MONASTERIO HUELGAS N-S(MONASTERIO EL PAULAR-COSTA BRAVA),40.4991320806893,-3.70866363849248,3430519979,7.887007184321415,False
10365,MONASTERIO DE EL PAULAR S-N (SUSO Y YUSO - SILOS),40.5027385191068,-3.70044695256654,272435031,57.07806442041388,False
10378,AV. SANTUARIO VALVERDE O-E(MONASTERIO DE BATUECAS-MONASTERIO DE GUADALUPE),40.5054260255267,-3.70350732216612,264980559,87.45967472098063,False
10381,MONASTERIO DE BATUECAS S-N(MONASTERIO DE EL ESCORIAL-AV. SANTUARIO VALVERDE),40.5049435949207,-3.70455879941276,264980559,61.42839766055416,False
10552,Alcalá - Albarracin-Santa Leonor,40.4388762894243,-3.6342063144256,2208138716,14.978095587352538,False
10553,Santa Leonor - Caunedo-Jaime Hermida,40.4387968618114,-3.63246474035759,255244411,18.997566207426097,False
10557,Alcalá - Valentin Beato-Miguel Yuste,40.4409931424108,-3.62645859777121,64944207,25.947157025634272,False
6215,Rivas  - Boyer-Av. Gran Vía del Este,40.4026644432642,-3.59395388701499,346845527,65.25106755744982,False
10735,Alcalá - Vicente Espinel-Vazquez de Mella,40.4365208119309,-3.64094937343813,250637505,37.00109866393887,False
10823,Alcalá - Alcalde López Casero - Ventas,40.4320366408256,-3.656009248419,25531137,10.608403391709558,False
10780,Av. Entrevías - Ronda Sur-Villacarrillo,40.3768739005598,-3.66126008832381,306101239,46.71404280020614,False
10779,Av. Entrevías - Renfe-Ronda Sur,40.3761418370707,-3.65827073107023,307711354,49.831050277881864,False
10892,Av. Entrevias - Mendez Alvaro - Renfe,40.3906183670185,-3.67261567392857,317417350,64.95333498849556,False
10891,Av. Entrevias - Timoteo Perez Rubio - Renfe,40.3889794124148,-3.67192789516558,1251048482,23.417481563104644,False
10893,Av. Entrevías - Timoteo Pérez Rubio - Concejo de Trevenga,40.3877233495193,-3.6716607915069,1251048976,16.144829062872176,False
5892,ACCESO M-607 A AV. CARDENAL HERRERA ORIA,40.4910349888949,-3.69918491012719,390063305,40.60971268385412,False
10416,MONASTERIO SAMOS S-N (MONASTERIO SILOS - MONASTERIO ESCORIAL),40.5060584828852,-3.69582610433865,319210376,40.33611441359983,False
10686,AV. MONASTERIO SILOS O-E(MONASTERIO HUELGAS-MONASTERIO BATUECAS),40.5034587370274,-3.7055907726441,299938088,73.69695708262755,False
10420,MONASTERIO BATUECAS N-S(AV. MONASTERIO DE EL ESCORIAL-AV. MONASTERIO SILOS),40.5038486606237,-3.70470185363121,299938088,45.23187761349829,False
5346,OROVILLA S-N (SILVINA-AV.ROSALES),40.3668230000443,-3.69257775180493,26280696,82.83141851115899,False
10894,Av. Entrevías - Concejo de Trevenga-Mejorana,40.3865848763622,-3.67131281789148,306044435,29.881922857485918,False
10897,Av. Entrevías - Martell-Concejo de Trevenga,40.3860071780895,-3.67100196317014,306100973,31.132736453887944,False
10904,Av. Entrevías - Paso Peatones-Calero Pita,40.3834100859508,-3.66972370761511,317592903,4.809685433125778,False
5893,SAN MODESTO S-N(SAN MODESTO-AV. CARDENAL HERRERA ORIA),40.4895156010902,-3.69743181141907,1137265094,35.7931689931107,False
10800,MONASTERIO SAMOS N-S (MONASTERIO ESCORIAL - MONASTERIO SILOS),40.5059841324737,-3.69575149681667,352943818,49.722126434469,False
10801,MONASTERIO SAMOS S-N (MONASTERIO SUSO Y YUSO - MONASTERIO SILOS),40.5055152354312,-3.69470738565157,352943818,52.824410401059,False
10916,Av. Entrevías - Pozo del Tío Raimundo-Estación El Pozo,40.3753552052668,-3.65587401164391,307712572,42.057271301425516,False
10915,Av. Entrevías - Pozo del Tío Raimundo-Estación El Pozo,40.3753950310172,-3.65585272858572,307712572,41.19921439292904,False
3725,(TACTICO) ALCALDE SAINZ BARANDA O-E(GIRO IZQ. A VAQUERIAS,40.4179525679616,-3.66620675465193,11277866118,20.965739512615585,False
3601,ASTROS E-O(CRUZ DEL SUR-DR. ESQUERDO)(DE FRENTE),40.4113634505422,-3.6688777307952,12331929364,16.2591291333974,False
10984,ESTRELLA POLAR E-O(PUENTE M-30 -PEZ AUSTRAL),40.4110913034445,-3.66463783006698,151025733,33.48953956359381,False
11174,Alcalá 402 - Vicente Espinel-Vazquez de Mella,40.4370022173125,-3.63993505275818,25531124,6.436304296434861,False
11176,Alcalá 408 - Arcones Gil-Alfonso Paso,40.4373996090302,-3.63912642142095,2507776621,6.027757474225121,False
11175,Alcalá 408 - Arcones Gil-Alfonso Paso,40.4374201190867,-3.63914326764685,2507776621,4.325112541567218,False
10914,Av. Entrevías - Ronda del Sur-Padre Llanos,40.3762377247344,-3.65895515188221,307708319,41.7847276972825,False
10913,Av. entrevías - Ronda del Sur-Padre Llanos,40.3761934205745,-3.65897458394942,307708319,37.07129598980049,False
11031,AV. CARDENAL HERRERA ORIA O-E(GINZO DE LIMIA-LAGUNA GRANDE),40.4852669790616,-3.70967229889016,240000436,15.9494598910837,False
10815,MONASTERIO CAAVEIRO N-S (SANTUARIO VALVERDE - MONASTERIO ESCORIAL),40.5056339863649,-3.69764158153366,319210363,53.30666590048489,False
10918,Pedroches - Membezar-La Mancha,40.3795946401631,-3.67009592011306,307701118,82.67867288465087,False
3880,ESTRELLA POLAR E-O(PUENTE M-30 -SIRIO),40.4109746466864,-3.66261608533599,29467615,22.13988459920762,False
3884,DR. ESQUERDO S-N(ASTROS-PEZ VOLADOR),40.4117467419222,-3.66969668806154,151023487,35.02983740487572,False
5952,Hermanos García Noblejas - Braulio Gutiérrez-Santo Domingo Savio,40.4304428095968,-3.6327190712478,3259658526,31.16177063654702,False
5959,Hermanos García Noblejas - Francisco Largo Caballero-Pobladura del Valle,40.4226535331056,-3.62699891759475,976633510,13.811035602968287,False
5960,Hermanos García Noblejas - Villaescusa-Pobladura del Valle,40.4215223702331,-3.62608354973062,24969303,15.516004520729263,False
5961,Hermanos García Noblejas - Villaescusa-Nicolás Salmerón,40.4195268893666,-3.6248014728662,24968034,6.833273252104898,False
5962,Julián Camarillo - Albarraciín-Hermanos García Noblejas,40.433562673667,-3.6330550076045,31107188,87.28974079676755,False
5976,Hermanos García Noblejas - Emilio Muñóz-Miguel Fleta,40.4304038454388,-3.63250552090388,25375367,37.09685255489991,False
10917,La Mancha - Peñarroya-Campiña,40.3794997323467,-3.67174157998608,306044017,15.907750096400484,False
11099,RISCOS DE POLANCO N-S (CERRO DE LA CARRASQUETA-VALLE DE PINARES LLANOS),40.486116247273,-3.72270598904191,258585930,19.596105933507143,False
10816,MONASTERIO CAAVEIRO S-N (MONASTERIO SILOS - MONASTERIO ESCORIAL),40.5050285759375,-3.69677794017637,319210363,46.01091764697109,False
11360,MONASTERIO DE POYO ENTRE MONASTERIO DE SUSO Y YUSO Y MONASTERIO DE SILOS,40.507867232461,-3.6930137774407,282672160,32.615708678142944,False
10030,(TACTICA)MONASTERIO HUELGAS N-S(MONASTERIO EL PAULAR-COSTA BRAVA),40.4987575185717,-3.7085677558967,254463575,21.777114160218403,False
11534,( TACTICO) ACCESO M-607 - MONASTERIO DE ARLANZA,40.5086343476503,-3.68810421953129,807697548,12.41796495832318,False
11533,(TACTICO) REINO DE CANDAYA S-N,40.5083581242558,-3.68830650380378,267572727,18.329772621918902,False
11471,(FICTICIO)AV. MONTECARMELO S-N(M-607-MONASTERIO SUSO Y YUSO),40.5023975662405,-3.69726539347852,355539623,4.995139930458107,False
3887,(TACTICO) ALCALDE SAINZ BARANDA E-O(GIRO A M-30),40.4214546999679,-3.66128986274622,25938861,8.955834810751103,False
10776,Av. Entrevías - Calero Pita-Hernández Más,40.3827963778025,-3.66947849086812,355531732,28.53791424735422,False
6491,Av. Arcentales - Instucion Libre Enseñanza-Ajofrin,40.425840729443,-3.62637059372789,10241421080,26.131415148695677,False
11166,Fco. Pi y Margall - Principe Carlos - Isabel Clara Eugenia,40.4867302274627,-3.65066745373156,283576938,51.21411344583909,False
11154,Fco. Pi y Margall - Isabel Clara Eugenia - Niceto Alcalá Zamora,40.4861244436487,-3.64870875571133,299401836,28.478245953612017,False
10136,VALCARLOS S-N (PUENTE DE LA REINA - SAN JUAN DE ORTEGA),40.5003149451234,-3.67006724922447,256581824,19.037453713978483,False
5894,"Ventisquero de la Condesa, 2 N-S(Valle Pinares Llanos-Av. Cardenal Herrera Oria)",40.4837209993387,-3.71540000819024,25693466,77.50042651790956,False
5895,VENTISQUERO DE LA CONDESA LATERAL TUNEL S-N(HERRERA ORIA-VENTISQUERO DE LA CONDESA),40.4848884503655,-3.71612000897145,258369438,81.12071882233136,False
3530,VALCARLOS N-S (VILORIA DE LA RIOJA - SAN JUAN DE ORTEGA),40.5013567743021,-3.6689613549975,259587929,29.49684400223549,False
6587,(TACTICO)PTE. REINA O-E(GIRO A CNO. SANTIAGO),40.5021765129974,-3.67434122628147,255962279,29.025616685455937,False
5988,Gandhi - Hermanos García Noblejas-José Arcones Gil,40.4259433771261,-3.63016985170365,101215480,51.62240706028837,False
5989,Gandhi - Luis Ruíz-José Arcones Gil,40.4248062562311,-3.63280840517397,101215435,89.28056312023104,False
11153,Av. Fuerzas Armadas - Av. Fco. Javier Saenz de Oiza - Av. F. Armadas Parking_Oeste,40.4846402815491,-3.64150256773335,965442472,42.281347165903156,False
11144,Fuerzas Armadas - Aretha Franklin-P.P. (16-155),40.4855063065774,-3.63752094733117,969169728,36.87099225616875,False
11149,Fuerzas Armadas O-E - P.P.(16-162)-Gta. Isidrio Glez. Glez.,40.4833725049003,-3.62789824043368,969169584,66.12856937809137,False
11188,Av Fuerzas Armadas - Gta Isidro Velzaquez-Fuerzas Armadas 298,40.4821787426271,-3.62451689817325,1825544548,43.916820169665094,False
11191,"Av Fuerzas Armadas, 322 O-E - Av Fuerzas Armadas, 322-Gta Antonio Perpiña",40.482198134045,-3.62094099535738,969169634,168.7953754827171,True
6588,(TACTICO)PTE. REINA O-E(GIRO-SIERRA ATAPUERCA),40.5015493449234,-3.67231933815098,255962278,22.87693959881682,False
6595,SANTO DOMINGO DE LA CALZADA E-O (REDECILLA DEL CAMINO - CAMINO DE SANTIAGO),40.5073579435782,-3.66902258209229,257717291,38.66635509907735,False
5896,VENTISQUERO DE LA CONDESA SALIDA TUNEL S-N,40.4848556000239,-3.71622616556751,258369438,81.60101356279887,False
11096,GINZO LIMIA N-S GIRO IZDA. (AV. CARDENAL HERRERA ORIA-FERMIN CABALLERO),40.4846691677929,-3.7079473130909,25920269,43.86589803596436,False
6599,VALCARLOS N-S (PALAS DEL REY - SANTO DOMINGO DE LA CALZADA),40.5050366632699,-3.66466894201754,258127282,24.95945348166533,False
11141,"Niceto Alcala Zamora, 11 - Miguel Angel Asturias-Fco. Pi y Margall",40.4869745067789,-3.6466352481434,283606917,72.47010717884778,False
11197,Alejandro de la Sota S-N - Gta. Luis Blanco Soler-Gta. Antonio Perpiña,40.4809364064474,-3.61775694940766,1825145129,88.39516679754678,False
3899,Av. Mediterraneo E-O - Abtao-Pl. Mariano Cavia,40.4072897082322,-3.6758020780859,30903048,24.789850383793066,False
3900,Cavanilles E-O - Narciso Serra-Pl. Mariano Cavia,40.406805612646,-3.67765683057019,29564848,12.98054329197158,False
3905,Dr. Esquerdo N-S - Sta. Sabina-Cavanilles,40.4050889970375,-3.67142848775827,30922235,56.95571780554668,False
11089,Dr.Esquerdo N-S - Valderribas -Granada,40.4030074884306,-3.67333378322248,29565243,31.8136482474108,False
11115,Dr. Esquerdo S-N - Andalucia-Valderribas,40.4024482052481,-3.67368764264869,30922309,26.289621754583088,False
11116,Andalucia E-O - Adelfas-Dr. Esquerdo,40.4019618573897,-3.67331948608007,30922306,15.257020196019958,False
11192,"Av Fuerzas Armadas, 322 O-E (Via Servicio) - Av Fuerzas Armadas, 322-Gta Antonio Perpiña",40.4819443142851,-3.6209266414481,969169634,168.3269407192163,True
11199,Fuerzas Armadas - Ciudad Deportiva O-E - Fuerzas Armadas C. Deportiva - Gta Antoñete P.P. (Oeste),40.4822472264019,-3.6112586254244,1012899036,178.72080403374576,True
11095,GINZO LIMIA S-N GIRO IZDA. (AV. ILUSTRACION-FERMIN CABALLERO),40.4838286388289,-3.70663615636009,2614536108,50.85912418295706,False
5899,AV. CARDENAL HERRERA ORIA 124 S-N(ACCESO M-607-ISLA DE SICILIA),40.4902988583087,-3.69647689636285,77851785,9.515258621604882,False
10566,PORTICO DE LA GLORIA O-E,40.5143519474924,-3.66565693892055,2068844715,89.70119973045107,False
3889,(MICRO) PL. CONDE CASAL (ANTES DEL GRUPO 15),40.4065955033421,-3.66975102210792,2468508143,11.045397749517473,False
7035,(MICRO) INTERIOR DR. ESQUERDO N-S(DELANTE GRUPO1),40.4179024860016,-3.66934058553036,21627171,11.577070888331658,False
7034,(MICRO) IBIZA E-O(DR. ESQUEDO-MAIQUEZ)(DELANTE GRUPO 4),40.4180493075217,-3.67025344719361,21627171,77.47504523328159,False
11352,Ramon y Cajal E-O(Giro izqda a Alfonso XIII) - Pº de los Jacintos -Alfonso XIII,40.4523602570858,-3.6664722728952,102186288,18.427252984983703,False
6041,Av. Ramón y Cajal  - Puente M30-Torrelaguna,40.4533143375164,-3.66234420216313,3284347481,33.89324470504482,False
11198,Juan Antonio Samaranch - Maria de las Mercedes de Borbón-Antonio Perpiñá,40.4835001873042,-3.61723604844416,965442277,89.42444134261882,False
11203,Fuerzas Armadas- Acceso Gta Antoñete - Gta. Anibal Gonzalez-Gta Antoñete,40.4815842624658,-3.60665371905726,1012899039,101.15515716342621,True
11168,-,40.485470845344,-3.6459943707401,2584370377,8.524895741163807,False
3710,Alcalá - Gutiérrez Canales-San Mariano,40.4458923135597,-3.61350026999177,29795729,28.891686639257525,False
3679,Alcalá - San Mariano-Gutiérrez Canales,40.4458863634137,-3.61335835799492,29795729,20.188314311064616,False
6525,Cronos - San Romualdo-Julián Camarillo,40.4366545647017,-3.62049534584308,31066983,34.26114432310565,False
10055,MONASTERIO SILOS N-S(CTRA. FUENCARRAL EL PARDO-ACCESO M-40),40.4968628624674,-3.71874684442404,259007809,102.40417592623757,True
10052,ARROYO DEL MONTE S-N(SENDA INFANTE-AV. VENTISQUERO CONDESA),40.4946731903959,-3.72038724867384,1127671334,18.138776999632068,False
10054,ACCESO M-40 N-S(ENTRADA PZA. TORCUATO FERNANDEZ MIRANDA),40.4970897337134,-3.71977460363857,255956990,108.07356781613045,True
11098,VALLE DE PINARES LLANOS E-O ( PICO BALAITUS -RISCOS DE POLANCO),40.4855742789468,-3.72180125072495,258369504,74.73483834819287,False
10277,"AV. CARDENAL HERRERA, 319 O-E(ISLA BIKINI-ISLAS MARQUESAS)",40.478311983162,-3.72747969085971,41867713,11.038890646380777,False
3605,(TACTICO) Alhelies E-O - Alfonso XIII-Los Narcisos,40.4548919566392,-3.66659062361282,119815329,28.181676089119055,False
3944,"Serrano, 84 N-S - Padilla-Jose Ortega y Gasset",40.4313528307333,-3.6868645748055,2351032610,23.046840960364822,False
9894,Jorge Juan O-E - Lagasca -Velazquez,40.4238224300742,-3.68523036513497,26513117,25.512497558222503,False
3960,Maria Molina E-O - Velazquez-Lopez Hoyos,40.4377485343977,-3.6837239093381,1474148380,40.488032716756145,False
3720,"(AFOROS) Velazquez, 24 S-N - Jorge Juan -Goya",40.4240915287305,-3.68415748969854,26513155,37.756076425196895,False
6526,Cronos - Pl. Crónos-Julián Camarillo,40.438457812615,-3.61960298177154,211223655,73.04613643157252,False
6527,Julián Camarillo - San Romualdo-Cronos,40.4371784333223,-3.62090310882199,31066765,10.620671965481728,False
10276,"AV. CARDENAL HERRERA ORIA, 307 O-E( AMADEO GOMEZ-ISLAS GALAPAGOS)",40.4788982684538,-3.7258811059031,25693447,3.620927560730712,False
10563,ACCESO M-40 E-O(ENTRADA),40.5120482936436,-3.66444025298239,239736431,104.7926128157781,True
10562,AV. CAMINO DE SANTIAGO S-N,40.5124316778638,-3.66528489967958,239736431,83.69118958661092,False
9890,Velazquez S-N - (Hermosilla -Ayala,40.4267426222716,-3.6840142173171,28096482,45.748448128113886,False
3964,"Velazquez, 90 S-N - Padilla-Juan Bravo",40.4316540529982,-3.68359880154853,29739616,10.659355118620574,False
3966,"Lopez Hoyos, 27 N-S - Gta. Lopez Hoyos-Velazquez",40.4401542426725,-3.68127396648038,142318655,40.0621759064486,False
10438,Torrelaguna - Acc. M30 - Rafael Bergamin,40.451562003251,-3.66012483189027,320597451,54.385993082267596,False
10128,Arturo Soria - Goitia - Marques de Pico Velasco,40.4435580397075,-3.64286298072009,243528178,63.86989970811358,False
10127,Arturo Soria - Marques de Pico Velasco - Natalia Silva,40.4443732195769,-3.64437091124018,1280750370,27.88474182726972,False
10168,Arturo Soria - Emilio Rubin - Emeterio Castaños,40.461122236065,-3.66274367264502,25925644,61.736478314832596,False
10440,Torrelaguna - Cidamón - Sorzano,40.4503726323502,-3.65846685609508,13725872694,13.7470983144346,False
6528,Julián Camarillo - Miguel Yuste-San Romualdo,40.4367726502029,-3.62194196763541,31066764,35.06602413653391,False
10278,"AV. CARDENAL HERRERA, 282 ORIA E-O(ANGELITA CAMARERO-ALICIA BAENA)",40.4793284290833,-3.72505481119388,262354965,11.58991784942925,False
10279,"AV. CARDENAL HERRERA ORIA, 266 E-O(GOMEZ SERNA-ANGELITA CAMARERO)",40.4797185734465,-3.72413193300357,262354699,15.254387352244654,False
10061,ACCESO M-40 O-E(ENTRADA PORTOMARIN),40.5129321246614,-3.66759370807107,258124601,74.07205878176357,False
10091,SIERRA DE ATAPUERCA S-N (PALAS DE REY-TIERRA DE MELIDE),40.506952502019,-3.66543499644783,259720008,63.44270490359686,False
3967,"Maria Molina, 31 E-O - Nuñez de Balboa-Velazquez",40.4376408900171,-3.68193369454165,2937808259,15.558849500173059,False
10694,(CARRIL BUS) AV. CAMINO SANTIAGO S-N(GTA. MONTE GOZO-PORTOMARIN),40.5104710546782,-3.66748475700427,255262208,30.5693450871353,False
10854,(CARRIL BUS) AV. SANTO DOMINGO DE LA CALZADA O-E (CASTIELLO DE JACA - CAMINO DE SANTIAGO,40.5087182662155,-3.67185852808329,257718338,90.21555994243484,False
3968,Maria Molina O-E - Principe Vergara-General Pardiñas,40.4373810137056,-3.67879386082092,2937808257,23.69593701701852,False
3971,Diego de Leon E-O - Claudio Coello-Serrano,40.4350712400041,-3.68559342491354,143497929,14.190184710326216,False
3972,Diego de Leon O-E - Lagasca-Velazquez,40.4349630481405,-3.68424879094363,143497066,14.484290649487123,False
6529,Julián Camarillo - San Romualdo-Miguel Yuste,40.4368205985634,-3.6220187658734,31066764,31.871788317461103,False
10476,San Romualdo - Albasanz-Julián Camarillo,40.4383397336637,-3.62167692690512,31066740,73.54496794698142,False
3831,Dalia  - Arturo Soria-Dalia,40.479876352554,-3.66713356619762,26745179,20.58308054497388,False
6098,Dalia - Jazmín-Arturo Soria,40.4795643181099,-3.6664683629595,26743900,24.769714970540075,False
10539,Alcalá - Torre Arias - Esfinge,40.4466279794698,-3.61218986430254,29795727,28.81287201846651,False
10546,Av. 25 de Septiembre - Pl. de Ensidesa - Pl.de las Olivas,40.444415172251,-3.62501648254347,31335546,65.5839600671675,False
10549,Cronos 69 - Dedalo - Alcalá,40.442192389173,-3.61971349870657,2208138766,26.36597424575047,False
5510,Aviador Zorita N-S - Gral.Perón -Reina Mercedes,40.4521495458556,-3.69812073667137,81473206,39.823476240728816,False
5511,Lateral PºCastellana N-S - Francisco Gervás-Sor Angela de la Cruz,40.4604777769149,-3.6902924745246,81485403,14.002127983743046,False
11083,Fortunata y Jacinta S-N - Fortunata y Jacinta S-N,40.4528354673394,-3.69872946362899,2533387849,12.295751883934045,False
5512,PºCastellana S-N - San Germán-Pl.Cuzco,40.4566646053108,-3.69017507961234,25906695,22.003027166969915,False
6092,Rotonda Nudo Manoteras - Arturo Soria-Ingeniero Emilio Herrera,40.4833060454054,-3.6633641548656,1217616417,31.607878001042717,False
6093,Ingeniero Emilio Herrera - Ingeniero Emilio Herrera-Arturo Soria,40.484493447359,-3.6614714202016,221284178,37.50552746517865,False
6094,Rotonda Nudo Manoteras - Ingeniero Emilio Herrera-Arturo Soria,40.4840070401509,-3.66351791849361,290829705,30.893369471954358,False
6097,Arturo Soria  - Dalia-Violin,40.4803235604228,-3.66693669756677,270127881,4.539232436862489,False
11100,RISCOS DE POLANCO N-S (VALLE DE PINARES LLANOS-RAMON GOMEZ DE LA SERNA),40.4848092353107,-3.72271949655104,258584632,9.621235454293112,False
10280,"ISLA AROSA, 47 N-S(AV. CARDENAL HERRERA ORIA-ISLAS CIES)",40.4820801257334,-3.71727922651446,31488957,8.117026139175923,False
11230,Av. Manuel Fraga Iribarne - P.P. - Gta. José Paz Maroto,40.4940639395706,-3.60837591040105,1012898967,43.21004522655824,False
3977,Francisco Silvela E-O - Principe Vergara-Lopez Hoyos,40.4395303859244,-3.67952696538513,9062259159,65.12666154120109,False
3978,Lopez de Hoyos E-O - Principe Vergara- Gta.Lopez Hoyos,40.4411771628592,-3.67915936205743,13078773078,32.53360089073766,False
3979,"Jose Ortega y Gasset, 13 E-O - Claudio Coello-Serrano",40.4304240317447,-3.68599226784769,28097220,14.499705504860428,False
10685,Lopez Hoyos S-N - Gta. Lopez Hoyos-Ppe Vergara,40.4406896424618,-3.67999566955172,143673650,19.236757774916722,False
10746,Avda. San Luis - Eladio López Vilches_Julio Dánvila,40.4733453634207,-3.66336480463998,1492770599,6.429453160927602,False
10747,Avda. San Luis - Julio Dánvila_C.de las Cuevas de Almanzora,40.4731095455926,-3.66288886690817,1492770597,12.832022101377252,False
10742,Avda. San Luis - Eladio López Vilches_Mesena,40.4743821894403,-3.66403885594055,221342520,30.530977980219813,False
10740,Av.San Luis - Arturo Soria - Mesena,40.4752954830275,-3.66739295899515,3216358575,10.098411870809283,False
11323,Alcalá - Eduardo Terán-Av. Canillejas a Vicálvaro,40.4442198588615,-3.6160391556278,29795722,10.699026185572086,False
4004,"Diego de Leon, 38 O-E - Castello-Principe de Vergara",40.4347787562034,-3.68052886647142,143504243,17.262270460946144,False
10857,(CARRIL BUS) SANTO DOMINGO DE LA CALZADA E-O(SAUCEDA-VALCARLOS),40.5039871292846,-3.6639979568983,255627455,92.42923953362057,False
11241,Av. de Secundino Zuazo - Josefina Aldecoa-Josefina Aldecoa,40.4956433724339,-3.61433055231595,1433108822,12.620271901832654,False
5513,PºCastellana N-S - Estébanez Calderón-Rosario Pino,40.4629251877929,-3.68968817647332,565714261,15.874606439186266,False
3997,"Conde Peñalver, 64 S-N - Padilla-Juan Bravo",40.4312415052694,-3.67515484523021,28096857,9.74442066503906,False
3999,"Jose Ortega y Gasset, 67 E-O - Alcantara-Conde Peñalver",40.429839228921,-3.67389924686484,28096838,18.16089470200801,False
4000,Jose Ortega y Gasset E-O - Montesa-Martires Concepcionistas,40.4297199049099,-3.67205673824779,28097323,11.261770875338891,False
4001,"Juan Bravo, 69 E-O - Alcantara-Conde Peñalver",40.4324203130966,-3.67364307334646,28096862,15.124666947447723,False
4002,"Goya, 54 O-E - General Pardiñas-General Diaz Porlier",40.4248808509668,-3.67826705603239,29491599,33.940742744420724,False
11246,Av. Secundino Zuazo - Fina de Calderón-Manuel Gutierrez Mellado,40.4956205914797,-3.61870079915187,1433108824,28.70903772266619,False
11255,María de las Mercedes de Borbón - Gta. Antonio Bornet-Av. Secundino Zuazo,40.4963643845211,-3.62387256114877,1012898998,55.20848569028442,False
11254,Av. de Secundino Zuazo - Maria de las Mercedes de Borbón-José Antonio Coderch,40.4954189589741,-3.6232758696075,1433108807,35.67850898869547,False
11225,Av. Manuel Fraga Iribarne - Gta. Javier Bellosillo-Av. Manuel Fraga Iribarne 43,40.4907099390723,-3.60861521709243,11284299603,18.833681997997385,False
11223,Av. Manuel Fraga Iribarne - Estanislao Pérez Pita-Gta. Antonio Valdés González Roldán,40.4885547047197,-3.60859760118011,1433108737,29.221621282556335,False
3713,"La Masó, 80 N-S(La Masó-Av. Cardenal Herrera Oria)",40.483898842235,-3.71429541355384,60336185,18.351054608442688,False
10281,"AV. CARDENAL HERRERA ORIA, 204 O-E(VENTISQUERO CONDESA-RONDA BARA)",40.4833628911466,-3.71297006807103,25693479,53.424331353147196,False
10295,"AV. CARDENAL HERRERA ORIA, 176 E-O(LAGUNA GRANDE-RONDA BARA)INTERIOR CRUCE",40.485728963653,-3.70929093509519,2485082425,3.656516636279165,False
10296,"AV. CARDENAL HERRERA ORIA, 180 E-O(LAGUNA GRANDE-LA MASO)",40.485180445323,-3.71011377369305,240000436,23.975483015721764,False
10640,VALLE PINARES LLANOS O-E(PEÑAS ARCIPRESTE-AV. VENTISQUERO DE LA CONDESA),40.4856786895909,-3.71768554233977,258369500,27.275966000396682,False
4005,(AFOROS)Jose Ortega y Gasset 45 E-O - Gral. Diaz Polier-Ppe.Vergara,40.4300428813189,-3.67780656955707,29480652,34.144108310008086,False
4012,"Diego de Leon, 23 O-E - Nuñez Balboa-Velazquez",40.4349092859051,-3.68221464644864,143504242,19.810485113248568,False
4017,Jose Ortega y Gasset E-O - Nuñez de Balboa-Velazquez,40.4302628582983,-3.68256326647983,28096621,18.067534134450977,False
10098,Principe Vergara N-S - Diego León -Gral Oraá,40.434977052765,-3.67927403153153,1505106056,25.627122324634758,False
10101,(MICRO)Principe Vergara S-N - Hermosilla -Ayala,40.4273704635364,-3.67995832988206,1505184351,17.956114281300188,False
11219,Av. Manuel Fraga Iribarne - Fernando Higueras-Av. José Antonio Corrales,40.4857517434916,-3.60857228232515,1433108696,20.83632247359095,False
11218,Av. Manuel Fraga Iribarne - Av. José Antonio Corrales-Gta. Antoñete,40.4844178368852,-3.60853183392467,965442318,41.754810103145665,False
11234,Av. Secundino Zuazo - Julio Cano Lasso-Gta. José Paz Maroto,40.4949622366859,-3.60736381384567,1012898991,62.41821496770148,False
3700,REDECILLA DEL CAMINO S-N (VILORIA DE RIOJA - SANTO DOMINGO DE LA CALZADA),40.5067539663367,-3.66886278320787,257717216,28.692642644472432,False
11232,Av. Manuel Fraga Iribarne - Félix Candela-Gta. José Paz Maroto,40.4957677522957,-3.6086956925303,969169781,77.58649388807628,False
11233,Av. Manuel Fraga Iribarne - Félix Candela-Gta. José Paz Maroto,40.4957675620527,-3.60859739378326,969169781,77.61298446477042,False
11238,César Cort Boti - Félix Candela-Secundino Zuazo,40.496298697114,-3.61244354879282,1012899062,67.22446231219564,False
3449,Av.Asturias O-E - Conde de Serrallo-Pl.Castilla,40.4667314144824,-3.69093615278117,414253841,28.056147720137567,False
10102,(TACTICA)Principe Vergara N-S(Giro a Hermosilla) - Ayala-Hermosilla,40.4263056927405,-3.6800727274119,28096486,18.573560391663495,False
4019,Lateral M-30 S-N - Salida Puente Ventas-Ciudad Lineal,40.4303195969202,-3.66028061945904,321882474,104.55826521930189,True
3753,Alcala E-O - Montesa-Hermosilla,40.4262047474461,-3.67273038190268,25552375,22.69595905827419,False
6123,Av. Moratalaz - Colegio Senara - Av. Moratalaz,40.4085090442011,-3.64435986847166,1867500942,17.068307359720283,False
6121,Arroyo Media Legua - Entrearroyos-Camino Vianteros,40.4099488593949,-3.65620349541902,297915112,22.609477744259802,False
6433,Doctor García Tapia - Corregidor Diego Valderrábano-Arroyo Media Legua,40.4125832338698,-3.65491092003848,307998094,14.371819927918986,False
11220,Av. José Antonio Corrales - Gustavo Pérez Puig-Av. Manuel Fraga Iribarne,40.485067319471,-3.60724232961561,1012899016,59.720429355390586,False
4035,Alcala E-O - Pl. Manuel Becerra-Ayala,40.4275027562573,-3.67004191245884,996184012,50.69524879391889,False
11256,María de las Mercedes de Borbón - Av.Juan Antonio Samaranch-Av. Secundino Zuazo,40.4946125098645,-3.62369045696237,1813635692,36.87341672454806,False
11410,Acceso JA Samaranch (En salida de Túnel) - Tunel Antonio Perpiñá-Gta. Luis Blanco Soler,40.4835959949534,-3.616853343516,965442277,60.71776465830142,False
4021,Alcala O-E - Jorge Juan-Felipe II,40.4236451200692,-3.6781656430996,29491601,23.518135176674445,False
4024,Conde de Peñalver N-S - Ayala-Hermosilla,40.427116021079,-3.67556296253758,28096832,21.687967473413874,False
4027,Alcala O-E - Velazquez-O´Donnel,40.4211446956205,-3.68338794361065,2383701845,39.32704079197918,False
4029,Alcala E-O - General Pardiñas - Principe Vergara,40.4233313845817,-3.67903946817427,2383701849,23.350477183531154,False
4030,Dr. Gomez Ulla E-O - Ruiz Perello-Pl. Manuel Becerra,40.4294497747004,-3.6680688519702,60013477,42.71789645468525,False
4032,Alcala O-E - Pl. Manuel Becerra-Rufino Blanco,40.4287252691964,-3.66737047284207,25552326,14.017924189480595,False
4033,Dr. Esquerdo S-N - Marques Zafra-Pl. Manuel Becerra,40.4270580092462,-3.66836443943206,26784026,12.168030326694483,False
11413,JA Samaranch 55 - Estanislao Perez Pita-Maria Reiche,40.4886227638524,-3.61215576786797,969169747,70.59054116106577,False
11420,JA Samaranch - Jose Antonio Corrales-Tunel Perpiñá,40.4846753529596,-3.61590726149976,1825544668,17.104496803859274,False
11415,Maria Reiche 8 - Carlos Fdez Casado-JA Samaranch,40.4876158621064,-3.61175881489759,969169886,8.950412571789863,False
11414,Maria Reiche - Maria Mercedes Borbón-JA Samaranch,40.4884687899435,-3.61365542917725,969169621,30.265963958291323,False
6600,"SANTO DOMINGO DE LA CALZADA, 23 E-O (VALCARLOS - SIERRA DE ATAPUERCA)",40.5056686596051,-3.66666094635659,256582149,20.126922898087805,False
5155,AV. DE LOS POBLADOS ENTRE CTRO. PENITENCIARIO Y AV. LAS AGUILAS SENTIDO E-O,40.3841475963813,-3.75986642954377,21702221,117.16219921546667,True
5156,AV. LAS AGUILAS ENTRE AVDA.DE LOS POBLADOS Y OCAÑA SENTIDO S-N,40.3858783740344,-3.76136617445804,21702239,20.900660115436956,False
5171,MAQUEDA E-O(ILLESCAS-MAQUEDA),40.3939426766883,-3.76455210432366,49420160,15.483477331320747,False
11076,SESEÑA N-S (PSO. EXTREMADURA-ILLESCAS),40.3972462264101,-3.76505642709139,49409133,68.62376646147868,False
11077,ILLESCAS E-O (ESCALONA-SESEÑA),40.3962204672582,-3.76492279964897,49409133,85.03051625758381,False
11108,"Sierra Toledana, 63 - Elvira-San Florencio",40.4045924539824,-3.65925844081863,260288140,24.14090719199266,False
11111,"Sierra Toledana, 43 - San Florencio-Garganta de Aísa",40.4036961449614,-3.65975439838747,263534742,21.741265627663942,False
11110,"Sierra Toledana, 38 - Dr. Lozano-Garganta de Aísa",40.4033517926779,-3.6598642109398,12596187889,24.624589990661306,False
11109,"Sierra Toledana, 53 - Patio de Santiago-El Bosco",40.4044577214121,-3.65924755936897,306529474,12.905266424756684,False
11213,Acceso Gta.Jose  Antonio Corrales (Carril BUS)  - Fernando Higueras-Jose  Antonio Corrales,40.4853624008671,-3.60843174195551,11364598801,2.5204415838211287,False
11216,Acceso Gta. Antonio Valdes Glz-Roldan (Carril BUS) - Fernando Higuera-Maria Reche,40.4872675883032,-3.60840607639357,11364598795,16.320009933842655,False
6834,(MICRO)SALIDA INTERCAMBIADOR AUTOBUSES,40.3850411046779,-3.76074050557479,22525096,73.2058974838291,False
11479,(MICRO) AV. POBLADO GIRO GRUPO 6,40.3921045014877,-3.76947034461056,7125376349,3.976627641623593,False
4039,Goya E-O - Lombia-Fernan Gonzalez,40.4246640726759,-3.67273371629327,25552383,12.243197501840458,False
4040,Goya O-E - Fuente del Berro-Dr. Esquerdo,40.4245198537924,-3.67081892760043,25552384,9.655407313024648,False
4041,Narvaez N-S - Jorge Juan-Duque de Sesto,40.4231721625565,-3.67587897720317,13078835978,22.824012129413283,False
5150,(TACTICO)ESCALONA O-E(MAQUEDA-ILLESCAS),40.3955388598838,-3.76448710215732,49420258,20.478593532904583,False
5173,(TACTICO) SALIDA PARQUE BOMBEROS,40.3877689005708,-3.76459428305762,2631185139,74.65653807890627,False
11277,Av. Manuel Fraga Iribarne (CARRIL BUS) - Jordi Solé Tura - Secundino Zuazo,40.4945476496166,-3.60848176299328,11364568950,6.98355219054362,False
4042,Narvaez S-N - Duque de Sesto-Jorge Juan,40.4225612272633,-3.67587132737107,60134601,8.830186280586746,False
4043,Principe de Vergara S-N - Jorge Juan-Goya,40.4237516299769,-3.68021898879256,29484171,19.97103909057226,False
4044,Jorge Juan O-E - Principe Vergara-General Pardiñas,40.4235691100293,-3.68002421503225,29484171,21.74385509639351,False
11215,Acceso Gta. Antonio Valdes Glez-Roldan (Carril BUS) - Estanislao Perez Pita-Maria Reche,40.4879027114858,-3.6084579278249,11284299597,15.78805351346228,False
11276,Av. Manuel Fraga Iribarne (CARRIL BUS) - AV. Manuel Fraga iribarne 115 - José Antonio Fdez. Ordóñez,40.4917136031255,-3.60849642913409,1012898995,24.394578432271622,False
6154,Santa Prisca - Av. Marqués de Corbera-Cementerio,40.4270717099788,-3.64885991061328,254337471,28.198923236732966,False
5258,AV. PESETA O-E(VALLE BOI-PINAR SAN JOSE),40.3647349274402,-3.76322762728958,307996821,22.126553826401015,False
6550,Deyanira  - Arrastaria-Campezo,40.4427799634618,-3.58475101909498,31035755,127.28881453078958,True
6552,Campezo - Laguardia-Samaniego,40.4455744256857,-3.58276380313508,2536930916,74.90535957946639,False
6704,PM13011,40.4847855899682,-3.69715289229193,25587659,10.566416225985561,False
6155,Av. Daroca - Av. Daroca-Santa Genoveva,40.427773044797,-3.64852582964237,3168420567,27.771433961993957,False
6156,Av. Daroca  - Av. de las Trece Rosas-Salida Cementerio,40.4268433669509,-3.64642896749244,2065668373,47.084858137476374,False
3822,PM20026,40.4818967930903,-3.67353222077003,25921963,65.28165644977105,False
10306,Av. Marqués de Corbera - Montejurra-María Teresa Saenz,40.4252890926022,-3.65242683875928,307998640,49.13211021462273,False
6136,Av. Marqués de Corbera - María Teresa Saenz-Montejurra,40.4257595092259,-3.65194664959186,101058521,44.09254023012733,False
3487,Av. Marqués de Corbera - Hermanos Machado-Santa Prisca,40.4282835546166,-3.64912239083255,101041470,30.560590967610366,False
6141,Ascao - Emilio Ferrari-Gutierre de Cetina,40.4302890723298,-3.6407297125407,100970847,21.56911586285175,False
6153,Ricardo Ortíz  - San Emilio-Av. Marqués de Corbera,40.4233615651425,-3.65711052635061,306527881,15.415170010167435,False
3823,PM20041,40.4756907701191,-3.67413840361962,25965172,3.3471678688744477,False
10589,(CARRIL BUS) AV. PESETA E-O(MARAVEDI-DINERO),40.3626932119727,-3.74909243496606,316618083,36.951416095446554,False
10586,(CARRIL BUS) AV. PESETA O-E(MORALES-AV. CARABANCHEL ALTO),40.3621484170744,-3.75532214639233,309694600,27.521195034500824,False
5297,(TACTICO)CARPIO Y TORTA O-E(PRADO MERINERO-AV. CARABANCHEL ALTO),40.3643808794518,-3.75388104785568,316249908,15.7750717736952,False
6555,Arrastaria - Aracne-Samaniego,40.4476496919242,-3.58606546138882,31035747,87.2337337893046,False
3806,Pirra - Pirra-Arrastaria,40.4448580912254,-3.58691657577895,31035821,50.35102023221755,False
6556,Arrastaria - Pirra-Deyanira,40.4438597912709,-3.58622173267287,31035748,51.68551339238548,False
6557,Deyanira - Aracne-Arrastaria,40.4430723580648,-3.58769374776651,31035755,123.87338841213774,True
6558,Campezo - Pirra-Deyanira,40.4435475954074,-3.58308548052593,31035749,51.94260017307052,False
9957,Ctra. Acceso Est. O`Donnell - Polimnia-Pirra,40.4468652638219,-3.5934653697528,31503217,13.200809416593746,False
5299,(TACTICO)GOMEZ ARTECHE O-E(LEBRELES-AV. CARABANCHEL ALTO),40.3701714121267,-3.7533743378163,259645640,17.67704429670697,False
5268,(TACTICO)SALIDA POLIGONO N-S,40.3656884808527,-3.77130018399614,306400716,345.2421852224685,True
5275,ENTRADA A CRUCE DESDE TUNEL CALLE 30 N-S(A 150M LINEA DE PARADA),40.3990889744319,-3.71743256002625,281814132,25.11642562375192,False
9958,Ctra. Acceso Est. O`Donnell - Pasifae-Pirra,40.4454465059036,-3.59348315198025,31035765,19.674583649193025,False
6602,Av. Niceto Alcalá Zamora - Ana de Austria-María de Portugal,40.4998070720703,-3.65764772509754,283587352,9.2973004369789,False
6603,Av. Niceto Alcalá Zamora - Ana de Austria-Ingeniero Emilio Herrera,40.4954952701216,-3.65120089444469,283577949,34.28120869022894,False
6937,,40.3995003863927,-3.76414968622511,13367803130,57.25070176411916,False
10176,PM40462,40.4439806341576,-3.6626577015445,313777130,54.46923240591372,False
5465,Lateral PºCastellana S-N - Félix Boix-Pl.Castilla,40.4642755614931,-3.68910979950553,25906910,14.462341651402479,False
7080,(TACTICO)Entrada Edificio Nuevos Ministerios (Delante G.6) - (TACTICO)Entrada Edificio Nuevos Ministerios (Delante G.6),40.4433183634864,-3.69153022267877,1754817102,51.606587817180895,False
5540,Av.Pio XII N-S - Memorial 11 de Marzo 2004 -Comandante Franco,40.4665100146188,-3.67498341209885,13078794552,69.8844641438009,False
6604,Av. Niceto Alcalá Zamora - Fernando Rojas-Ingeniero Emilio Herrera,40.4937116331603,-3.6482541947467,221305749,106.8511477219018,True
6605,María de Portugal - Francisco Pi y Margall-Niceto Alcalá Zamora,40.4996286470766,-3.65978930179311,255964537,19.703222636266077,False
6606,Ana de Austria - Ana de Austria-María de Portugal,40.5011167303018,-3.65770153621151,299852439,69.48168845531474,False
3432,Acceso A-1 - A-1-Av. Niceto Alcalá Zamora,40.5007813037364,-3.66009370529784,299317325,3.7256471686355495,False
3519,Av. Francisco Pi y Margall - Niceto Alcalá Zamora-Príncipe Carlos,40.4868643364146,-3.65031005707573,283576938,23.31095125953647,False
10094,Quintanavides - Via Servicio A1 - Foresta,40.4965426151739,-3.6669690787713,259615488,24.80663591946566,False
3457,Vía Servicio A-1 - Arroyo de Valdebebas-Francisco Pi y Margall,40.4939378723717,-3.66812541896716,25922709,103.04057272635296,True
6619,Av. Burgos - Francisco Pi y Margall-Av. Burgos,40.4955986895514,-3.66596203107919,255964218,19.590178897705574,False
10462,Ana de Austria - Princesa de Eboli - Fco. Pi y Margall,40.4922177901459,-3.65984240239978,221336348,77.74884497748062,False
10458,Ingeniero Emilio Herrera - Princesa de Eboli - Infanta Catalina Micaela,40.4907428863143,-3.65375861918395,272110776,11.774376006416746,False
10862,Rotonda - A-1 Via de Servicio - Francisco pi y Margall,40.4946517161592,-3.66677306595807,3556619147,23.60273720768946,False
11125,Ana de Austria 25 - Princesa de Eboli - Fco. Pi y Margall,40.492196434995,-3.65979827699154,221336348,78.52109491266305,False
11126,Francisco Pi y Margall - Vicente Blasco Ibáñez - Ana de Austria,40.490790433183,-3.65953747667911,283592835,11.113007698972654,False
11127,Francisco Pi y Margall 4 - Octavio Paz - Vicente Blasco Ibáñez,40.4899608747122,-3.65822954523943,262567314,32.98617430223637,False
6592,Av. Santo Domingo de la Calzada - Ana de Austria-Sauceda,40.5018935228482,-3.66096012714714,2089433540,98.11661549069625,False
6921,Av. Santo Domingo de la Calzada - Valcarlos-Sauceda,40.5036027948722,-3.66377018841399,255627790,83.70853690920075,False
6920,Av. Santo Domingo de la Calzada - Giro a la izquierda,40.5030386998054,-3.66230695419683,256582947,26.14481097461595,False
11160,Ana de Austria - Princesa de Eboli - Principe Carlos,40.4933924098048,-3.65819158567022,262567344,63.842710996827016,False
5291,ANTONIO LÓPEZ E-O JUNTO PP ESTEBAN ARTEAGA,40.3950000621458,-3.7098345402093,306039829,2.7993037198055286,False
5300,MARQUES JURA REAL S-N (F. DÍAZ MENDOZA-CNEL. VALENZUELA),40.3925779838585,-3.70925975539123,306156581,13.462425473247677,False
6610,Av. Francisco Pi y Margall - Ana de Austria-María Tudor,40.4933812999351,-3.66391788344455,7053000507,30.818412548144703,False
5444,(TACTICO) Santiago de Compostela E-O(Entrada Cruce) - (TACTICO) Santiago de Compostela E-O(Entrada Cruce),40.4824839230833,-3.70444408102702,25587429,40.8157989065122,False
10031,Narcís Monturiol N-S - Sangenjo-Av. Ilustración,40.4847124144423,-3.70018697797008,26209302,50.628480096497164,False
4045,Principe de Vergara N-S - Jorge Juan-Alcala,40.4235259002686,-3.68033429271479,29484171,7.379244214086106,False
4048,Tunel O´Donnell O-E(Salida M-30) -,40.4210109627321,-3.68345711513287,7549719130,54.27908899947135,False
4062,Nazaret E-O - Samaria-Reyes Magos,40.4110281845659,-3.67420030323283,151023337,71.32039882713588,False
3462,"Menendez Pelayo, 75 S-N - Amado Nervo-Pl. Niño Jesus",40.4103872465936,-3.67680194483766,2535767442,14.105053341791166,False
4064,Narvaez N-S - Menorca-Ibiza,40.4192766065064,-3.67619152774031,21627186,16.94697738047589,False
3699,Acceso desde A-1 - A1-Av. Santo Domingo de la Calzada,40.5023388421268,-3.66083868118067,310344437,116.94263552356394,True
5042,GRAL. RICARDOS E-O(ALEJANDRO SANCHEZ-PEDRO DIEZ),40.3912212957008,-3.72770866524146,1399790211,15.85255318190688,False
4790,ANTONIO LOPEZ N-S(MATILDE GAYO-VALLANDES),40.3911684519503,-3.70299398079277,29944821,37.4587676838194,False
4791,EUGENIO CAXES  E-O,40.3916376568329,-3.70299453254863,306033138,22.63889877165647,False
4071,Av. Menendez Pelayo N-S - Alcala-O´Donnell,40.422458634825,-3.68030957150632,13078835974,29.385714437498535,False
4066,Menendez Pelayo S-N - Pl. Niño Jesús -Pio Baroja,40.4117855627463,-3.67640515427245,2682646659,33.428822193569744,False
6826,María Tudor - María Tudor-Av. Francisco Pi y Margall,40.4933928391486,-3.66247169126369,255264674,25.47839206094677,False
10769,Niceto Alcalá Zamora - Maria Tudor - Isabel de Valois,40.4980365462197,-3.65512793882999,313186178,11.582557482687278,False
10773,Francisco Pi y Margall - Princesa de Éboli-Infanta Catalina Micaela,40.4874763750997,-3.65279341612687,277968725,10.966023967056305,False
4067,Narvaez S-N - Doctor Castelo-O´Donnell,40.4205534796912,-3.67605349342928,21627185,18.48414321969475,False
4068,(AFOROS) Av. Menendez Pelayo N-S - O´Donnell-Doctor Castelo,40.4211090503099,-3.67984533581449,1957490897,28.816424377998374,False
6645,PM10142,40.4708340713716,-3.67184266843934,1296837952,10.78085727948285,False
4070,(TACTICO) Fernan Gonzalez N-S - Duque Sesto-O´Donnell,40.4216671172725,-3.67436925977741,13078835985,18.466888384477805,False
11518,Arroyo Valdebebas - MAria Portugal-Arroyo Valdebebas,40.492469763462,-3.66673471225381,262567293,56.137235042217014,False
5215,Gonzalez Davila - Gamonal-Hormigueras,40.3749002500487,-3.63828567191814,4340536575,55.485581928463695,False
6646,PM10211,40.4664557716814,-3.66842984385959,360627869,39.42627766265834,False
5043,GRAL. RICARDOS O-E(CASTRO ORO-CLARISAS),40.3896911554592,-3.7299228907592,430545316,14.714758785985403,False
11123,Avda. Ensanche de Vallecas - C/Entrepeñas y Acceso a M-45,40.3679109195953,-3.60817050825409,819551683,50.25493117931377,False
4074,(TACTICO) Antonio Acuña S-N - Doctor Castelo-O´Donnell,40.4214199817475,-3.67894646718776,26784070,25.758122111983194,False
9863,Av. Entrepeñas - Av. Entrepeñas-Av. Suertes,40.3703225828856,-3.60676932150649,819551591,39.971752814869774,False
5936,Emilio Ferrari - Amos Escalante-Alcalá,40.4345425307577,-3.64381159632204,100983398,11.454097467332998,False
5937,Vicente Espinel  - Vicente Espinel-Alcalá,40.4359501724264,-3.64117679157423,100971575,26.417381217333695,False
10554,Tampico - Iquitos-Alcalá,40.4401793711091,-3.63246408827355,114124827,25.77205754621945,False
11178,Alcalá 374 - Río Ulla-Campuzano,40.4357657614647,-3.64258034000575,100973573,19.54314830262659,False
6219,Casalarreina - Camino Viejo de Vicálvaro-Cordovín,40.4094351746632,-3.61135514910791,316047037,15.248220083476719,False
6220,Villajimena - Villablanca-Paseo Artilleros,40.4075814745557,-3.60910316900146,1147280145,8.315808927351378,False
6984,Bulevar José Prat - Av.Democracia-Cordel Pavones,40.3969886374482,-3.61872294055857,353004259,79.76577341141315,False
6986,Bulevar José Prat - Bulevar Indalecio Prieto-Cordel de Pavones,40.3969206710823,-3.62105338090864,353004237,78.2566958761266,False
5044,GRAL. RICARDOS O-E(OPORTO-CASTRO ORO),40.3890318365272,-3.73088591780862,301999816,8.464434480746485,False
10952,GRAL.RICARDOS S-N (PSO.QUINCE DE MAYO-M.VADILLO),40.3972822967684,-3.71664625006793,265979819,22.418354087510963,False
10951,STA. SATURNINA N-S(AV. EMPERATRIZ ISABEL -PSO QUINCE DE MAYO),40.3983182320791,-3.71845701214443,306157124,19.286307854157528,False
10948,PSO. QUINCE DE MAYO E-O (PABLO MONTESINOS-STA. SATURNINA),40.3976803083419,-3.71787810924484,306157132,6.812816262692042,False
10955,JACINTO VERDAGUER E-O(BALEARES - ANTONIO LEYVA),40.3962335184853,-3.71418220189718,3593596422,44.46778148275851,False
10954,ANTONIO LEYVA S-N (TOMASMEABE-JACINTO VERDAGUER),40.3954348271318,-3.71524213140271,306041006,18.182469687658088,False
7053,MAIQUEZ 52 S-N (ALC. SAINZ BARANDA - IBIZA),40.4174510749861,-3.673179334495,26784103,65.09443992602412,False
10080,Menéndez Pelayo S-N - Doce Octubre-Alde.Sainz Baranda,40.4163420265207,-3.67803166928694,12339438926,57.22021345337212,False
5380,Av. Ensanche de Vallecas - Adolfo Marsillach-Cañada Santisimo,40.363217630374,-3.59837980822333,819669109,34.38495387144676,False
5382,Jose Gutierrez - Av. Ensanche de Vallecas-Av. Suertes,40.3675214553037,-3.60178932919097,819669090,28.92269996440484,False
4076,O´Donnell O-E - Fernan Gonzalez-Maiquez,40.421405065187,-3.67406783431638,26784081,27.24497719078887,False
5045,(AFOROS) GRAL. RICARDOS E-O(GAVIOTA-FCO. GARCIA),40.387126179149,-3.73389474671083,301891614,17.570335953449366,False
10953,BALEARES S-N(JACINTO VERDAGUER-ANTONIO LOPEZ),40.3963483327859,-3.71362288145496,3593596422,7.858577848776128,False
10956,JACINTO VERDAGUER O-E(LOLA MEMBRIVES-ANTONIO LEYVA),40.3958725260207,-3.71596674119795,306040899,20.990232128518294,False
4092,BATALLA DEL SALADO N-S(CACERES-EMBAJADORES),40.3982312947228,-3.696452625175,31010371,46.21048429828527,False
5948,Hermanos García Noblejas - Albasanz-Ascao,40.4342528678131,-3.63534329994133,3259658549,35.48442788944314,False
5949,Hermanos García Noblejas - Vital Aza-Ascao,40.4335573751347,-3.63497439315027,3259658548,21.52736569830728,False
4084,JAIME EL CONQUISTADOR S-N(CTE. BENITEZ-TORRES MIRANDA),40.3977232677084,-3.69796915719595,1624211578,23.797688995862597,False
4088,DIVINO VALLES O-E(EMBAJADORES-Po DELICIAS),40.3963125719828,-3.69576594844283,12367443617,32.17377158686579,False
4091,EMBAJADORES S-N(DIVINO VALLES-BATALLA DEL SALADO),40.3966295821417,-3.69635458315282,249398386,33.423082764627864,False
5046,(AFOROS) GRAL. RICARDOS O-E(ALEJANDRO MORAN-OPORTO),40.3874382040043,-3.7333376701027,301999703,21.756887090216072,False
4232,HIERRO N-S(ANTRACITA-BRONCE),40.3894513014396,-3.68992976333941,11341117028,7.555483186812885,False
4098,(FICTICIO)EMBAJADORES S-N(TUNEL +SUPERFICIE)(SODIO-ANTRACITA),40.3893647776972,-3.69180325771632,3304917529,3.0907965965270363,False
10262,(TACTICO) ANTONIO LOPEZ N-S (GIRO HACIA EUGENIO CAXES),40.3915645688987,-3.70340327538861,29944821,18.72783527513849,False
10117,Arturo Soria - Duque de Tamames - Ramirez de Arellano,40.4508003046985,-3.65237806617014,3627672990,25.53146279254471,False
10737,López de Hoyos - Mesena-Ctra. Canillas,40.4620063595111,-3.65863958167552,253115710,6.3964683802002344,False
10738,López de Hoyos  - Arturo Soria - Asura,40.4604027807874,-3.65934129724574,219514161,103.48569315793767,True
10826,Torrelaguna - Rodezno - Auto,40.449050152485,-3.65756467624194,254355992,3.626799076946325,False
6940,Av. de los Andes - Gta. Mar Caribe-Petunias,40.4548860928872,-3.62114973736706,219455664,86.1174487065544,False
6269,Av. Machupichu - Av. Papa Negro-Av. Piceas,40.4563832945276,-3.62392994602832,60644303,116.25128006651123,True
6270,Av. Machupichu - Av. Piceas-Av. de los Andes,40.4550325548311,-3.62309135861542,351647916,28.8899895068082,False
5047,GRAL. RICARDOS E-O( FCO. GARCIA-PL. TOROS),40.3858190168436,-3.73588986389163,301884933,11.913212991477096,False
4785,(TACTICO) ANTONIO LOPEZ N-S GIRO A VADO (ANTES GR-3),40.385394731892,-3.69617966420817,27554719,3.7594787100413973,False
4110,Po DELICIAS S-N(MURCIA-TORTOSA),40.4053820556848,-3.69343001544052,31010114,13.244632999615021,False
4112,Po DELICIAS S-N(ANCORA-DELICIAS),40.4033506687111,-3.69366622103371,31010647,21.844903698300197,False
10840,Emilio Vargas - Arturo Soria - Agastia,40.4488967704644,-3.65211555078333,1890257858,32.558368736763875,False
11060,Asura 83 - Ulises-Bueso Pineda,40.4560319921547,-3.65341892903538,2422171924,19.422935200234924,False
11468,Arturo Soria 17 - Protasio Gomez - Jose del Hierro,40.4398901642559,-3.6394846272275,2506349993,21.289322176059446,False
11481,Gregorio Benítez 7 - A-2-Asura,40.4505334486583,-3.64762430463442,355663886,83.8684486004535,False
5048,GRAL. RICARDOS O-E(PSO. MARCELINO CAMACHO-PL. TOROS),40.3849416681373,-3.73817213348599,301884838,69.39558303771717,False
5304,JOAQUIN TURINA E-O (JACOBEO-GRAL. MILLAN ASTRAY),40.3730288827953,-3.76476811103752,1874567336,15.205975629627218,False
4117,"CACERES 9, O-E(BATALLA DEL SALADO-Po DELICIAS)",40.3985724938289,-3.69537025908639,31010371,88.70957758837055,False
4118,JUAN VERA E-O(JUANA DONA-Po DELICIAS),40.3961653835857,-3.6934541822846,267335047,38.16884188107412,False
4119,Po DELICIAS S-N(ALEJANDRO FERRANT-JUAN VERA),40.3952492108135,-3.69459056133553,162078035,8.433196802519484,False
4120,ALICANTE O-E(JUANA DONA-PL. BEATA Ma ANA JESUS),40.3941684768293,-3.6932198593347,162066046,19.588476327895027,False
3729,PALOS DE LA FRONTERA E-O(Po DELICIAS -BATALLA DEL SALADO),40.4030511679922,-3.69412573299928,31009092,37.31767926070817,False
4114,FERROCARRIL O-E(BATALLA DEL SALADO-Po DELICIAS),40.4008486259235,-3.69561407655036,26501722,46.55953344707757,False
4116,Po DELICIAS S-N(TOMAS BRETON-CACERES),40.397597548884,-3.6943140909284,162075485,18.429280222553604,False
5306,AV. AVIACION  E-O(GRAL. MILLAN ASTRAY-JOSE CADALSO),40.3733446404871,-3.76681266707101,4416969042,7.892696818330951,False
5308,AV. AVIACION O-E(GRAL. MILLAN ASTRAY-JOSE CADALSO),40.3734153168476,-3.76770809714928,307997093,27.099525621811498,False
5311,JOSE CADALSO N-S(SOLEDAD CAZORLA-AV. AVIACION),40.3741671457564,-3.76813866779469,307997247,27.822847652208026,False
5312,AV. AVIACION E-O(FLAUTAS-RAFAEL FINAT),40.3740784063171,-3.77154473005465,4416969073,65.36900418918627,False
10923,RETAMA O-E(MENDEZ ALVARO-ACANTO),40.3933206273492,-3.67680016828739,13458318099,25.705264680348677,False
10921,RETAMA E-O (TAMARINDO-OMBU),40.394643172868,-3.67542157404709,13458334947,13.9079467027136,False
10922,OMBU N-S,40.3946570061798,-3.67666252434183,248915834,24.311205658997256,False
10869,Ramon Power - Silvano-Ramon Power,40.462798117936,-3.62460448359738,60644752,20.205616297569453,False
6273,Emigrantes - Trefacio-Tribaldos,40.4668999320244,-3.63677530846011,219423989,23.598811919482667,False
4125,EMBAJADORES S-N(PL. BEATA Ma ANA JESUS-DIVINO VALLES),40.3951984637759,-3.69535293543119,162078035,66.00175974859583,False
5049,GRAL. RICARDOS E-O(PL. TOROS-PSO. PSO. MARCELINO CAMACHO),40.3849367519893,-3.73829115217172,301884838,61.79910185261411,False
5050,GRAL. RICARDOS E-O(PSO. MARCELINO CAMACHO-BATALLA TORRIJOS),40.3844643657714,-3.73983449791013,260122823,31.889204745306493,False
10267,PM20778,40.4169824617566,-3.65791325417204,307999469,35.18731365548769,False
10268,PM41192,40.3837066339527,-3.68270075776819,367048324,111.82728515474079,True
11440,OPORTO S-N(VALLE ORO-GRAL. RICARDOS),40.3883170555498,-3.73117649315024,850910694,35.976393268597086,False
10927,AV PLANETARIO O-E(SALIDA TUNEL),40.3930636202533,-3.68378636370104,248940536,118.19317383005578,True
10925,AV.PLANETARIO E-O(EROS-ESTRELLA DENEBOLA),40.3942538309629,-3.68184029104835,12361208046,60.309249123734,False
10924,MENESES S-N,40.3930862331112,-3.68218006747975,6263502769,61.57403148912925,False
10926,ESTRELLA DENEBOLA N-S,40.3942536833585,-3.68337705184927,317912574,19.355144488096034,False
10814,RAMIREZ PRADO O-E(JUAN M.EMPECINADO-VILLA PRADO),40.3993269187829,-3.6878959883909,31010702,29.49904502456756,False
4155,ALFONSO XII N-S (ANTONIO MAURA-MENDEZ NUNEZ),40.4164058908728,-3.68902866179134,13634158802,10.69890553707835,False
5067,OPORTO E-O(ABRANTES-PL. ELIPTICA),40.3852240003215,-3.7208345827603,1399790303,2.419330068639857,False
7136,(AFOROS) STA Ma CABEZA N-S (LATERAL DRCHO.-IZQDO-TUNEL),40.4064839751794,-3.69427846215536,315278987,35.95923903122515,False
4200,SAN SEBASTIAN N-S(HUERTAS - ATOCHA),40.4140174197624,-3.70148083597055,21734306,48.566019227015246,False
4164,Po REINA CRISTINA E-O(JOSE ANSELMO CLAVE-ALFONSO XII),40.4066208227061,-3.68732316251673,12969310911,124.70699519717982,True
5103,STA Ma CABEZA S-N(ENTRADA M-30 SENT.A-3)(LATERAL TUNEL),40.3957574848473,-3.7038454178169,2642478005,25.7632610224905,False
4171,Pº DEL PRADO S-N (NEPTUNO-PL LEALTAD),40.416370906944,-3.69357718581224,325076749,67.470611164595,False
5080,PSO. REINA CRISTINA (ANDRES TORREJON - GUTENBERG),40.4070244774342,-3.68156868856319,31010782,39.20213569936851,False
11206,STA. Ma CABEZA N-S(PM13030+13032) LATERALES TUNEL,40.404523380312,-3.69606541322589,2297581624,13.709053006661373,False
5068,BRAGANZA S-N (VÍA LUSITANA - ABRANTES),40.3842218637574,-3.72092950618857,301884547,18.11221702827143,False
5313,DANZA S-N(SINFONIA-AV. AVIACION),40.3736375220817,-3.77339240855786,747482604,41.03078074105504,False
5314,AV. AVIACION E-O(RAFEL FINAT-VALLE INCLAN),40.3744592911661,-3.77394896612803,1838660063,52.5609658526766,False
9846,Ctra. Acceso Estación de Hortaleza - Virgen del Carmen-Av. San Luis,40.4723318968507,-3.65692996383144,254996321,48.03363711866226,False
6304,Av. Gran Vía de Hortaleza - Tijuana-Javier Quinto,40.4689078598863,-3.64441793947124,3163452720,29.406541227163125,False
6331,SAnta Adela - Santa Adela - Ctra. Estación de Hortaleza,40.4788143318996,-3.65100550813601,252155813,82.21627090005784,False
4204,SAN EUGENIO O-E(SANTA ISABEL - SAN ILDEFONSO),40.4108033487417,-3.69780629360931,26310530,28.131320907708172,False
4208,MALLORCA N-S(DR.FOURQUET -RONDA ATOCHA),40.4071671976411,-3.6978902051186,26494650,25.67226258971047,False
4209,RONDA ATOCHA E-O(MARQUES VALDAVIA-MALLORCA),40.4065802119769,-3.69706513830205,26494694,75.60689847731501,False
5315,RAFAEL FINAT N-S(SOLEDAD CAZORLA-AV. AVIACION),40.3748838707796,-3.77309572409034,310032621,9.994473875065076,False
5488,Avila O-E - Lerida-Gabriel Díaz,40.4527173954921,-3.7009452699963,81572826,16.892216100256157,False
4214,EMBAJADORES N-S(GTA. EMBAJADORES-MORATINES),40.4045454807707,-3.70226426889858,26494673,28.35190792739971,False
4215,Po ACACIAS O-E(PENUELAS-GTA. EMBAJADORES),40.4044059200577,-3.70469216439137,26501242,18.233668701150865,False
4216,RONDA TOLEDO O-E(SORIA-GTA. EMBAJADORES),40.405401983222,-3.7050315380046,26495388,58.798258167298066,False
10744,López de Hoyos - Solsona-Ángel Luis Herrán,40.4707445837181,-3.65085009375695,254996924,6.844978705444019,False
10745,López de Hoyos - Guisona-Ángel Luis Herrán,40.4688995179236,-3.65232967347982,355164178,54.62417703642288,False
6292,Av. San Luis - Lorca-Ctra. Estacion de Hortaleza,40.4713591433107,-3.65633833751943,254996525,80.94604199263489,False
10846,Av. Gran Vía de Hortaleza - Gran Vía de Hortaleza-Leira,40.4669169343926,-3.65336948531371,355164241,28.017625205175587,False
10353,Acceso A-3 -  Via servicio A-3 - Arroyo Fontarrón,40.3953766100158,-3.64063980351617,316634724,47.03258246328956,False
10351,Arroyo Fontarrón  - Fuente Carrantona - Tacona,40.3960908873265,-3.64018255033525,615680248,45.40235731462125,False
5069,MARCELO USERA E-O(SAN MAGIN-SAN FILIBERTO),40.3851866254444,-3.715349636718,252796106,55.061570841203654,False
5328,RAFAEL FINAT N-S(JOSOSE CADALSO-BLAS CABRERA),40.3781580300946,-3.77141302106472,5909831946,8.247048938432226,False
6330,Ctra. Acceso Estación de Hortaleza - M-40-Santa Adela,40.4792884788121,-3.65216266174129,252155856,12.652554162206158,False
4217,MIGUEL SERVET N-S(MESON PAREDES-RONDA TOLEDO),40.4060032891531,-3.70184340781274,26494709,37.456807970713925,False
4218,Po ACACIAS E-O(EMBAJADORES-Po ESPERANZA),40.4042771411507,-3.7053336339616,26494663,18.2756941828943,False
4219,Po ESPERANZA S-N(MORATINES-Po ACACIAS),40.4030804693408,-3.70591220349046,26501347,17.206492723844512,False
6325,Gregorio Sánchez Herráez - Vía de los Poblado-M-40,40.4774648407441,-3.63731280655993,252160439,10.477937095045663,False
6329,Nevado del Cumbal - Chiquinquira-Aconcagua,40.4690497331797,-3.63131384281211,253067724,28.426657229774097,False
5070,CNO.VIEJO LEGANES S-N(FCO.ICAZA-OPORTO),40.3852487408662,-3.72818631803416,301891611,19.284131830059994,False
5075,PORTALEGRE N-S(VALLE ORO-OPORTO),40.3862706317828,-3.72342095580319,306034078,34.49679979720994,False
5350,ZAFIRO Ø5 O-E (BERROCAL-ESTEFANIA),40.349043569061,-3.67655886681674,2613374674,12.887546433856796,False
4222,Po ACACIAS O-E(Po ESPERANZA-GASOMETRO),40.4035904343838,-3.70766113761679,26495423,19.133401060562836,False
4226,Po ACACIAS O-E(Po DE LOS OLMOS-GASOMETRO),40.4032127154618,-3.7089902104708,26495422,13.149115836304963,False
4233,LABRADOR O-E(MARTIN VARGAS-EMBAJADORES),40.4022066375776,-3.70122084073661,26231845,12.22099256031437,False
6336,Av. Logroño - Los Brezos-Basella,40.462561949786,-3.58855519163184,31508797,8.190257281438102,False
6337,Av. Logroño  - Bureta-Briones,40.4642869828673,-3.58616022359828,252754917,16.02031812723305,False
6340,Av. Logroño - Av. General-Canal de Suez,40.4696814999723,-3.58139135417579,1687397391,22.603468177400895,False
6341,Av. Logroño - Gonzalo de Céspedes-Canal de Suez,40.4711791032698,-3.58162239508599,31508783,31.936337708621906,False
6342,Av. Logroño - Timón-Pajarones,40.474244413612,-3.58220565905607,12269528859,4.060509816403155,False
5076,PORTALEGRE S-N(OPORTO-VALLE ORO),40.3862979782009,-3.72336839859074,306034078,29.712999248690753,False
5352,AV. ROSALES N-S (TANATORIO-M-40),40.3636118472871,-3.68478861937004,344190001,85.67872704121011,False
10290,"SAN MARIO, 18 N-S (SAN MAXIMO-CARABELOS)",40.3754128962198,-3.69260461788205,306158823,26.357846807031578,False
9939,(TACTICO) SALIDA BRICOMART,40.3649420488464,-3.6870130333016,26082462,18.023784759761615,False
11394,TÁCTICO - Alhaurín 19 - Arroyomolino-Av. Logroño,40.4748831644484,-3.58266093243255,31508780,18.435477109385083,False
4236,EMBAJADORES N-S(MORATINES-LABRADOR),40.4032631892974,-3.70123417594718,170909690,16.116216729799437,False
4237,MORATINES O-E(MARTIN VARGAS-EMBAJADORES),40.4035871511776,-3.70227044528806,26231844,13.413037108109595,False
10427,ATOCHA O-E (FERNAN NUNEZ -SAN EUGENIO),40.4117210508359,-3.69794262209254,26310526,25.46581316570413,False
10491,ATOCHA O-E (DOCTOR MATA - CARLOS V),40.40969191694,-3.6935677982539,9687726556,36.621409593281314,False
3655,PORTALEGRE N-S(ALEJANDRO SANCHEZ-VALLE ORO),40.3876734405065,-3.72345695714309,316422930,18.798951375377495,False
5354,(TACTICO) AV. ROSALES A M-40 (GR-8),40.3625436771935,-3.68425004904385,318262022,10.493752636049424,False
11393,Av. Logroño 347 - Playa de Riazor-Alhaurin,40.4752752088183,-3.5824567213806,29749572,25.108820712866677,False
6355,Av. Donostiarra - Av. Donostiarra-Virgen de la Roca,40.4349807874011,-3.65918122080367,25927258,59.08615892144044,False
6368,Hermanos de Pablo - José del Hierro-Virgen del Portillo,40.4386803635119,-3.64705109133138,2803333495,69.65891350278723,False
6372,Salvador de Madariaga - Verdaguer y García-Av. Badajoz,40.4399840725077,-3.65692805904357,2803280963,31.85438066304423,False
7134,(AFOROS) EMBAJADORES S-N(PALOS FRONTERA-SEBASTIAN ELCANO),40.4030169636365,-3.70088116646289,170909690,50.941349388678375,False
7135,(AFOROS)EMBAJADORES N-S(MORATINES-LABRADOR),40.4034017762061,-3.70134626405424,2522904758,1.560534175815944,False
11392,"Av. Logroño, 160 - Alhaurin-Playa de Riazor",40.4750797788799,-3.58232948642422,12269825978,18.11453056506694,False
5077,(AFOROS) VALLE ORO E-O (ARGÜESO-CNO. VIEJO DE LEGANÉS),40.3872858642248,-3.7257289300524,301891636,12.103157852958518,False
5351,(TACTICO) SALIDA DE M-40 NORTE (GR-6),40.3613552673833,-3.68395285412346,63688535,16.320048346650257,False
5356,(TACTICO) ORO O-E,40.3506581322632,-3.67761076093218,2613374682,6.541844519382112,False
3671,(AFOROS) ALCALA E-O(PL. INDEPENDENCIA-PL. CIBELES),40.4198203367366,-3.69043647943342,59608190,16.3084101229443,False
4245,BARQUILLO N-S(INFANTAS-ALCALA),40.4197542036744,-3.69562414177091,1900998783,33.61227308197596,False
4246,ALCALA E-O(PL. CIBELES-BARQUILLO),40.4192695025581,-3.694147587108,2088535030,36.097619022029164,False
5388,AV. REAL PINTO S-N(LAGUNA MARQUESADO-RESINA),40.3346711183173,-3.71220157303156,1363996399,109.43321354426332,True
4247,ALCALA E-O(GIRO A GRAN VIA)(BARQUILLO-GRAN VIA),40.4190044766527,-3.69573792837391,25906378,15.2802225868619,False
4252,ALCALA E-O(CEDACEROS-PELIGROS),40.4180409643483,-3.69892630295848,21968136,15.061562940569452,False
4254,CRUZ S-N(EL POZO -PL.CANALEJAS),40.4163228211954,-3.70069397425044,21968140,40.3714821332042,False
10608,Carrera San Jeronimo O-E(Pta Sol-Canalejas),40.4166460437453,-3.70074231890073,21968140,27.85782647463968,False
5079,AV. ABRANTES O-E(PORTALEGRE-BRAGANZA),40.3845420981628,-3.7225853167533,1399790324,26.82290619679265,False
3590,AV. REAL  PINTO N-S(SAN CESAREO-MONTEJO),40.3363854174238,-3.71130900794635,381226431,68.86416297166875,False
10015,MONTEJO O-E(CIUDAD FRIAS-AV. REAL PINTO),40.3357502678247,-3.71284085374716,248802421,88.89598146914904,False
3707,MAYOR E-O (SACRAMENTO-BAILEN),40.4151607752587,-3.71282385837437,26444973,27.877107772600272,False
4262,BAILEN S-N (DON PEDRO - MAYOR),40.4145084746038,-3.71354340146586,3910891205,61.112918734010144,False
4263,Cra.San Francisco E-O(Isidro Labrador-Gran Via S.Francisco),40.4109996638137,-3.71260844805222,26472368,12.081100687697605,False
6387,Emilio Gastesi Fernández - Prudencio Álvaro-José del Hierro,40.4370026515835,-3.64833263678316,2803333513,15.616251239518945,False
10748,Av. Donostiarra - Av. Donostiarra salida comisaria,40.434805276044,-3.65619909656209,2794698789,14.918172112061061,False
6714,PM20042,40.4757059627954,-3.67403407649464,25965172,5.798389956221299,False
6715,PM20151,40.4709796304384,-3.67158894238203,1296837952,23.123873111737957,False
5083,BRAGANZA N-S(OPORTO-VIA LUSITANA),40.3846469896046,-3.72134660365538,1399790239,38.19413058058618,False
5394,AV. REAL PINTO N-S(GOMEZ ACEBO-AV. REAL PINTO),40.3431147786535,-3.70722105768585,306259070,10.276538198322111,False
6721,PM20262,40.4621006164099,-3.66556966667931,3317821930,45.909891312989494,False
6732,PM20571,40.4353250571396,-3.65985943288387,2284775485,34.35691575285225,False
6832,AV. REAL PINTO S-N(SAN JENARO-DOMINGO PARRAGA),40.3415439346402,-3.70659291667688,248801934,2.934343543605437,False
6737,PM20721,40.4222212183131,-3.65908165025919,2537144683,82.37626403456154,False
6738,PM20722,40.4222009139571,-3.65886460554364,25938853,94.15388308345322,False
6739,PM20742,40.4194900554531,-3.65841892851051,25943343,44.69901079184893,False
6740,PM20756,40.4194965245229,-3.65822739939701,25943343,59.80046459765812,False
5396,DOMINGO PARRAGA E-O(PZ. GOMEZ ACEBO-AV. REAL PINTO),40.3420538401473,-3.70786882086139,457701522,67.20455913659099,False
10177,PM20873,40.4100346058052,-3.66287489877901,294518843,33.59156165650278,False
5084,PSO.STA.M.CABEZA S-N LATERAL,40.3836676799627,-3.71795379240414,8712134559,35.60103157851045,False
10931,SAN CESAREO Ø40 E-O(SAN ERASMO - AV. REAL PINTO),40.3377993553781,-3.70871886775584,248801956,92.82653715854795,False
5400,ASTILLERO N-S(ESCRIBANOS-DOMINGO PARRAGA),40.342506641117,-3.71406713681282,306259476,32.82845847159315,False
4279,BAILEN N-S (GIRO IZQDA. A MAYOR),40.4152671798717,-3.71349381679639,301433959,7.349872579387027,False
11301,(TACTICO)CCTV CARRERA SAN JERONIMO O-E(PTA SOL-PL.CANALEJAS),40.4166322600312,-3.70052279258679,21968140,9.238636746552148,False
4281,REYES O-E(SAN BERNARDO-AMANIEL)(FRENTE Mo JUSTICIA),40.4243350154074,-3.70799079982885,26066572,50.08110902614198,False
4269,(AFOROS) MAYOR O-E (COMANDANTE MORERAS -,40.4160884247859,-3.70811276511445,21734249,14.332273613784078,False
7087,BAILEN N-S (GIRO A MAYOR)(SALIDA TUNEL-MAYOR),40.4155277063108,-3.71345616327172,301433959,35.812583707856064,False
7091,(MICRO) PL. CIBELES S-N (DELANTE G.12 )(GIRO IZQDA),40.4193216270748,-3.69285094334173,1074577474,17.409198662860856,False
3742,PSO. STA. DE LA  CABEZA N-S Lateral,40.3863482750687,-3.71655045336326,1155636120,35.36502409739646,False
5401,VALLE TOBALINA N-S(MONTEJO-SAN EZEQUIEL),40.3345771001409,-3.71548658967742,1038482875,107.05896688749601,True
5402,VALLE TOBALINA S-N(AV. REAL PINTO-SAN EZEQUIEL),40.332808863348,-3.71541196679556,338676555,89.27821337618032,False
10930,AV. REAL PINTO Ø54 N-S(VALLE TOBALINA - SAN CESAREO),40.3389591389696,-3.70917796564024,248801956,100.3289174058031,True
10014,VALLE TOBALINA N-S (ACEBEDA - BASCUÑUELOS),40.3382274893933,-3.71542446782492,518715168,62.82081306174175,False
10016,BASCUÑUELOS E- O (CIUDAD FRIAS - VALLE TOBALINA),40.3376667024897,-3.71469555776984,951728891,52.92575999444737,False
10430,PSO. EXTREMADURA O-E(CARAMUEL-LAIN CALVO),40.4137850250725,-3.72696468621091,255520692,16.29893050162137,False
5031,(TACTICO) ALFONSO ACEA N-S,40.4103362979793,-3.73807384108609,305399731,18.491281834862278,False
5009,Pº EXTREMADURA O-E(NAVAS DEL REY-LA MILAGROSA),40.4094229045465,-3.73981566711801,1478929043,7.991497403872606,False
5029,SAGRADOS CORAZONES E-O,40.4073349556958,-3.74153013008838,305397533,13.148700732075646,False
5013,CARAMUEL N-S(DOÑA MENCIA-ANTILLON SENTIDO),40.4109185556205,-3.72673513205215,305396667,15.979650656863544,False
5087,ANTONIO LEYVA S-N(ALEJANDRO SANCHEZ-STA. LUCRECIA),40.3876934788181,-3.71674629369471,255243047,32.64221358443296,False
5017,Pº OLIVOS O-E(Mª DEL CARMEN-CARAMUEL),40.4067297381595,-3.73089007390978,305397418,3.3162586834460255,False
10425,PSO. EXTREMADURA E-O(TURISMUNDO-GRAL. MANSO),40.4111320384819,-3.7354388808943,305397333,24.53254275248831,False
5032,GRAL. MANSO N-S(ALMIRANTE REQUESENS-PSO. EXTREMADURA),40.4107736673383,-3.73674045042952,305399746,12.740387828348421,False
5033,MILAGROSA S-N(JOSE ESPELIUS-PSO. EXTREMADURA),40.4105276232339,-3.73632650031151,423497498,20.23125023136781,False
10424,PSO. EXTREMADURA E-O(GRAL. MANSO-ALFONSO CEA),40.4107880036028,-3.73615772109002,305399741,8.109933665086313,False
10275,"CAMINO INGENIEROS, 17 N-S(JUAN ALONSO-NTRA. STA LUZ",40.3859913959184,-3.74852950728818,301832188,55.54007842148266,False
5057,CNO. VIEJO LEGANES S-N(RADIO-GRAL. RICARDOS),40.3927373833136,-3.72384362751077,35481175,11.946285947629462,False
4310,"HORTALEZA, 26 O-E(INFANTAS-SAN MARCOS)",40.4211134042277,-3.70050376030406,25906421,16.061679722502767,False
5090,(AFOROS)VIA LUSITANA E-O(VIANA-PL. ELIPTICA),40.384355420545,-3.71921500617314,1399790363,52.36017659919696,False
5091,(AFOROS) VIA LUSITANA E-O,40.3842253181279,-3.71970104575454,1399790363,43.85328690437905,False
3576,OCA O-E(ALFARO-NTRA.SRA.DE VALVANERA),40.3896269506328,-3.73600536072691,301884951,22.94472073485075,False
5109,PSO. MARCELINO CAMACHO E-O(LAGUNA-ANTOLINA MERINO),40.3867524082972,-3.7423810558449,21776670,45.85514313535143,False
5099,OCA ENTRE TINTAS Y BERNARDINA ARANGUREN SENTIDO E-O,40.388681010787,-3.74096684482744,21776008,17.712522129616932,False
5113,NTRA. SRA. FATIMA N-S(MONSEÑOR OSCAR ROMERO-NTRA. SRA. LUZ),40.38307543057,-3.74750371969522,259640959,25.622363486996807,False
10974,BARBERAN Y COLLAR N-S(CONCEJAL FCO. JOSE JIMENEZ MARTIN-PROL. YEBENES),40.3987696124067,-3.75577673456629,622424461,39.40677509087387,False
4904,SESEÑA ENTRE TEMBLEQUE Y VALMOJADO SENTIDO O-E,40.3975600034343,-3.75776867944878,49894202,15.44691560978129,False
4907,SESEÑA E-O(ACCESO CTRA. BOADILLA-ILLESCAS),40.3980610167288,-3.76347702274318,49894120,88.22263485047758,False
4311,INFANTAS S-N(PL. VAZQUEZ DE MELLA-HORTALEZA),40.4207948483253,-3.69994757112455,25906422,4.048879497140648,False
10576,(CARRIL BUS) OPORTO O-E (CNO. VIEJO LEGANES - FCO. ICAZA),40.3859958302392,-3.72710447970238,301891545,35.62873069587203,False
4315,CUESTA SAN VICENTE E-O(FERRAZ-CADARSO),40.4217165969851,-3.71359828659782,9307495421,26.552278906964517,False
3637,CTRA. BOADILLA E-O (N-V-CARABIAS),40.3988991947634,-3.7652808843515,49964428,74.07501944955193,False
5179,CTRA. BOADILLA O-E (CARABIAS-N-V),40.3988629798822,-3.76527950765101,49964428,73.83944136354897,False
5165,CTRA. DE BOADILLA O-E (AZOR-CARABIAS),40.3990806893833,-3.76833605829624,33393017,12.602568015194585,False
5174,CTRA. BOADILLA E-O (GALICIA-SEDANO),40.399212308281,-3.77306912898788,27637196,21.99554453154643,False
4316,FERRAZ N-S(IRUN- CUESTA SAN VICENTE)(FRENTE),40.4225496814154,-3.71385415826967,1501171070,78.69737161664365,False
11208,CUESTA SAN VICENTE O-E(PM 16004+PM16049)(Pso. DEL REY-ARRIAZA),40.420248104876,-3.71752884608077,26080715,57.2624073488441,False
4337,FERNANDEZ DE LOS RIOS O-E(PRINCESA-ARCIPRESTE DE HITA),40.4355837853338,-3.71927278703445,1486142532,25.170190003630307,False
4338,PRINCESA S-N(PL. MONCLOA-Po MORET),40.4342253136673,-3.71879039100463,26578946,6.301077420056951,False
10577,(AFOROS)(CARRIL BUS) OPORTO O-E (ELVAS-PORTALEGRE),40.3855933171943,-3.72498058545396,301999690,7.254740896318504,False
7026,(MICRO) Pº Recoletos N-S - Pl. Colon-Bárbara Braganza,40.424210771059,-3.69074248190305,7549719175,45.109345947630736,False
7011,(MICRO) Pl. Colón (Delante Gr. 6) - (MICRO) Pl. Colón (Delante Gr. 6),40.42552784045,-3.69037359172057,389139048,8.382382928673527,False
4339,PRINCESA N-S(GIRO IZQDA. FERNANDO EL CATOLICO),40.4340682463457,-3.71876890300568,8577075130,10.873323647484206,False
4340,Po MORET  O-E(MARTIN DE LOS HEROS-PRINCESA),40.4343850370178,-3.72084414367778,26578963,79.38420490953631,False
4341,PRINCESA S-N(MELENDEZ VALDES-PL. MONCLOA),40.433137753307,-3.71799908022174,26578944,14.726640409221783,False
4342,MELENDEZ VALDES E-O(ARCIPRETES DE HITA-PRINCESA),40.4331891368413,-3.71741588298826,26578966,9.158223127808286,False
3747,RODRIGUEZ SAN PEDRO E-O(GAZTAMBIDE-PRINCESA),40.4318903707222,-3.71592585827455,26025889,18.23881662799448,False
4345,MARQUES DE URQUIJO O-E(MARTIN DE LOS HEROS-TUTOR),40.4302820537123,-3.71719181674586,55161135,16.302753599677306,False
3855,Hortaleza75 S-N(Travesia San Mateo-FernandoVI),40.4251261715913,-3.6977531922756,25906221,8.633464216252456,False
10578,(CARRIL BUS) OPORTO O-E (PORTALEGRE-MERCEDES DOMINGO),40.3853302595909,-3.72316125428064,301891562,38.5208764847104,False
3882,DR. ESQUERDO S-N(MONEDA-ALCALDE SAINZ BARANDA),40.4146746011953,-3.66944537991919,150987118,8.010370919805952,False
3883,DR. ESQUERDO N-S(MONEDA-SAMARIA),40.4141290529476,-3.66967366560014,151025308,31.172615649597535,False
4347,MARQUES DE URQUIJO E-O(PRINCESA-TUTOR),40.4304833787167,-3.71687297699782,25935523,49.12804509410843,False
6428,Av. Pablo Neruda - Av. Pablo Neruda-San Claudio,40.389637237634,-3.64337097148747,316635129,26.69314266577064,False
3804,Av. Pablo Neruda - Malgrat de Mar-Miguel Hernández,40.3930658866726,-3.64077133835129,814823718,36.24563489613922,False
3564,(TACTICO) ALCALDE SAINZ BARANDA E-O(GIRO IZQ. A TORRESPANA),40.4213557964027,-3.66230941183238,150554621,16.02426556863898,False
3726,ASTROS E-O(CRUZ DEL SUR-DR. ESQUERDO)(GIRO DERECHA),40.4114167368942,-3.66887326618634,12331929364,16.27684523747619,False
3602,ESTRELLA POLAR O-E(PEZ AUSTRAL-SIRIO),40.4110325066669,-3.66458208904226,151025733,38.12967434883685,False
11433,Cerro del Monte 9 - Erial de la Abuela-Blas de Lezo,40.4073585609677,-3.55162282763333,2466619014,76.28760516975434,False
11435,Cerro del Campo 22 - Erial de la Abuela-Blas de Lezo,40.4054911042009,-3.55163289604595,1156937861,74.45486583124129,False
6484,Timoteo Pérez Rubio - Av. Entrevías-Timoteo Pérez Rubio,40.3875777974812,-3.67229475204352,1251048429,36.093627456487674,False
5590,Alfonso XIII S-N - Lirios-Pl.José Mª Soler,40.4581201146456,-3.66702628004201,119813618,0.10186923544180686,False
3901,Menendez Pelayo S-N - Valderribas-Pl. Mariano Cavia,40.4064547257422,-3.67945914318253,29564145,27.06873399440295,False
3903,(TACTICO) Dr. Esquerdo N-S - Cavanilles-Valderribas (Giro Izq.),40.4034001430068,-3.67291443236773,29565275,24.419492805010808,False
6496,Fuente Carrantona N-S - Av. Daroca-M23,40.4157421737835,-3.62693104185572,25377785,21.334491435855597,False
6434,Av. Doctor García Tapia - Marroquina-Av. Moratalaz,40.4104974734843,-3.6420111559672,2969074105,11.189602125163542,False
6436,Av. Doctor García Tapia - Rabat-Fuente Carrantona,40.4073835268988,-3.62960622308654,317744746,83.3293037139524,False
6437,Av. Doctor García Tapia - Fuente Carrantona-Fobos,40.4081394188118,-3.63357670774744,1837500600,13.834101433171686,False
10669,Av. Moratalaz - Dr. Garcia Tapia - Cno. Vinateros,40.4094744393287,-3.64198843803168,306264220,48.341415748691674,False
3809,Hacienda Pavones - Luis de Hoyos Saínz-Valdebernardo,40.3995970896132,-3.63108901576633,6985731277,66.6919469142648,False
6464,Giro Fuente Carrantona-Ciudad Encantada - Fuente Carrantona-José Bergamín,40.4106574567741,-3.62964866150087,25377808,15.61327836687496,False
6467,Av. Doctor García Tapia - Camino Vinateros-Av. Doctor García Tapia,40.4122228539458,-3.64906572774487,8385333705,136.04046865898061,True
6468,Av. Arcentales - Av. Arcentales-Pl. Grecia,40.4344235364376,-3.60463709800027,1298911476,22.514630784871336,False
6469,Suecia  102 - María Sevilla Diago-Pl. Grecia,40.4336767937885,-3.60607835801419,20952948,27.507738250809155,False
10903,Av. Entrevías - Vizconde de Arlessón-Imagen,40.3818862737824,-3.6688379656603,306043560,27.136863807103406,False
10908,Imagen - Puerto de Balbarán-Av. Entrevías,40.3825713722258,-3.66876381980081,250888505,24.74402368634478,False
10912,Av. Entrevías - Romda del Sur-Villacarrillo,40.3766829102562,-3.66055709279986,355532686,3.7448914054742737,False
10672,Oberón - Mario Cabré - Dr. Garcia Tapia,40.4073153699922,-3.63504842048979,306217427,53.002601960120394,False
6475,Pº. Ginebra - Suecia-Av. Niza,40.42473315992,-3.60444539736857,20960688,46.59719684338105,False
6476,Av. Guadalajara - San Marino-Francfort,40.4240114950206,-3.60776217742074,21991728,32.889946930528694,False
3460,"Alfonso XIII, 51 N-S - Alhelies-Ramon y Cajal",40.4530371255116,-3.66736231209613,119815327,38.0612052268497,False
3461,"Ramon y Cajal, 69 O-E - Gabriel Galan-Alfonso XIII",40.4523920358728,-3.6684267354175,102186292,23.521096695671066,False
6470,Suecia - Bucarest-Pº. Ginebra,40.4251744389454,-3.60412769533607,21525306,22.2277587532715,False
6472,Suecia - Pº. Ginebra (Sur)-Pº. Ginebra (Norte),40.4238611863398,-3.60417943978802,20960717,26.372913493365683,False
6473,Suecia - Francfort-Pº. Ginebra,40.4233556194301,-3.60528565955419,21991219,15.628216794807246,False
6474,Pº. Ginebra - Sofía-Suecia,40.4241997993584,-3.60310884056182,20960709,20.09409923609754,False
10629,Machester - Oslo y Sofia,40.429909669447,-3.60246835315913,20952925,36.972383917761,False
10729,Suecia - Francfort-Pº. Ginebra,40.4233302636754,-3.60527025057413,21991219,16.051765753562247,False
10958,Suecia - Pª Ginebra (Sur)-Pª Ginebra (Norte),40.4238411830936,-3.60414477982235,20960717,27.02479091914335,False
11290,"Maria Sevilla Diago, 14 - Longares-Niza",40.433041039928,-3.60880690323066,20952927,88.82444175927158,False
11292,"Maria Sevilla Diago, 32 - Suecia-Niza",40.4334175523733,-3.60634600619337,20952948,26.513969113172287,False
11293,"Maria Sevilla Diago, 31 - Mónaco-Suecia",40.4335711280623,-3.60515206293669,20963071,20.387223709786632,False
11296,"Julia Garcia Boutan, 37 - Monaco-Suecia",40.4304294750699,-3.60438899964773,20963095,19.306896507697413,False
3947,Alfonso XII S-N - Montalban-Pl. Independencia,40.4179075613628,-3.68879989746009,26486653,16.98565781235429,False
3626,CTRA.HUMERA Ø4 S-N (BERENISA-AV. OSA MAYOR),40.4588082366233,-3.77904696211401,266456318,12.357926032536875,False
3578,Serrano N-S - Goya-Jorge Juan,40.4250275376413,-3.68793072253055,25552447,40.73720371710634,False
4223,Jorge Juan O-E - Pº Castellana-Serrano,40.4243179145643,-3.68945724977498,7549719167,68.04179699651726,False
10048,Serrano 191 N-S - Turia - Cidacos,40.4508379267967,-3.68197641170015,706689952,7.34255857285221,False
7065,(MICRO) PRINCESA N-S(DELANTE G. 1 FRENTE G. 2),40.4287818094347,-3.71497435484218,25935516,13.60124299081046,False
4379,"Guzmán el Bueno, 54 N-S(Donoso Cortés-Fernández de los Rios)",40.4361855419559,-3.71308677806172,26025857,23.614139518275067,False
4380,"Guzman el Bueno,15 N-S(Rguez San Pedro-Alberto Aguilera)",40.4316572853892,-3.71343413786757,25935144,16.04422341232686,False
6216,Ctra. Vicálvaro a la Estación de O´Donnell - Abad J. Catalán-Villablanca,40.4039596812017,-3.59417210733259,1145702381,18.735793671717797,False
11406,Av. Miguel Delibes - Ilusión - Diálogo,40.4037996302518,-3.55722718583644,1156937194,26.727821899354314,False
11408,Av. Blas de Lezo - M-45 - Cañada de Vicalvaro a San Fernando,40.4094724588675,-3.5529135146122,2069124702,38.551138550616876,False
10050,Cinca 6 E-O - Sil - Serrano,40.4499856598826,-3.68158973957016,102198742,10.270928274441431,False
11407,Av. Blas de Lezo - Cerro del Campo - Cerro del Tesoro,40.4057782039008,-3.55252298744635,1156937861,32.493358164683606,False
11424,Jose Escobar y Saliente 80 - Imperio Argentina-Miguel Delibes,40.4051164449847,-3.5623782010506,6516825431,67.66969039653871,False
11426,Dialogo 9 - Tolerancia-Miguel Delibes,40.4051380930451,-3.55789956641981,972890820,69.80860303560533,False
11430,Cañada Vicalvaro a San Fernando 212 - Aloe Vera-Blas de Lezo,40.4087491924179,-3.55388365584338,1156937405,78.01358743119916,False
11431,Mayorazgo de Duarte 313 - Erial de la Abuela-Blas de Lezo,40.4087937324394,-3.55163454514547,1156936703,76.83236188710174,False
11432,Igualdad 46 - Aloe Vera-Blas de Lezo,40.4072562323295,-3.55381656827135,1156937624,77.59791407539893,False
11434,Ilusión 59 - Aloe Vera-Blas de Lezo,40.4054649576913,-3.55391369017362,1156937552,72.96984518425973,False
6483,Av. Entrevías - Pico Javalón-Timoteo Pérez Rubio,40.3893876789793,-3.67212226945383,342079142,42.54945420662205,False
10049,Serrano 206 S-N - Cinca - Turia,40.4507970049718,-3.68190782898808,706689952,5.696056934756882,False
3981,Velazquez S-N (Lateral) - General Oraa-Maria Molina,40.4362428852985,-3.68313070376786,2351032617,12.00112852051645,False
3982,Velazquez S-N (Entrada Tunel) - General Oraa-Maria Molina,40.4362407094515,-3.68319060937452,2351032617,9.90396001393706,False
4014,Hermosilla a 50 mts G.2 O-E - Lagasca - Velazquez,40.4263740967538,-3.684840344358,28096714,34.42609914208478,False
9892,Velazquez S-N - Diego de León-Gral.Oraá,40.4353563698189,-3.68327903665935,29739619,46.23442879468337,False
3949,Joaquin Costa 26 O-E - Pl. Republica Argentina - Velazquez,40.443168438541,-3.68349327128241,142260103,9.704444256646076,False
6485,Av. Entrevías - Concejo de Teverga-Timoteo Pérez Rubio,40.3871191684162,-3.67139312044616,306044435,29.956072650035498,False
6486,Av. Entrevías - Ronda Sur-Villacarrillo,40.3769103274626,-3.66127789660101,306101239,43.40546666935727,False
6487,Ronda del Sur - Cooperativa Eléctrica-Av. Entrevías,40.375787747074,-3.66062277055786,306043818,32.08785427500581,False
6489,Embajadores - Santa Catalina-Carretera Villaverde a Vallecas,40.369021163629,-3.67600373207518,306101165,90.8433446040026,False
3980,"Jose Ortega y Gasset, 16 O-E - Lagasca-Velazquez",40.4303309744679,-3.68459153287363,28097221,17.974878453231145,False
10013,Francisco Silvela N-S - Padilla-Ortega y Gasset,40.4312360795417,-3.6715055116241,2533411724,25.94241106173571,False
10192,Conde Peñalver N-S - Diego de León-Maldonado,40.4341305542409,-3.67500248124536,29513466,45.06146738299229,False
10193,Conde Peñalver N-S(Giro a Maldonado) - (Diego de León-Maldonado),40.4340773236886,-3.6749731652568,29513466,50.48177743343314,False
10919,La Mancha - La Mancha-Lagartera,40.380649753897,-3.67004353482491,2237921393,17.692680832377288,False
10920,Lagartera - Peñarroya-Campiña,40.3804557635246,-3.67150144685093,1837465918,4.085519472043038,False
10163,Av. Entrevías - Calero Pita-Hernández Más,40.382802912424,-3.66944181100064,355531732,28.640250830904275,False
10164,La Mancha - Guadalcazar-Av. Entrevías,40.3811277805085,-3.66933857528027,307700859,20.01681642737828,False
10162,Av. Entrevías - Benemeji-La Mancha,40.3810542961472,-3.66806533865411,307677910,74.08771737834485,False
4908,(TACTICO)ACCESO NV N-S(NV-SESEÑA),40.3980836220518,-3.76368224884931,49894120,74.65067595743885,False
3403,(TACTICO)SESEÑA GIRO O-N(ILLESCAS-ACCESO NV),40.3979592776022,-3.76378862829084,49894120,59.625428194755074,False
3613,Conde Peñalver S-N - D. Ramon de la Cruz-Jose Ortega y Gasset,40.4287960644127,-3.67535390041617,28096828,11.536061866726472,False
4382,Alberto Aguilera O-E(Serrano Jover-Mártires Alcala),40.4302454775541,-3.71296164645848,858587224,40.81824438603663,False
4383,(AFOROS)Alberto Aguilera O-E(Gta. Ruiz Giménez-Vallehermoso),40.429815357175,-3.70714825709133,25935033,49.612431835546914,False
4384,"Alberto Aguilera, 44 E-O(Blasco de Gara-Guzmán el Bueno)",40.4303072777306,-3.71240402739184,385569660,21.759289947157438,False
4385,Alberto Aguilera O-E(Princesa-Serrano Jover),40.4305306253381,-3.71547809311556,25935519,29.663456874678445,False
4386,(AFOROS) Alberto Aguilera O-E(Conde Duque-Acuerdo),40.4297419392465,-3.70783102708239,25935033,9.293777590499827,False
4400,Carranza O-E(San Bernardo -Fuencarral),40.4293684720092,-3.70457148186878,22022163,13.380550354500533,False
4919,(TACTICO) SAN MANUEL GIRO IZDA. A PSO. EXTREMADURA (DIRECCION MADRID),40.4013822999725,-3.7598085624957,13367800872,8.944825145894681,False
4921,(TACTICO) INCORPORACION DESDE PSO. EXTREMADURA (DIRECCION CASA CAMPO),40.4015998224298,-3.75964968359774,13367800871,19.64127745145897,False
10170,Ppe. Vergara N-S(Giro a Gral Oraá) - Maria Molina-Gral Oraá,40.4362168999108,-3.67926540781908,143500439,30.958121964801173,False
4018,Lateral M-30 N-S - Salida Puente Ventas-Pl. Toros,40.4323350418362,-3.66096583329576,25531664,63.401649079898554,False
11200,Fuerzas Armadas - Ciudad Deportiva O-E (Vía Servicio) - Av. Fuerzas Armadas - Gta Antoñete P.P. (Oeste),40.4819934051753,-3.61124430795827,1012899118,178.33398680919166,True
11202,Manuel Fraga Iribarne S-N-Salida Gta Antoñete - Gta. Antoñete-Jose Antonio Corrales,40.4833745683315,-3.60830283210186,965442068,52.495127997483884,False
11201,Fuerzas Armadas E-O Salida Gta Antoñete - Gta Antoñete P.P. (Oeste)-Fuerzas Armadas C. Deportiva,40.4823598993221,-3.60973535136038,1012899036,49.607163590581884,False
11195,Av Fuerzas Armadas Estacion - Estacion-Gta Antonio Perpiña,40.482332968428,-3.61602126673793,1012899128,119.02245302630367,True
11196,Av. Fuerzas Armadas- Estación E-O (Vía Servicio) - Estacion-Gta Antonio Perpiña,40.48258510874,-3.61591557919853,1012899128,128.6821402077819,True
10479,Julian Camarillo - Miguel Yuste - Rufino Gonzalez,40.4360545619132,-3.62407097045252,31066763,65.72290615889347,False
10541,Alcalá - San Romualdo-Cronos,40.4423271235014,-3.6215158113233,31146526,113.4272847370924,True
10547,AV. 25 DE SEPTIEMBRE - Alcalá - Puertollano,40.4424015231157,-3.62375024721858,88976904,9.387861860503607,False
4963,(AFOROS)AV.POBLADOS E-O(CNO.VIEJO VILLAVERDE-RAFAELA YBARRA),40.3729657793414,-3.71071908633586,2118131478,7.4199509886221175,False
4047,Jorge Juan O-E - Fernan Gomez-Maiquez,40.4232478317642,-3.67279026340944,29484166,9.460384841037111,False
9888,Jorge Juan O-E - Castelló-Principe Vergara,40.4236476985772,-3.68128014605133,29484172,29.823278904677043,False
4052,"O´Donnell, 45 E-O - Fernan Gonzalez-Narvaez",40.4214985058757,-3.67454880608323,13078835985,13.988771587089472,False
4053,"O´Donnell, 21 E-O - Lope de Rueda-Antonio Acuña",40.4216469904522,-3.67773489329374,21627287,18.271518991137846,False
11147,Fuerzas Armadas E-O - Rocio Jurado-P.P. (16-156),40.4867976002041,-3.63428210117104,969169795,117.29052721883875,True
11145,Fuerzas Armadas E-O - P.P. (16-154) Gta. Jose Luis Sanchez del Amo,40.4849427018404,-3.64067420226043,965442275,115.48276100292857,True
11140,Fco. Pi y Margall E-O (Puente) - Gta. Jose Luis Fdez del Amo-Niceto Alcala Zamora,40.4851935709595,-3.6452449615056,2584370377,78.66449307060107,False
11139,"Fco. Pi y Margall, 8 - Niceto Alcala Zamora-Isabel Clara Eugenia",40.486014965988,-3.64761133930497,4599656166,22.804973845814878,False
4046,"(TACTICO) Maiquez, 2 S-N - Duque de Sesto-Jorge Juan",40.4230167951056,-3.67270236080015,29484166,21.849463196294888,False
4073,(TACTICO) Antonio Acuña N-S - Duque de Sesto-O´Donnell,40.4219012517461,-3.67890960419206,26784001,20.48056726327656,False
4075,O´Donnell E-O - Miguel Vives-Maiquez,40.421377699754,-3.67197967922675,13078835994,66.53611186121962,False
11169,Av. Fuerzas Armadas - Rocio Jurado y Buenos Aires,40.4855196255207,-3.63782702146631,969169728,18.328240108466552,False
6626,Av. Niceto Alcalá Zamora - Pintor Ignacio Zuloaga - Av. Francisco Pi y Margall,40.4842053304117,-3.64786228229589,1340025695,7.897386090855513,False
11156,Fco. Pi y Margall - Niceto Alcalä Zamora-Gta. Jose Luis Fdez. del Amo,40.4843914735799,-3.64287578175149,1000778648,18.60978917368598,False
11157,Av. Fuerzas Armadas - Av. Fuerzas Armadas Parking-Fco. J. Sainz Oiza,40.4847026765766,-3.64176717285154,965442275,23.01847058846771,False
11275,Acceso Gta. Antoñete (Carril BUS) - Jose Antonio Corrales-Gta. Antoñete,40.4832700024245,-3.60864586796966,965442176,41.08943936820336,False
11272,Av. Fuerzas Armadas (CARRIL BUS) - Av. Fuerzas Armadas 322 - Gta. Antonio Perpiñá,40.4819929079,-3.61932756416743,969169634,34.64472419963052,False
11273,Av. Fuerzas Armadas (CARRIL BUS) - Estacion Valdebebas - Gta. Antonio Perpiñá,40.4824567844137,-3.61684388132922,1012899128,49.0837362503277,False
11242,Luis Moya Blanco - Félix Candela-Av. Secundino Zuazo,40.4964836383132,-3.61625299834912,1812894283,44.18469500004528,False
4094,EMBAJADORES S-N(ANTRACITA-BOLIVAR)(SUPERFICIE),40.3909731890392,-3.69268906232487,616237618,59.97264188469955,False
6512,San Romualdo  - Alcalá-Albasanz,40.4398733472654,-3.62242450432561,355678708,13.986551982948704,False
4097,EMBAJADORES S-N(BRONCE-ANTRACITA)(SUPERFICIE),40.3891055511797,-3.69161916989723,616240337,30.48629256535812,False
4102,BRONCE E-O(HIERRO-EMBAJADORES),40.3877835800053,-3.69028340689437,26401974,48.448900705186254,False
5097,AV. PLANETARIO E-O(PARQUE TIERNO GALVAN-EMBAJADOR),40.3872868378348,-3.68950630736253,1886544380,63.73043287899937,False
11274,Av. Fuerzas Armadas (CARRIL BUS) - Ciudad Deportiva - Gta. Antoñete,40.4821388300342,-3.60976499555271,1012899118,52.833189546245414,False
3664,Alcalá - Electra-San Romualdo,40.4423554502789,-3.62165860959117,2208138765,116.90903370287646,True
3665,Alcalá - Cronos-Av. Canillejas a Vicalvaro,40.4431703090393,-3.6184622294243,29795837,140.53183304478372,True
6508,Alcalá - Eduardo Terán-Av. Canillejas a Vicálvaro,40.4442535223116,-3.61607109469477,29795722,12.644884427303003,False
3709,Alcalá - Av. Canillejas a Vicálvaro-San  Mariano,40.444674007756,-3.61520756699202,255163720,13.170827225897861,False
6509,Alcalá - Esfinge-Gutiérrez Canales,40.4469500535678,-3.61184423155674,30097696,16.92394134452471,False
4124,EMBAJADORES N-S(TOMAS BORRAS-MIGUEL ARREDONDO),40.3954062508892,-3.69560687409476,27419735,56.64196299207747,False
6514,San Romualdo - Julián Camarillo-Cronos,40.4368897745156,-3.62106389621341,31066739,25.78985991917491,False
6515,San Romualdo - Cronos-Av. Arcentales,40.434851459021,-3.62013117239706,1325488018,76.98354511877889,False
6516,San Romualdo - Av. Arcentales-Cronos,40.4349096043619,-3.62001950844824,1325488018,79.1149893716047,False
6517,Av. Arcentales - Gta. Arcentales- San Romualdo,40.4335734610454,-3.62016062828084,31260276,7.665855550519647,False
6519,Av. Arcentales - Av. Canillejas a Vicálvaro-San Romualdo,40.4338626650636,-3.61831437319337,10241421074,34.16283547821593,False
3711,Miguel Yuste - Albasanz-Julián Camarillo,40.4370027083678,-3.62370036473453,31066763,88.40453298788772,False
6521,Emilio Muñóz - Miguel Yuste - Castillo de Uclés,40.4343344692554,-3.62303673208437,307487300,6.527877540513702,False
6522,Cronos - San Romualdo-Miguel Yuste,40.4354025737889,-3.62169836042557,211195852,100.87777638200731,True
4123,GUILLERMO DE OSMA O-E(DOMINGO P.VAL - PL.BEATA Ma ANA JESUS),40.3940156327418,-3.69584739540795,26879238,25.50795884114631,False
4172,PLAZA LEALTAD E-O(ANTONIO MAURA -Po DEL PRADO),40.4160812527943,-3.69237148308414,26487748,16.98109219477395,False
4173,(AFOROS)Po DEL PRADO S-N(ESPALTER-PL. CANOVAS  DEL CASTILLO),40.4128861191009,-3.69295172032334,26486539,46.71761678901789,False
6524,Av. Arcentales  - Gta. Arcentales-San Romualdo,40.4371060750234,-3.62033077225172,31066982,33.54200798256711,False
4166,AV. CIUDAD BARCELONA O-E(JUNTO GASOLINERA),40.406491184452,-3.68827921252339,12969310911,45.031146152794406,False
3463,(AFOROS) Po INFANTA ISABEL E-O(ALFONSO XII-GTA. CARLOS V),40.4079684891378,-3.6900308432149,249084428,14.210353379840871,False
4167,STA. Ma CABEZA ENTRADA A CALLE 30 CAL. INTERIOR SENTIDO A-5,40.3965631329716,-3.70385163407553,1014628803,20.88159020370248,False
4168,STA. Ma CABEZA ENTRADA CALLE 30 CAL. EXTERIOR SENTIDO A-4,40.3965236309952,-3.70386595813325,1014628803,22.27784667260623,False
7041,Po DEL PRADO N-S(ZORRILLA-PLAZA DE LAS CORTES),40.4172141999707,-3.69426947082699,26486524,26.419189726893162,False
10564,RONDA DE LA COMUNICACION E-O,40.5125228524619,-3.66288945587223,1163945062,82.28998115674707,False
4182,STA MARIA CABEZA N-S(EMBAJADORES-PENUELAS),40.4005609746373,-3.69976104544736,673466848,43.34010752875496,False
4183,STA Ma CABEZA ENTR.CALLE30 EXT SENT A4(DESDE PL. ELIPTICA),40.3938593798376,-3.70554654154309,315246451,54.78753502898801,False
4186,BATALLA DEL SALADO N-S(PALOS DE LA FRONTERA-CANARIAS),40.4027066631353,-3.69593649769297,31010367,21.46038406855871,False
4187,PALOS DE LA FRONTERA E-O(BATALLA DEL SALADO-STAMARIA CABEZA),40.4031737003629,-3.69619951236237,31009806,25.646197261730073,False
4188,CANARIAS O-E(STA MARIA CABEZA-BATALLA DEL SALADO),40.4020757508289,-3.69706886904517,26514655,84.53416125680097,False
3692,JOSE ANTONIO ARMONA N-S(SEBASTIAN ELCANO-STA MARIA CABEZA),40.4049841680576,-3.69702790487713,26494719,16.253036610902512,False
4180,FERROCARRIL O-E(STA MARIA CABEZA-BATALLA DEL SALADO),40.4010138959907,-3.69829409146369,12878947503,19.776051852144445,False
4181,EMBAJADORES N-S(STA MARIA CABEZA-GENERAL PALANCA),40.4000271300657,-3.69881145355644,8381762252,51.21596643559031,False
11247,Av. Secundino Zuazo - Manuel Gutiérrez Mellado-José Antonio Coderch,40.4956103629193,-3.62047577367954,1433108823,41.78009236822551,False
11253,Av. Secundino Zuazo - José Antonio Coderch-Maria de las Mercedes de Borbón,40.4956035325842,-3.62207765849216,1433108820,0.5698474998063862,False
4918,(TACTICO) PROLONG. YEBENES  S-N(SEPULVEDA-SAN MANUEL),40.4012445810135,-3.75967543044127,21701960,26.688078244197,False
4920,(TACTICO) PROLONGACION YEBENES ACCESO PSO. EXTREMADURA,40.4012753300587,-3.75952269378131,21701960,26.712562057343167,False
3466,SANTA MARIA CABEZA N-S(MARTIN SOLER-CANARIAS),40.4025557938764,-3.6978242016581,26514655,12.516785618963524,False
3467,BERNARDINO OBREGON N-S(PALOS FRONTERA-STA Ma CABEZA),40.4020392546525,-3.69853998462544,26534924,21.744593018286867,False
4387,"Conde Duque, 13 S-N(Sta Cruz de Marcenado-Alberto Aguilera)",40.4290075752897,-3.7093677006733,11533572600,23.864732827502337,False
5130,Alberto Aguilera E-O(Guzmán el Bueno-Andrés Mellado),40.430510785626,-3.71453833900534,25935517,9.962516131850991,False
4402,Serrano Jover N-S( Lateral Izquierdo),40.4301942086976,-3.71413110883068,913080874,19.530071593798905,False
5104,(AFOROS) RONDA VALENCIA E-O(VALENCIA-MESON DE PAREDES),40.4058481706272,-3.69976134178271,13076712906,27.891372217370712,False
4211,(AFOROS) RONDA VALENCIA O-E(MESON DE PAREDES-FRAY LUIS LEON),40.40553148915,-3.70060564030391,26494692,29.975163711420016,False
4212,RONDA VALENCIA E-O(MESON DE PAREDES-GTA. EMBAJADORES),40.4054727361031,-3.70111797211187,13076712904,11.374664235523827,False
4213,EMBAJADORES S-N(SEBASTIAN ELCANO-GTA. EMBAJADORES),40.4040715872178,-3.70171227930504,26501647,12.995910948798203,False
4397,(MICRO) Gta. Ruiz Giménez E-O(Delante G. 2),40.4296604484817,-3.70606468027512,25934828,6.879307219891321,False
4406,"Fuencarra, 146 S-N - Gonzalo de Córdoba-Gta. Quevedo)",40.4325705390356,-3.70384976573583,141881347,10.541081695646318,False
4407,"Alburquerque, 13 E-O - Cardenal Cisneros-Fuencarral",40.4311167714888,-3.70215718403198,98960769,18.725373218393077,False
4408,"San Bernardo, 126 S-N(Jerónimo de la Quintana-Gta. Quevedo)",40.4324384788342,-3.70473326729727,2972993217,22.3398120900416,False
11409,Acceso JA Samaranch (en carrril dcho desde Antonio Perpiñá) - Antonio Perpiña-Intercambiador,40.4835503846835,-3.61676002424102,965442277,61.66282771894642,False
11411,JA Samaranch - Intercambiador-Jose Antonio Corrales,40.4842512557705,-3.61613470108554,965442252,22.88759660727852,False
4256,SEVILLA N-S(ALCALA-PL. CANALEJAS),40.4170967147892,-3.70014635579655,21968139,6.416398686801634,False
10527,SEVILLA N-S (SALIDA PARKING A 25 MTS G.3),40.4169840637745,-3.70025362729785,21968139,21.532492409955402,False
4257,BARQUILLO N-S(GRAVINA-AUGUSTO FIGUEROA),40.4224519211652,-3.69562434571046,25906269,9.368700930803186,False
4410,"Fuencarral, 117 N-S - Sandoval-Gta. Bilbao",40.4298912617396,-3.70271268820244,25934577,34.86281536285301,False
4413,"Sagasta, 13 E-O - Francisco de Rojas-Gta. Bilbao",40.4285986644754,-3.70007175414812,22022337,36.547793768092085,False
4414,"Eloy Gonzalo, 10 N-S(Cardenal Cisneros-Gta. Quevedo)",40.4339452118843,-3.70291979771459,98960521,18.617813241894563,False
4417,"Sagasta, 2 O-E - Gta. Bilbao-Mejia Lequerica",40.4288478072261,-3.7015746893887,22022319,20.800633938829563,False
11416,JA Samaranch 36 - Maria Reiche-Estanislao Perez Pita,40.489111339156,-3.61149806121844,1433108738,3.1620245404313025,False
11417,JA Samaranch 57 - Jose Antonio Fdez Ordoñez-Estanislao Perez Pita,40.4895187698396,-3.61129055566265,1433108745,16.0963129863166,False
4243,Po PRADO S-N(PL. CANOVAS DEL CASTILLO-PL. CIBELES),40.4173571822721,-3.69338806986965,26486642,40.42755285272902,False
4291,FLOR BAJA O-E(LEGANITOS-GRAN VIA),40.4223982411323,-3.71026213103486,4110048212,27.11204263668245,False
4293,"(AFOROS) SAN BERNARDO, 37 E-O(ANTONIO GRILLO-GRAN VIA)",40.4226378333772,-3.70765025742342,26066665,2.4923151919325965,False
3748,Luchana S-N - Manuel Silvela -Santa Engracia,40.4317067345515,-3.69865755352027,141886626,25.502781540375743,False
4285,CUESTA SAN VICENTE O-E(GRAN VIA-FERRAZ),40.4231078776569,-3.71157593238439,26067836,32.299981071105826,False
4286,PL. ESPANA S-N(REYES-SAN LEONARDO),40.4237283484224,-3.71117983837642,5559534844,18.39977266122157,False
4287,GENERAL MITRE E-O(ALAMO-GRAN VIA),40.4232279777463,-3.70987681148949,370152060,9.428811990753795,False
4289,"GRAN VIA, 59 N-S(ISABEL LA CATOLICA-SAN BERNARDO)",40.4221761762835,-3.70900699692898,2973043606,26.296031951329347,False
4290,ISABEL LA CATOLICA O-E(PL. SANTO DOMINGO-GRAN VIA),40.4216948571036,-3.70925205605727,26067833,50.05441783166741,False
4295,"SAN BERNARDO, 15 O-E(PL. SANTO DOMINGO-GRAN VIA)",40.4207613757965,-3.70825993754555,26067812,28.685721125046257,False
4792,SAN GRACIANO E-O,40.3924238447112,-3.7038296584738,29944812,27.395813766523855,False
4296,"(AFOROS) SAN BERNARDO, 15 E-O(GRAN VIA-PL. SANTO DOMINGO)",40.4206983971216,-3.7083286839119,26067812,20.6145262297977,False
4297,"GRAN VIA, 60 S-N(SAN BERNARDO-GARCIA MOLINAS)",40.4218088008877,-3.70830336877634,26066642,42.66997118915188,False
10386,"GRAN VIA,43 N-S(SILVA-JACOMETREZO)",40.4207624165031,-3.70680769061748,26066630,15.640378876654584,False
4298,SILVA O-E(PL. SANTO DOMINGO-GRAN VIA),40.4206294212341,-3.7079389521973,26067812,37.665042946090765,False
4448,Miguel Angel S-N(Rafael Calvo-Gral. Martínez Campos),40.4341722021949,-3.69124506892353,63530461,12.727629880376035,False
3674,"Eduardo Dato, 12 E-O(Gta. Ruben Dario-Alfonso X)",40.4329488311541,-3.69209724136598,344795459,2.5402627245333065,False
4451,(TACTICO) Garcia Paredes E-O(Castellana-Miguel Angel),40.4365211415612,-3.69101400402166,25902656,19.234161278849026,False
4452,Gral. Martínez Campos E-O(Emilio Castelar-Miguel Angel),40.4352183460915,-3.68982992650782,25902434,27.604978398643357,False
4454,"(AFOROS) Bravo Murillo, 75 N-S(Cristóbal Bordiu-Rios Rosas)",40.4431069795382,-3.7040709874978,26413513,18.82760438206324,False
4314,BAILEN S-N (SENADO -PL.ESPANA),40.4212944280021,-3.71283349232446,1501171057,63.399660527170695,False
10503,PL. RENDICION BREDA N-S (DELANTE GR-6),40.3764279884003,-3.73103743038895,301884531,12.426144601718796,False
4317,"CUESTA SAN VICENTE, 14 O-E(ARRIAZA-BAILEN)",40.420699366496,-3.71493363219561,26080700,58.44469485878026,False
4319,ARRIAZA N-S(IRUN-CUESTA SAN VICENTE),40.4211882882343,-3.71598182397724,26080723,4.451661814679092,False
4320,CUESTA SAN VICENTE O-E(SALIDA CALLE 30-ARRIAZA),40.4202706090634,-3.71773821199289,26080715,39.55154644322748,False
3650,CUESTA SAN VICENTE E-O(ENTRADA TUNEL A-5),40.420323967935,-3.71785088458935,26080715,28.769162371758448,False
4456,"Rios Rosas, 72 E-O(Santa Engracia - Bravo Murillo)",40.44204597566,-3.70224875974977,26413587,40.70322375964151,False
4458,"Rios Rosas, 57 E-O(Agustín de Bethancourt-Modesto Lafuente)",40.4416926230814,-3.69526673173525,60017474,29.791406867269455,False
4459,"Agustín de Bethancourt, 7 N-S(Cristóbal Bordiu-Rios Rosas)",40.4425365484343,-3.69483190095153,98949534,31.7826460729017,False
4470,ISAAC PERAL N-S (DR. SCARLATTI-SAN FRANCISCO DE SALES),40.4408065264998,-3.71810378630919,27517507,20.496005993269897,False
4471,(AFOROS) SAN FRANCISCO DE SALES S-N (CEA BERMUDEZ-GAZTAMBIDE),40.4397920851183,-3.71669801451541,5425359850,15.489616595621039,False
10646,VENTURA RODRIGUEZ E-O(MARTIN HEROS -J.ALVAREZ MENDIZABAL),40.4248416125013,-3.71412639912291,3100329628,12.60623636954998,False
3468,(AFOROS) SAN FRANCISCO DE SALES N-S (GAZTAMBIDE- ISAAC PERAL),40.4404431003984,-3.7158881132926,26211577,22.517794668836913,False
11217,Acceso Gta. Javier Bellosillo (Carril BUS) - Estanislao Perez Pita-Jose Antonio Fernandez Ordoñez,40.4908297205009,-3.60844969796707,11284299603,2.5752670432538594,False
11235,Av. Secundino Zuazo - César Cort Boti-Gta. José Paz Maroto,40.4949062864003,-3.60905755542047,1771590867,30.02825461982177,False
6551,Campezo - Deyanira-Pirra,40.4435631150835,-3.58303491924139,31035749,49.7451008999659,False
6553,Samaniego - Arcaute-Campezo,40.4439239613369,-3.58179978320034,31035335,25.308910299257988,False
10390,AV. POBLADOS O-E GIRO IZDA (SEBASTIAN ALVARO-PILAR),40.3927267252378,-3.77027981924381,779241394,30.624900313631333,False
10392,(MICRO)AV. POBLADOS E-O(DELANTE GR-1),40.3917738565352,-3.76900755853505,779241457,8.931238347501221,False
5184,(TACTICO)MARIA DEL CARMEN N-S(CAMPILLO-P.OLIVOS),40.4062029841428,-3.7329466721312,305396995,9.460640525374467,False
4370,MARTIN DE LOS HEROS S-N(BUEN SUCESO-MARQUES DE URQUIJO),40.4293531543085,-3.71784293762554,55161094,53.87437834903646,False
4372,REY FRANCISCO E-O(FERRAZ-PINTOR ROSALES),40.4263867448972,-3.71770802182542,55161067,11.182554133953122,False
4509,(AFOROS) FRANCOS RODRIGUEZ E-O(COLEGIO PALOMA-DEHESA  VILLA),40.4589272472225,-3.71663485574428,51422521,71.31210526017908,False
4519,PABLO IGLESIA E-O(DR. FEDERICO RUBIO Y GALI-NUMANCIA),40.4528712875405,-3.71195842012026,2277540861,16.866190122176974,False
4522,DR.FEDERICO RUBIO Y GALI E-O(J.LLORENTE-PABLO IGLESIAS),40.4524637088455,-3.71034458611366,98732053,20.86523286354845,False
4523,DR.FEDERICO RUBIO Y GALI O-E(P.IGLESIAS-JERONIMA LLORENTE),40.4524178979075,-3.71040445661619,98732053,24.677699132226575,False
10217,"Alberto Aguilera, 44 E-O(Blasco de Gara-Guzmán el Bueno)",40.4302589277291,-3.71226872463773,385569660,9.8887352585094,False
10259,San Bernardo N-S (Daoiz -Palma),40.4269882482452,-3.70655457936203,22023361,23.91975944304632,False
10498,Fernando el Católico E-O (Guzmán el Bueno-Andrés Mellado),40.434283350413,-3.71374248448434,26025875,43.064364958472424,False
10499,Andrés Mellado S-N(Meléndez Valdés - Fernando el Católico),40.4338431418357,-3.71444030380375,26025873,54.208933829542715,False
4539,NUMANCIA S-N(LENADORES-FRANCOS RODRIGUEZ),40.4561617639035,-3.71032673228681,98722508,29.4723996658083,False
3767,Lope de Haro E-O(Berruguete-Francos Rodriguez),40.4566891799548,-3.70441127286765,93862636,32.30546318437853,False
4540,(AFOROS) FRANCOS RODRIGUEZ E-O(LORENZANA-Po DIRECCION),40.4569656176578,-3.70902310881626,93884463,42.07167999822369,False
3708,(TACTICO) PIRINEOS S-N (Ma AUXILIADORA -FRANCOS RODRIGUEZ),40.4584892558126,-3.71595865948012,51422521,19.94249179485371,False
10218,JERONIMA LLORENTE E-O (ANTURIO -PAMPLONA),40.4556674930261,-3.7057925552017,2436859030,5.938235337874341,False
4395,San Bernardo S-N(Luna-Travesia Cruz Verde),40.4232702384865,-3.70746335055862,26066569,10.395178097244216,False
4429,"Eduardo Dato,33 E-O(Pº Castellana-Gta Ruben Dario)",40.4330412378468,-3.6896244397624,341829485,41.026019932657924,False
4430,"Eduardo Dato, 2 E-O(Fernández de la Hoz-Santa Engracia)",40.4327533673683,-3.69592499542048,139951329,77.92177200518532,False
4431,"Eduardo Dato, 6 O-E(Zurbano-Gta. Ruben Dario)",40.4328758057512,-3.69299388077152,139951327,28.369023965993208,False
4546,(AFOROS) SINESIO DELGADO E-O(RIBADAVIA-P.CEBRERO),40.4713878199805,-3.71015415811194,32201197,88.96956472301628,False
4548,AV. BETANZOS N-S (CELANOVA-PIEDRAFITA CEBRERO),40.4713715676293,-3.71260597362758,26235007,1.9317836551650944,False
4549,AV. BETANZOS S-N(RIBADAVIA-CHANTADA),40.4725161280816,-3.71218614043173,26234999,6.068457188601053,False
4550,CHANTADA E-O(RIBADAVIA-AV. BETANZOS),40.4730078802121,-3.71126035048055,26234767,15.048706120873883,False
3459,Puerto de Somport - Av.Burgos-Foresta,40.4955427971221,-3.66832083912492,615649179,17.835180973821576,False
6618,Puerto de Somport - Foresta-Av. Burgos,40.4955689431694,-3.66898840282453,615649179,52.7186159366062,False
3694,Fernando el Catolico E-O(Blasco de Gara-Guzmán el Bueno),40.4341531437966,-3.71176684990744,26025876,22.020738277713892,False
4460,(MICRO) Pl. San Juan de la Cruz  E-O (P.M.7),40.4413668088077,-3.69316056131648,267271033,50.26706784594427,False
4461,Pº Castellana N-S(Pl. San Juan de la Cruz-Bretón  Herreros),40.4398571430199,-3.6914021856953,1759501705,29.471734490737607,False
9965,AGUSTIN DE BETANCOURT S-N(MARIA DE GUZMAN-MAUDES),40.4441063795954,-3.69513596535713,989204859,7.978660625208609,False
9964,AGUSTIN DE BETANCOURT N-S (LATERAL A.BETANCOURT-MAUDES),40.4453152735009,-3.69521870419916,8423842234,42.73377991439206,False
6294,Valdetorres del Jarama  - Ángel Luis Herrán-Av. San Luis,40.4722831137627,-3.64760361636733,2455933140,37.83953954278687,False
6295,Valdetorres del Jarama  - Ángel Luis Herrán-Liberación,40.4705804964276,-3.64419113618361,254998560,14.075357954843794,False
6300,Ctra. Acceso Estación de Hortaleza - Monovar-Virgen del Carmen,40.4741732177835,-3.65584692488866,254968745,14.612177789882804,False
4466,(MICRO) Pl. San Juan de la Cruz N-S(Delante G.1) (P.M.4),40.4413382462558,-3.69194499171508,1613048524,9.262105173223421,False
4469,"(MICRO) Pº Castellana N-S(Delante G.3,salida) (P.M.1)",40.4404082186631,-3.69161013333277,25903360,15.852076158071592,False
10844,Gran Via de Hortaleza - Andres Obispo - Tijuana,40.4679962824377,-3.64782401021581,253112450,49.758644746304235,False
11019,Aconcagua - M40-Nevado del Cumbal,40.4686218669487,-3.62973511950433,25933263,70.47699913331749,False
11020,Arequipa - Minaya-Aconcagua,40.4687223281973,-3.63518078420559,253068528,41.11277931175446,False
11056,Ctra. Estación de Hortaleza - Santa Adela-Doña Guiomar,40.4776541280502,-3.65359203633034,253075456,108.98890870303877,True
11058,Ctra. Estación de Hortaleza - Manuel Chaves Nogales-Santa Adela,40.4780398152107,-3.65310274299453,3462583122,128.37642603105797,True
6327,Totana - Totana-Virgen del Carmen,40.4734586870448,-3.65452041417075,254996240,16.054018875374588,False
6335,Av. Logroño  - Basella-Bande,40.4625263872637,-3.58878049503776,31508797,15.093681591279244,False
4465,(MICRO) Pl. San Juan de la Cruz N-S (P.M.3)(Delante G.2),40.4409747981999,-3.69194076908651,25902801,9.928675214356668,False
3717,ISAAC PERAL S-N (DONOSO CORTES-CEA BERMUDEZ),40.4373145023553,-3.71793353447964,26211532,62.98491154414642,False
6979,SAN FRANCISCO DE SALES S-N (GUZMAN EL BUENO-SANTANDER),40.4429366726436,-3.71205499479709,27508209,51.91890426636717,False
4473,GUZMAN EL BUENO N-S (MAX AUBS-SAN FRANCISCO DE SALES),40.4433868298461,-3.71249963807146,27508208,30.407842688193213,False
4477,JUAN XXIII S-N(AV.MONCLOA-BEATRIZ DE BOBADILLA),40.4480699886913,-3.71702006798012,150760322,83.41196541956923,False
6929,Playa de Riazor - Arroyomolino-Av. Logroño,40.4756889194474,-3.58343172362801,252118862,13.92760518168052,False
6352,Av. Logroño - Joaquín Ibarra-Las Ramblas,40.4587384668853,-3.59738315209358,251933421,11.697686510919663,False
5409,(TACTICO) BOTANICO E-O(ENTRADA AV. COMPLUTENSE),40.4459095509663,-3.72734267130311,177587168,15.447789804939717,False
9929,SINESIO DELGADO S-N( AV.MIRAFLORES -MADRIGAL),40.4602399821314,-3.72818504577005,2480996607,48.33961960174033,False
9909,DEHESA DE LA VILLA N-S(AV.COMPLUTENSE-M-30),40.45614945233,-3.73077321269337,32096085,64.84140323790098,False
9908,AV.COMPLUTENSE S-N (CIEMAT -AV.MIRAFLORES),40.4554393266793,-3.72928023432318,51414391,75.61937623157012,False
9933,RAMIRO MAEZTU E-O(DIRECCION NORTE)(MORERAS -AV.GREGORIO AMO),40.4479710407953,-3.72415069425096,1339493643,26.531492635802035,False
9934,RAMIRO MAEZTU E-O(DIRECCION SUR)(MORERAS -AV.GREGORIO AMO),40.4479393459804,-3.72413773272462,1339493643,26.738090136563464,False
10986,Pº FLORIDA S-N(CTA SAN VICENTE-MOZART),40.4210171920132,-3.72072929589826,331800854,62.00004971756177,False
4479,"Po DE LA FLORIDA, 52 N-S(PTE. REINA VICTORIA-Po FLORIDA 35)",40.4240764930481,-3.72460680898845,26080652,40.285782878543316,False
3437,"Po DE LA FLORIDA, 52 S-N(Po FLORIDA 35-MOZART)",40.4235212171058,-3.7238522597829,26080652,48.72242368791665,False
10560,(MICRO)San Fco. de Sales S-N(Giro a Guzman el Bueno),40.4427779379586,-3.71237525589588,27508209,19.788370174312522,False
11412,JA Samaranch - Fernando Higueras-MAria Reiche,40.4869748013607,-3.61354119307326,1433108706,37.27085711524252,False
9867,Av. Ingeniero Emilio Herrera - Isabel Clara Eugenia-Príncipe Carlos,40.4927848140755,-3.65181925873613,283595481,49.70930404427039,False
9871,Príncipe Carlos - Vicente Blasco Ibáñez-Americo Castro,40.4934948200484,-3.65572794700611,283577865,25.506661974872166,False
9870,Príncipe Carlos - María Tudor-Isabel de Valois,40.4952045387657,-3.65874152096052,299849333,45.76525505764256,False
9872,Ana de Austria - Isabel Clara Eugenia-Príncipe Carlos,40.4953842724578,-3.65634641888666,299316292,73.24241009642397,False
9874,Av. Niceto Alcalá Zamora - Vicente Blasco Ibáñez-Américo Castro,40.496488988081,-3.65241201443967,283578242,20.846930049923934,False
10764,Niceto Alcalá Zamora - María Tudor-Isabel de Valois,40.4985061444378,-3.65587809489092,255264620,47.20640885545744,False
11250,Manuel Gutiérrez Mellado - Av. Juan Antonio Samaranch-Av. Secundini Zuazo,40.4949709037221,-3.61991269185883,1433108812,51.99457890920906,False
11251,Manuel Gutiérrez Mellado - Av. Juan Antonio Samaranch-Av. Secundini Zuazo,40.4949702921993,-3.61996028225136,1433108812,51.77763978766454,False
5201,San Jaime - Sierra Tornavaca-Pilas,40.3787698743124,-3.628224103539,308619531,5.054346459397984,False
5206,Real Arganda - Serrania de Ronda-Gavia Seca,40.3796023242709,-3.62040311419231,316772040,1.5995025720203264,False
5207,Monte de Barbanza - Travesia Gavia Seca-Real Arganda,40.3787003341599,-3.61909783901023,308618223,31.901162430180143,False
5213,Camino Hormigueras - Provisional-González Dávila,40.3760919347075,-3.63755649910276,1625053782,81.99469992131937,False
5214,Camino Hormigueras - Casas Miravetel-González Dávila,40.3755095499963,-3.63960311165102,4340536572,76.86742184680612,False
10160,Av. Albufera - Tranvía Arganda-Cocherón Villa,40.3833690523192,-3.63145201703401,1542329253,37.917944111448286,False
4551,AV. BETANZOS N-S(CHANTADA-MELCHOR FERNANDEZ ALMAGRO),40.4740450955986,-3.71150278324713,26202146,57.19810403577253,False
4553,MELCHOR FERNANDEZ ALMAGRO E-O(FERROL-AV. BETANZOS),40.475620635663,-3.70978340126558,26202132,26.723240860151133,False
4554,RIBADAVIA E-O(CHANTADA-AV. BETANZOS),40.4722385305614,-3.71103205578227,2476977553,4.130127382652474,False
9882,RIBADAVIA N-S(COLEGIO GARCIA LORCA-SINESIO DELGADO),40.472848938173,-3.7044094134477,26233682,40.75553271570502,False
4556,LA BANEZA O-E(CAMINO GANAPANES-AV. BETANZOS),40.4764578405322,-3.71258632942731,26202178,12.352906899068785,False
3408,AV. BETANZOS N-S(LA BANEZA-MELCHOR FERNANDEZ ALMAGRO),40.4761553513376,-3.71160382912891,5924972879,56.68083855844381,False
4559,VILLA MARIN E-O(MELCHOR FERNANDEZ ALMAGRO-FINISTERRE),40.4760272699348,-3.69957800822366,26205037,28.311073641602047,False
10790,Bernardino Pantorba - Cañada Santísimo-Rafael León,40.3652916757662,-3.5999831566362,819669142,65.60319361458586,False
10789,Rafael León - Av. Ensanche de Vallecas-Bernardino Pantorba,40.3650390475317,-3.60106844974628,822567907,28.758238110055892,False
3902,Av. Mediterraneo E-O - Abtao-Juan Urbieta,40.4071517587185,-3.67448031132622,1838643936,46.48353043911875,False
4572,(TACTICO) SALIDA APARCAMIENTO MEDICOS HOSPITAL CARLOS III,40.4748425236991,-3.69735208944325,26205041,106.00089147113295,True
4573,(TACTICO) SALIDA APARCAMIENTO GENERAL HOSPITAL CARLOS III,40.4746986719855,-3.69748896302449,26205041,115.59526239553874,True
6887,11RE59PM01,40.3879252822117,-3.68866266324794,317771975,80.38955446432273,False
6877,12NC07PM01,40.3892645093772,-3.68515794571074,317771984,131.81247070420997,True
4561,FINISTERRE N-S(VILLA MARIN-MELCHOR FERNANDEZ ALMAGRO),40.4764591271398,-3.70118056582709,26205033,79.90922023438728,False
6874,12XC63PM01,40.3892017316548,-3.69087551722588,616240337,63.85945280239868,False
4562,FINISTERRE N-S(MELCHOR FERNANDEZ ALMAGRO-VILLA MARIN),40.4763538237282,-3.7011423625359,26205033,81.32083167719267,False
3825,RIBADAVIA E-O(SINESIO DELGADO-CHANTADA),40.4727577151564,-3.70541457493089,26235024,124.77493621728209,True
4563,(AFOROS) SINESIO DELGADO O-E(RIBADAVIA-AV. ASTURIAS),40.4727869043959,-3.70308703463022,26233686,11.312792351159155,False
1020,13NL60PM01,40.3894818108317,-3.69807810407973,1821118136,112.65350968721148,True
1019,13XL49PM01,40.3873450719844,-3.69670893307271,306031333,51.89589170854273,False
4564,GINZO DE LIMIA N-S(MELCHOR FERNANDEZ ALMAGRO-FERROL),40.4756905813595,-3.70300844768272,25587461,90.45099120900204,False
3596,GINZO DE LIMIA S-N(VILLA MARIN-MELCHOR FERNANDEZ ALMAGRO),40.4762138760773,-3.70299831887575,25904621,87.92197723093939,False
5274,(TACTICO)PINAR SAN JOSE S-N,40.3640578608711,-3.77728691428174,1836757342,33.22813046615491,False
4575,AV. ASTURIAS O-E(Po DIRECCION-ROSARIO ROMERO),40.4718770766051,-3.69902557170352,25911254,21.481529200574734,False
1021,14XL36PM01,40.3934838490793,-3.70272695656162,306033220,29.9141601598717,False
7121,14XL89PM01,40.3956816468851,-3.70818443473862,306039548,56.29608591723751,False
6849,15NC71PM01,40.4002361873099,-3.71632241664297,21723939,44.07006056067592,False
6858,15NL09PM01,40.3977488683972,-3.71065979757934,2136384930,31.64362353355766,False
6709,PM23119,40.4835323392304,-3.68856975330544,11397060819,68.669225912111,False
6948,PM22082,40.4341696559094,-3.73839593495421,21682720,32.058365050798336,False
6766,PM22121,40.4386666804894,-3.73818669274457,21473053,99.14998585784593,False
3558,PM22391,40.4614246062975,-3.7465234221211,2590729396,126.401614424611,True
11374,PM13163,40.4832482587493,-3.68054820647889,429461526,62.42863284545865,False
6788,PM33202,40.482866212426,-3.65997582793682,21473816,56.612605488932,False
6932,PM33221,40.4840548087936,-3.67255421718259,21473805,3.415308632333087,False
6790,PM40751,40.4177974558269,-3.65513988921509,20953256,29.844438497023127,False
11367,PM13111,40.4834519465385,-3.68859649371416,26208035,73.28027886167966,False
4935,(AFOROS)EUGENIA MONTIJO N-S(NTRA. SRA. FATIMA-AV. POBLADOS),40.3775974486193,-3.74883790683436,301832535,24.433147848938383,False
10940,AV. POBLADOS E-O(EUGENIA MONTIJO-CONSUELO GUZMAN),40.3768638720713,-3.75235662086882,22530061,70.86504658023837,False
11368,PM13118,40.4833439000282,-3.68866159667405,26208035,66.88450596113756,False
11022,AV. POBLADOS E-O(ANTONIO RODRIGUEZ-CARABANCHEL BAJO),40.37443399032,-3.74567617602541,316250313,45.66062358218546,False
10837,AV. EURO N-S (ENRIQUE ORO - PEPIÓN),40.3720205107281,-3.73848493933766,1356384412,19.95118089886394,False
4925,(MICRO) ALISEDA ENTRADA CRUCE  N-S,40.3736655237775,-3.74221396445704,1329856694,17.146548888254262,False
9995,ARROYOFRESNO S-N (CANTALEJO-AV. HERRERA ORIA),40.4760914898214,-3.74183802206585,258608859,1.8908667437716984,False
10067,ARROYO DEL MONTE N-S(PL.TORCUATO FERNANDEZ MIRANDA-SENDA INFANTE),40.4927445855089,-3.72263826715617,1127671171,20.012865445652114,False
10068,SENDA INFANTE E-O(COLLADO MARCHIVA-GTA. OLGA RAMOS),40.4912385524664,-3.72268919066697,258594356,15.635535339345395,False
10235,AV. CARDENAL HERRERA ORIA E-O (MARQUES VILLABRAGIMA - DR- GUIU),40.4771279849335,-3.73556923336744,339984387,37.119904917220346,False
10326,JUANITA CRUZ N-S(GLORIA FUERTES-MARIA DE MAEZTU),40.4959563954323,-3.72245452624052,1127671239,56.78620215665625,False
10328,JUANITA CRUZ S-N(ARROYO DEL MONTE-MARIA DE MAEZTU),40.4949526384632,-3.72091317209386,1127671334,36.12289993551694,False
10316,FEDERICA MONTSENY N-S(MADRE TERESA CALCUTA-MARIA DE MAEZTU),40.4916545604537,-3.72829585167358,1127671023,90.28288478138661,False
10404,MARIA DE MAEZTU S-N(MARIA MONTESSORI-FEDERICA MONTSENY),40.489534729665,-3.72942034899146,1127670951,28.190880377270556,False
10537,(TACTICO) MARIA MONTESSORI S-N (MARIA DE MAEZTU-GLORIA FUERTES),40.4904554265774,-3.73125303668867,1127671116,20.125541010563666,False
6564,NTRA. SRA. VALVERDE S-N (VISTAS A MORALEJA - AFUERAS DE VALVERDE),40.4980576908705,-3.68671725643468,76475097,19.926988805672032,False
3864,DR. ESQUEDO N-S(SAMARIA-AV. NAZARET)(DE FRENTE),40.4125294987041,-3.66984461300319,151023291,40.69585957566641,False
6572,HERRERA ORIA O-E (ORDUÑA - LLANO CASTELLANO),40.4910658605114,-3.68773542058954,2421410431,16.51309237346594,False
6573,AFUERAS VALVERDE O-E(ISLA FORMOSA-NTRA. SRA. VALVERDE),40.4986762523943,-3.68746705234137,76747227,3.6644144727028864,False
6575,ANTONIO CABEZON E-O (RENFE - NTRA. SRA. VLAVERDE),40.5028225704139,-3.68443570605288,262348438,46.99841688294087,False
6953,(TACTICO) ALONSO QUIJANO O-E,40.5048212286656,-3.68571729640304,11476215122,15.58449899864098,False
6962,"MONASTERIO ESCORIAL, 14 E-O (MONASTERIO DE LAS HUELGAS- SANTUARIO DE VALVERDE)",40.5045348954498,-3.70819689562097,272435039,56.06814967848398,False
6582,"SANTUARIO VALVERDE, 2 S-N (MONASTERIO SILOS - MONASTERIO ESCORIAL)",40.5041139363108,-3.7088541473577,272435041,50.43865224704043,False
6583,"SANTUARIO VALVERDE, 6 N-S (SANTUARIO VALVERDE - MONASTERIO ESCORIAL)",40.5051899303274,-3.70881674703066,272435039,67.55121378488145,False
6965,MONASTERIO SUSO Y YUSO O-E (MONASTERIO DEL PAULAR - AV. MONTECARMELO),40.5023180874014,-3.6988161425649,264979538,85.56366500209093,False
9859,AV. MONASTERIO ESCORIAL E-O (MONASTERIO CAAVERIO - AV. MONTECARMELO),40.5050395209568,-3.69756356095879,319210363,43.91036350124607,False
4784,ANTONIO LOPEZ S-N(CAMINO PERALES-VADO),40.3843039937817,-3.69585366692608,6759758130,34.525441185394655,False
3865,DR ESQUERDO N-S(SAMARIA-NAZARET)(GIRO A ASTROS),40.4125266152495,-3.66977089489691,151023291,40.621717718525986,False
4193,AV. MEDITERRANE E-O(CRUZ DEL SUR-PL. CONDE CASAL),40.4066663598498,-3.66796577755009,29275147,42.47339653903017,False
4352,EVARISTO SAN MIGUEL O-E(TUTOR-PRINCESA),40.4271864424708,-3.71483694299077,55161051,5.94855796155651,False
4355,VENTURA RODRIGUEZ E-O(PRINCESA-TUTOR),40.4260778261933,-3.71340012422775,26067881,33.29409520982567,False
4025,Alcala O-E - Almeria-Puente Ventas,40.4308545421348,-3.66291240214579,1446590130,38.585115996554734,False
4516,ARQUITECTO SANCHEZ ARCAS S-N(VALLS FERRER-PABLO IGLESIAS),40.4541896209639,-3.71467212214708,51429269,41.61143006663849,False
5142,ARQUITECTO SANCHEZ ARCAS N-S(VALLS FERRERA-MORERAS),40.4534503278163,-3.71621928700752,100996358,64.66793621634552,False
5143,PABLO IGLESIAS E-O(NUMANCIA-ARQUITECTO SANCHEZ ARCAS),40.454284029678,-3.71280817998545,98722573,6.711391034057392,False
4596,SINESIO DELGADO E-O(CARLOS III-MAGNOLIAS),40.4745744213019,-3.69055450751837,2528653054,69.69784929179139,False
7141,(TACTICO) PUENTECESURES S-N,40.4793301854674,-3.69668824484839,26205117,26.099303916170136,False
11451,(FICTICIO)Pº CASTELLANA S-N(33005+33030),40.4745605630988,-3.68671219766936,442625315,6.010194473264374,False
3689,SANTA HORTENSIA O-E(CLARA DEL REY-CORAZON DE MARIA),40.4442449794389,-3.66755661995709,149134784,20.54223300451448,False
6005,Albarracín - Albasanz-Julián Camarillo,40.4341016571011,-3.63226842571798,31107188,22.371288420727797,False
4674,MARTINEZ IZQUIERDO O-E(FRANCISCO ALTIMIRAS-AV.BRASILIA),40.4352214222621,-3.66225987655593,11468851654,2.893906608185969,False
5592,ALFONSO XIII E-O(FRENTE) (PL.JOSE Ma SOLER-STA MªMAGDALENA),40.4596025540468,-3.6688130854488,102580085,24.665697668323002,False
5594,ALFONSO XIII E-O (PARAGUAY-TORPEDERO TUCUMAN),40.4602824109461,-3.67276748208717,102519220,92.52476690538688,False
10649,Po PONTONES O-E (ALEJANDRO DUMAS - CASIMIRO MAHOU BIERHANS),40.4042007058048,-3.7185597475414,26483380,22.722580601979846,False
10650,Po PONTONES E-O (PL. FCO. MORANO-CASIMIRO MAHOU BIERHANS),40.4044646106042,-3.71668599825303,1123205448,20.120733313972394,False
10682,Po MELANCOLICOS(ALEJANDRO DUMAS-SAN EPIFANIO),40.4014217800838,-3.71752584324656,8613578790,33.88366844797617,False
10658,Po MELANCOLICOS N-S (DUQUE TOVAR -,40.4025688427167,-3.71986702985063,10240268355,67.24623333110831,False
11338,Av.Burgos S-N(Carril Bus)(Av.San Luis -Pastora Imperio),40.481895880383,-3.67587719510275,102332159,90.41977072018071,False
5755,Marques de Viana E-O (Hierbabuena-Ferreluz),40.4619717666015,-3.70098629459134,93871336,5.531710338134513,False
5757,Marques de Viana E-O (Robledo - Po Direccion),40.4641169529656,-3.70559120234455,50679356,12.366848874628827,False
5760,Pso. Direccion S-N (Marques Viana - Aligustre),40.4645478460384,-3.70634665723091,4640732577,27.936601064292656,False
5759,Pso Direccion E-O (Almortas-Gardenias),40.4649474722399,-3.7060269935365,50679360,1.8195588255738602,False
7097,Pso. Direccion N-S (Aligustre-Marques Viana),40.464718060799,-3.70651694968657,5633367841,23.338632496530916,False
9925,Av. Burgos S-N (Av. Burgos - Av. san Luis),40.480023728906,-3.67569659053621,102329292,4.746906550104504,False
9896,Av. Burgos N-S(Pastora Imperio- Av. San Luis),40.4818775172117,-3.67581462553734,102332159,91.02479880967687,False
11034,Hiedra E-O(Bambú-Estación Chamartín),40.4735721690892,-3.67881994573404,102320031,16.236725509901508,False
9887,Camino Ganapanes S-N (La baneza-Monforte de Lemos),40.4761048817242,-3.71596677152868,26231297,34.096472760259125,False
9906,Chantada E-O (Sarria - Camino Ganapanes),40.4732836137074,-3.71399689145105,50040824,16.282305031858854,False
4737,(TACTICO)Chantada E-O(Cno. Ganapanes - Candido Mateos),40.4731605113363,-3.71743522789018,150866006,26.433099478295425,False
6628,Alcalde Aristizabal Manchón - Alcalde Henche Plata-Príncipe Carlos,40.4886691998875,-3.65067081595638,283605404,26.81545716326817,False
11164,Acceso Plz Moreno Torres (Parada BUS) - Plz Moreno Torres-Princesa Eboli,40.4882841332829,-3.65499811433976,2584402902,30.3316551644533,False
10765,Ana de Austria - Isabel Clara Eugenia - Príncipe Carlos,40.4953945631887,-3.65638976614088,299316292,74.69441315745372,False
10763,Ana de Austria - Isabel Clara Eugenia - Niceto Alcalá Zamora,40.4961478564141,-3.65525384031571,293609716,40.43809250231824,False
5199,San Jaime - Gador-Puerto de Pozazal,40.3798605463166,-3.62693282670613,1369844471,72.7791989474204,False
10782,Av. Mediterraneo - Acceso A-3 - Puentelarra,40.3840586240316,-3.60517913121485,843207540,11.7007893324002,False
11151,"Av. Francisco Pi y Margall, 21 - Plz. Moreno Torres-Princesa de Eboli",40.4880216374509,-3.65475657955772,277967715,51.88011742695054,False
11152,"Francisco Pi y Margall, 77 - Ana de Austria-Vicente Blasco Ibáñez",40.4906207023133,-3.65957461959632,283592835,29.34989324343301,False
11517,Arroyo Valdebebas  - A1-Acc. Hospital,40.4928452553149,-3.66856550531641,4891382715,33.02239982732292,False
3921,Ramon y Cajal(En el Puente) E-O - M-30 -Pº de los Jacintos,40.4530078353819,-3.66388979236326,25925878,39.88053680052328,False
3922,Padre Claret S-N - Carlos Pereyra-Ramon y Cajal,40.45200131359,-3.66548952151846,810259296,26.28955102187559,False
3924,Doctor Arce S-N - Estevez-Pl. Cataluña,40.4477284292019,-3.6801890307997,143671824,12.946733422356333,False
3925,"Dr.Arce, 11 N-S - Nervion-Pl. Republica Argentina",40.44569345524,-3.68380517909477,12306738471,66.1168107951183,False
3926,"Concha Espina, 57 E-O - Rodriguez Marin-Serrano",40.4517117756717,-3.68009432398302,706690026,73.1546385315159,False
3927,Pl. Cataluña (Isleta Central) O-E - Dr.Arce-Principe Vergara,40.4486472731229,-3.67873635540665,102204042,14.432248841042123,False
3928,(TACTICO) Doctor Arce O-E - Delante Grupo 6,40.4460042531216,-3.68257985340825,102195409,10.130041221768025,False
3606,"Serrano, 218 N-S - Pl. Republica del Salvador-Concha Espina",40.452505862847,-3.68091933805558,119837172,5.411988777795469,False
3930,"(AFOROS) Serrano, 170 N-S - Nerion-Pl. Republica Argentina",40.4467783550979,-3.68445157175972,102195402,13.011598297367941,False
3956,"Velazquez,135 S-N - Oquendo -Joaquin Costa",40.4406458289266,-3.68282801355273,29739623,18.359459649340113,False
4178,BATALLA DEL SALADO N-S(DELICIAS-PALOS FRONTERA),40.4041248791556,-3.69577489686692,31009973,14.070939487097954,False
4195,CACERES O-E(STA.Ma CABEZA-FERNANDO POO),40.3990222314952,-3.70079962038584,26528746,13.354738671691997,False
4198,SALIDA M-30 CALZADA INTERIOR SENT. STA Ma CABEZA,40.3964454070342,-3.70322783386216,1014628803,34.100105312144734,False
3669,RIBERA DE CURTIDORES N-S(MIRA EL SOL- RONDA TOLEDO),40.406901485901,-3.7072642062201,21990665,12.578549292466395,False
3670,GASOMETRO N-S(RONDA TOLEDO-PSO ACACIAS),40.4055849629562,-3.70834952489709,26472008,44.18323291382968,False
4357,ISAAC PERAL N-S(FERNANDEZ DE LOS RIOS - ARCIPRESTE DE HITA),40.43488657545,-3.71844302583778,26579181,57.593227671753155,False
4362,FCO. Y JACINTO ALCANTARA E-O(Po CAMOENS - PINTOR ROSALES),40.4290919261033,-3.72298258046683,2601286044,64.59614657919795,False
4437,Pº Castellana S-N(Pl.Gregorio Marañon-Pl.San Juan Cruz),40.4392085694587,-3.69102151993591,25902692,26.69294486410769,False
4447,"Gral. Martínez Campos, 36 O-E(Zurbano-Miguel Angel)",40.4350858759233,-3.69302537519254,60030728,10.075742231039623,False
4177,"MARQUES VALDAVIA, 9 O-E(STA MARIA CABEZA-RONDA ATOCHA)",40.4055187899147,-3.69556882561478,170909678,16.55001948730565,False
3651,M-30 SALIDA TUNEL O-E(ENTRADA GTA. SAN VICENTE) (150MTS),40.4185083249368,-3.72065125147582,315266287,7.102272463076305,False
6048,Ulíses - Ulíses-Arturo Soria,40.4560255948118,-3.65613055319115,100963144,20.106352312202418,False
6050,Arturo Soria - Giro a Torrecilla del Puerto,40.4502495565559,-3.65190977300536,100955667,25.55478858899769,False
6052,Amara - Amara-Arturo Soria,40.446113869219,-3.64852940663254,100960618,24.76197885932642,False
6056,Arturo Soria - Fernández Caro-María Portugalete,40.4447524074146,-3.64536447756453,100960627,6.48887145235804,False
6057,Marqués de Pico Velasco 53 - Misterios-Arturo Soria,40.4439507166338,-3.64426880312094,1602173231,22.795294387919135,False
9926,AV. PARANINFO N-S (JUAN DEL ROSAL - FACULTAD DE DERECHO),40.4502049072799,-3.7292587010002,293396588,32.6877797042895,False
4484,(AFOROS) AV. VALLADOLID N-S (AV.MARQUES MONISTROL-LOECHES),40.4324256534244,-3.73293454686425,21473047,101.23362536343143,True
3470,LOECHES O-E(ANICETO MARINAS-AV. VALLADOLID),40.4313540282784,-3.73283093078881,21473047,67.61993424446798,False
4492,"JUAN HERRERA, 6 E-O(AV. PUERTA HIERRO-MARTIN FIERRO)",40.4386811709843,-3.73120555990488,30914793,31.025543813501358,False
11427,RIBERA DEL MANZANARES S-N (SAN POL DE MAR - SANTA OLALLA),40.4249803873547,-3.72774470768446,6117099568,75.73013389798847,False
7058,"SAN POL DE MAR,2 O-E(FORTEA-AV.MANZANARES)",40.4235628210858,-3.72762917507049,359716308,3.234189591673504,False
4500,OFELIA NIETO N-S(ANTONIO NUNEZ-FRANCOS RODRIGUEZ),40.4585586017545,-3.7108362810937,50044185,20.23586613478967,False
4577,AV. ASTURIAS E-O(SOROLLA -Po DIRECCION),40.4707020676514,-3.69723755470007,307966806,23.278218357873644,False
4578,(AFOROS) AV. ASTURIAS O-E(MAGNOLIAS -CEDROS),40.4675712625659,-3.69268520608576,25911304,25.43745995573936,False
4606,AV.MONFORTE  LEMOS  E-O(TUNEL 80M)(Po CASTELLANA-PEDRO RICO),40.4769578425653,-3.6902821896989,8719388676,18.738722964531675,False
4607,AV.MONFORTE DE LEMOS E-O(TUNEL  180M)(CASTELLANA-PEDRO RICO),40.4764859680602,-3.69004554848194,8719388676,58.49505906308026,False
4608,MAURICIO LEGENDRE N-S(M-30 -VIEJAS),40.4808464522861,-3.68328097503287,31462825,70.5232132606903,False
4609,(TACTICO) SALIDA COCHER E-O(E.M.T.-MAURICIO LEGENDRE),40.4802345636896,-3.68312275227626,354933099,8.611715825677033,False
4614,MAURICIO LEGENDRE N-S(MANUEL CALDEIRO-PADRE PALAU Y QUER),40.4751379216741,-3.68455128396897,3101602844,23.436224952856204,False
5600,PUERTO RICO N-S (NICARAGUA-COLOMBIA),40.4574992030805,-3.67443779298976,119807939,20.73615705198419,False
5745,Av. Pio XII E-O(Av. Burgos - Bambu),40.4731382618841,-3.67672730365417,1137204068,70.88223929507936,False
10240,Vial 1 - Entrada Av. Arcentales,40.4334012450684,-3.59930035287108,4940361232,51.02922986365395,False
11280,Carril bus Niceto Alcala Zamora S-N EMT  - M-11 - Fco. Pi y Margall,40.4845101718716,-3.64740988825211,1340025695,54.52219027678178,False
11170,Carmen Rico Godoy - Rocio Jurado  - Av. Fuerzas Armadas,40.4861745700976,-3.63311109696123,969169795,5.263236487998532,False
11105,Av. Niceto Alcalá Zamora - Giro E.M.T.,40.4840817200162,-3.64793726830027,1340025695,17.325184116916,False
6513,San Romualdo  - Albasanz-Julián Camarillo,40.437640844551,-3.62133572098453,31066765,59.869157450276184,False
5823,Av. Albufera - Sierra Faladora-Pío Felipe,40.3913653978843,-3.65160751098419,317565212,51.399440103152514,False
11193,"Av Fuerzas Armadas E-O Salida Antonio Perpiña - Gta Antonio Perpiña-Av Fuerzas Armadas, 322",40.4823129689138,-3.61950856124098,392325617,47.554635468270774,False
11150,Fuerzas Armadas - Gta. Isidrio Glez. Glez.- P.P.(16-162),40.483106500317,-3.62711641338375,969169902,25.095830677138967,False
11281,Niceto Alcala Zamora S-N junto a EMT  - M-11 - Fco. Pi y Margall,40.4845346857852,-3.64747930635227,1340025695,51.45810012898004,False
10538,Alcalá - Jaca - Raza,40.4476579836691,-3.61075306575698,30097697,22.273291291695518,False
11252,Av. Secundino Zuazo - José Antonio Coderch-Manuel Gutiérrez Mellado,40.4954287761106,-3.62165161865317,1433108810,4.367297537357019,False
11240,Av. Secundino Zuazo - Josefina Aldecoa-CésarCort Boti,40.4954501341486,-3.61369502758714,1433108811,26.663744658409694,False
11236,Av. Secundino Zuazo - César Cort Boti-Gta. José Paz Maroto,40.4948313026967,-3.60996947292923,1433108795,32.735752737908115,False
11231,Av. Manuel Fraga Iribarne - Gta. José Paz Maroto-P.P.,40.4944087493286,-3.60864956435508,11364568950,24.884325661980405,False
11229,Av. Manuel Fraga Iribarne - P.P.-Gta. Javier Bellosillo,40.492176010295,-3.60862939005876,1012898995,76.80148346221527,False
10475,San Romualdo - Cronos-Julian Camarillo,40.4366469879435,-3.62079826536108,31066983,30.420352198573266,False
10477,Julian Camarillo - Albadalejo-Cronos,40.438020383207,-3.61890881128618,211223655,29.88125440000047,False
11378,San Romualdo - Cronos-Julian Camarillo,40.4366304961125,-3.62084655025779,31066983,30.197844384359453,False
11504,03TL77PM01,40.4059860221462,-3.66069244811096,29430034,53.50065658107627,False
3544,04FL12PM01,40.4134682980507,-3.73258755271756,305399714,125.67749848152648,True
3545,04FL92PM01,40.4096997782352,-3.74109413305059,1426548688,17.906379385347737,False
6898,09XC09PM01,40.4055433573117,-3.66552182063701,322694705,16.63630114674075,False
1049,09XC37PM01,40.4038231291553,-3.6663574776432,2493682299,51.85139355338091,False
6892,10XC82PM01,40.393451110889,-3.67375073091845,261609452,57.03952865887792,False
6878,11NC43PM01,40.3912015581936,-3.67889446285072,25944598,82.57696521038741,False
11498,11RE20PM01,40.3947284788648,-3.68055610019803,3514716615,1.9555516704016271,False
6623,Ingeniero Emilio Herrera - Av. Francisco Pi y Margall-Av. Manoteras,40.4873168794624,-3.65842071350844,2584426062,1.2309936463621378,False
11375,PM13164,40.4831595479922,-3.68060782131766,429461526,72.00546758332567,False
10820,Alcalá - Angel Gonzalez Tejedor - Jose Villena,40.4319532591999,-3.65645041873812,25531138,26.200525025339765,False
3520,Príncipe Carlos - Pintor Ignacio de Zuloaga-Francisco Pi y Margall,40.4861568722418,-3.65206495292536,298967669,23.143422045216532,False
6608,Príncipe Carlos - Alcalde Aristizabal Manchón-Francisco Pi y Margall,40.488485449772,-3.65119946331001,283605404,26.068756988631442,False
6612,Av. Francisco Pi y Margall - María de Portugal-Av. Burgos,40.4948289353726,-3.66588007923165,299507647,36.955808489943074,False
6613,María de Portugal - Leonor de Austria-Francisco Pi y Margall,40.495283539453,-3.66471580483927,262570432,78.64664861459605,False
6614,Av. Burgos - Av. Francisco Pi y Margall-Av. Burgos,40.495614113802,-3.66586335059613,255964218,21.826333756911716,False
6615,Av. Burgos - Abetal-Quintanapalla,40.4968135650807,-3.6660856420593,254531918,77.47679876338375,False
6616,Av. Burgos - Quintanavides-Puerto de Somport,40.4957351315665,-3.66749140800131,3556619145,26.117382394368228,False
6617,Av. Burgos - Puerto de Somport-Cno. Fuencarral a Hortaleza,40.4950454908502,-3.66840469469265,255266050,6.168630343401557,False
5716,Raimundo Fdez.Villaverde E-O - Orense-Edgar Neville,40.446526801674,-3.69618517642449,142194318,49.566087057634356,False
5717,(AFOROS)Raimundo Fdez.Villaverde E-O - Edgar Neville-Aviador Zorita,40.4465890778349,-3.69740523183011,98746807,23.142217420320318,False
4132,Méndez Alvaro S-N - Retama-Pedro Bosch,40.3946365385086,-3.67902435063888,248944907,30.03546721855127,False
4754,V.CARPETANA Ø123 E-O (SALVADOR A.-TARAZONA),40.3954090765466,-3.73827273329776,21782731,14.95561428448815,False
4133,Av.Planetario O-E - Meneses-Méndez Alvaro,40.3945836859167,-3.68100662979165,12361208046,19.384504431196618,False
9959,Méndez Alvaro S-N(Giro Izqda) - Retama-Pedro Bosch,40.3945792305258,-3.6790547507261,248944907,28.901879053601252,False
4130,Pedro Bosch E-O - Ciudad de Barcelona-Jacaranda,40.396368071362,-3.67807052995518,10911635932,107.8262285327637,True
4154,(AFOROS)Méndez Alvaro O-E - Sabal - Oriana,40.3967474346866,-3.68165195861911,248937957,25.514846469268292,False
4153,Méndez Alvaro O-E  - Estrella Naos -Sabal,40.3974420808469,-3.6824270253037,3408431937,18.41368449537786,False
10979,(BUS)CJAL. FCO. J. JIMENEZ Ø76 E-O (HURTUMPASCUAL-ALHAMBRA),40.4008700748664,-3.74364544387094,319952733,48.81859917492002,False
4828,AV. VERBENA PALOMA Ø13 O-E (PAN Y TOROS-AV. ANDALUCIA),40.3608731086915,-3.69465457364732,248792088,7.602827222238566,False
10461,Ana de Austria - Infanta Maria - Fco. Pi y Margall,40.4906089584605,-3.66184436762293,221336351,103.59362361958917,True
10456,Ingeniero Emilio Herrera - Isabel Clara Eugenia - Niceto Alcalá Zamora,40.4932914119976,-3.65099940219116,283598324,21.8290443779205,False
4980,EDUARDO BARREIROS N-S FRENTE (AV. POBLADOS - AV. ROSALES),40.3703124042417,-3.69630454869428,316015142,12.195355549906969,False
4981,EDUARDO BARREIROS S-N (AV. ROSALES - AV. POBLADORS),40.3698009161139,-3.69618286154316,175426332,33.70230447959277,False
4982,EDUARDO BARREIROS N-S (PINSAPO - SALVADOR MARTINEZ),40.3681034311404,-3.69644033084951,318946713,9.859701607109884,False
4994,EVANGELIOS O-E(VISITACION-PORTA COELI),40.3831078956172,-3.70183815075645,306032818,14.974939434748727,False
4995,PORTA COELI S-N(ANGELUS-EVANGELIOS),40.3825424074214,-3.70135882506252,4078126881,10.522667092592988,False
4996,EVANGELIOS E-O(SANTUARIO-PORTA COELI),40.3831656624671,-3.70076223269805,306032799,9.16388038902189,False
4997,EVANGELIOS O-E(PORTA COELI-SANTUARIO),40.3831489357557,-3.70064977007127,306032799,18.279011237262793,False
11163,Acceso Plz Moreno Torres (Parada BUS) - Octavio Paz-Plz Moreno Torres,40.4893204110336,-3.65741584316947,221288912,39.41136185967355,False
11103,PICO DE MAJALASNA E-O (EMILIO DOMINGUEZ-RAMON GOMEZ DE LA SERNA),40.4837188746529,-3.72185250128821,258613455,8.4279349995683,False
11104,RAMON GOMEZ DE LA SERNA S-N (JULIO CALVO-PICO DE MAJALASNA),40.4832717580286,-3.7224993631965,258585377,50.570738902089964,False
11102,RAMON GOMEZ DE LA SERNA O-E (MARIA ISABEL NAVARRO-RISCOS DE POLANCO),40.4844768890229,-3.72330846419984,258584711,56.874225583769345,False
11097,VALLE DE PINARES LLANOS O-E ( PEÑA DEL AGUILA -RISCOS DE POLANCO),40.4855122103479,-3.72376730418529,258369505,89.81069470531348,False
11262,ISLAS ALEUTIANAS N-S(JOAQUIN LORENZO-MANUEL GARRIDO),40.474301013139,-3.72913373815761,12008953591,11.309707872380494,False
11264,ISLAS ALEUTIANAS S-N(GTA. ISAAC RABIN-MANUEL GARRIDO),40.47331769411,-3.72855287230146,344862963,20.60573038631102,False
11162,"Av. Francisco Pi y Margall, 78 - Americo Castro-Ana de Austria",40.4918454908803,-3.66018619226215,221336348,27.905918359660276,False
11161,Ana de Austria - Princes Éboli-Francisco Pi y Margall,40.4910792237089,-3.65999216381413,221336346,25.405225978492652,False
11159,Niceto Alcala Zamora Carril BUS - Isabel de Valois-Ana de Austria,40.4977996567329,-3.65475624488844,313186178,31.13240451410059,False
5235,Av. Democracia  - Ctra. Vicálvaro a Vallecas-San Jaime,40.3827388857499,-3.62514182402766,387668199,13.236164388087523,False
6506,Av. Democracia - AV. Democracia - A3,40.3911743743749,-3.62177633000643,29428857,62.83181602162922,False
10980,Av. Democracia - Gran Vía del Este - Acceso A3,40.3888164148396,-3.62270768312503,12244694879,31.838748706781104,False
6505,Av. Democracia - Gran Vía del Este - Acceso A3,40.3894505793995,-3.62240755299887,12244699821,27.893841086556503,False
11458,Albufera - Av Albufera-Cocheron de la Villa,40.3827701927467,-3.63027014759823,1542244567,5.847333567257234,False
11459,Albufera-Cocherón de la Villa - Jardinera-Av Abufera,40.3827121970262,-3.6301784196449,1542244567,6.792589983942856,False
9836,Bruno Abundez - Bruno Abundez-Ctra. Vicalvaro a Vallecas,40.3830109790976,-3.62770992826319,387666047,21.1645065066905,False
5768,Ctra. A-6 N-S(Lateral) (Entrada a Gta.Cardenal Cisneros) - Paul Guinard - Gta.Cardenal Cisneros,40.4402364554898,-3.72770518802373,26579071,77.89750794503558,False
4830,"CONIFERAS, 75 O-E(ALARCE-AV. ANDALUCIA)",40.3670209220955,-3.69527030199125,306165764,14.756166273664968,False
5773,(AFOROS)Av.Reina Victoria E-O   - Gral. Ibáñez Íbero - Estudiantes,40.446858732866,-3.71077252077363,27517856,28.749800551468958,False
11070,TEMBLEQUE E-O ( MAQUEDA-PADRE PIQUER),40.3910649945505,-3.76570804817861,914502451,66.96272542325607,False
11071,MELILOTO O-E (MUNANA-AV. POBLADOS),40.3896979969714,-3.76847312139871,306100333,24.034342782523446,False
9833,(MICRO)POBLADOS O-E (GIRO A AV. LAS AGUILAS),40.3854584804154,-3.76193087600915,21702240,10.828027562937352,False
5160,(TACTICO)JOSE CADALSO S-N(VALLE INCLAN-AV. LAS AGUILAS),40.3825179394289,-3.77197659092516,26085559,35.19399946038928,False
10511,PSO. ERMITA DEL SANTO S-N(NEGUILLA-AVD. MANZANARES),40.4102020793362,-3.72336662145219,305609657,20.92630504874486,False
10805,PSO. ERMITA DEL SANTO S-N(SAN AMBROSIO-VIA CARPETANA),40.404745014626,-3.72474079037765,21777811,9.64891996259362,False
5767,Av.Memoria S-N - Reyes Católicos - Av.Complutense,40.4391354152755,-3.72530185999139,1575177811,79.84513803893432,False
11041,(TACTICO)LAGUNA SANTIAGO O-E,40.35263533976,-3.70561311262012,1871831624,18.821114496908244,False
4782,DOLORES BARRANCO E-O(MARIANO VELA-RAFAELA YBARRA),40.3828218858277,-3.71030228946574,305978790,14.457800219397315,False
3479,(TACTICO)SAN MAGIN S-N,40.3849645757505,-3.71420292620077,252796105,24.267916741255828,False
5040,GRAL. RICARDOS E-O(SALLABERRY-PAULINA ODIAGA),40.394326450454,-3.72214203107814,1390823507,45.09374019722239,False
5063,OPORTO E-O(ARGUESO-CNO.VIEJO LEGANES),40.3860279374397,-3.72709033091549,301891545,35.802187738961194,False
5065,OPORTO O-E(PORTALEGRE-ABRANTES),40.3853561590326,-3.72315508953602,301891562,38.57835792410353,False
10575,(CARRIL BUS) OPORTO O-E(LUIS GOMEZ-CNO VIEJO LEGANES),40.386809980776,-3.72905176738802,301891881,41.84254571414592,False
10579,(CARRIL BUS) OPORTO O-E(MERCEDES DOMINGO-A. LANCHA),40.3851969298354,-3.72083107331357,1399790303,1.7273818793593472,False
10616,FERREIRA N-S (CASTRO ORO - VALLE ORO),40.3884265523426,-3.72948663731575,301999864,33.458554561010075,False
10850,(MICRO)PSO.STA MARIA CABEZA N-S (A 4 M LINEA PARADA),40.3858213057916,-3.71708578552526,4575653580,35.4804202580298,False
3687,(TACTICO) LUIS GOMEZ S-N,40.3869804978427,-3.72974674549277,2477560613,19.22047341867914,False
3633,(TACTICO) SAN FILIBERTO N-S,40.3854758993435,-3.71633686430816,306038915,23.08527532866602,False
3551,(TACTICO) NAVAHONDA O-E,40.3929329652224,-3.71542177979142,950758088,2.241096060295757,False
5108,HALCÓN S-N (VENCEJO - DR. URQUIOLA),40.3876130396969,-3.74266388906867,1629096210,1.8151982435836151,False
5110,VIA CARPETANA N-S(LUIS FEITO-GTA. EJERCITO),40.3888525433792,-3.74439988812143,21776066,25.820811234976777,False
5118,ZAIDA E-O(TORTOLA-N.SRA.VALVANERA),40.3903935940594,-3.73492683851578,302000068,42.38439531320114,False
5119,LAGUNA S-N (VENCEJO - DR. URQUIOLA),40.3875642202099,-3.74211032249257,21776666,0.9946276675920378,False
5120,PSO. MARCELINO CAMACHO O-E(EULALIA GIL-CASTROJERIZ),40.386149159224,-3.74123276229384,1097356883,5.531964423532353,False
5121,PSO. MARCELINO CAMACHO ENTRE GRAL.RICARDOS Y CASTROJERIZ SENTIDO SE-NO,40.3852792394553,-3.74017800064214,21776845,25.246258856613736,False
10509,"FARO, 8 N-S(AV. ABRANTES-VIA LUSITANA)",40.3812349582613,-3.72629226983107,301884748,51.47573412206652,False
3869,DR. ESQUERDO S-N (AV. MEDITERRANEO-LIRA),40.4079429524256,-3.67003302868899,150987386,56.364987153378316,False
3868,LIRA E-O(CRUZ DEL SUR-DR. ESQUERDO),40.4084463471179,-3.66968694828495,150987386,23.762701552872915,False
10506,VIA LUSITANA E-O Ø86 (FARO-CARRERO JUAN RAMON),40.3790973612274,-3.72746475323627,2835513216,44.52250511441854,False
10505,CARRERO JUAN RAMON N-S (DELANTE GR-6),40.3787312264837,-3.7283275161685,301884774,8.851801613408409,False
6955,NTRA. SRA. VALVERDE N-S (MONASTERIO ARLANZA - ALONSO QUIJANO),40.5058438555121,-3.68543019656617,264753949,111.21593801114585,True
10565,(MICRO) RONDA DE LA COMUNICACION (JUNTO GR-2,40.5131938501844,-3.6638480746772,602191462,3.789366417394996,False
5238,AV. CARABANCHEL ALTO S-N(M-40-AV .PESETA),40.3608979507836,-3.75395071226648,23023505,29.97634238828379,False
5240,VIA LUSITANA N-S LATERAL (AGUACATE-AV. PESETA),40.3646297564752,-3.74316224095752,371267802,78.04944286745712,False
5252,AGUACATE O-E(SECOYA-AV. EURO),40.3687775300987,-3.74276421134302,259651550,68.70810637740543,False
5253,AGUACATE O-E(AV. EURO-VIA LUSITANA),40.3680152873148,-3.74167155338131,309892235,27.490961481225913,False
9986,AV. ROSALES N-S (CTRA.VILLAVERDE-AMERICIO),40.3576003193018,-3.68119727328262,302359354,42.21343904762821,False
9989,AV. ROSALES S-N (EUSKALDUNA-AMERICIO),40.3565539464314,-3.68124006320502,313498028,40.72726049921209,False
3410,Pº ERMITA SANTO S-N,40.4130527274269,-3.72413632697986,305396626,57.79845560034807,False
5002,PSO. EXTREMADURA E-O(ALONSO FERNANDEZ-CARAMUEL),40.4139313809424,-3.72639080982517,305396604,50.397590859257775,False
5034,REPULLES VARGASS-N,40.4110831977182,-3.73497090302145,423497500,14.883756812808537,False
6830,YEBENES S-N(CGIO.H.CORTES-DUQ.PARCENT),40.3951110209667,-3.7532554297665,1629096459,72.29442510084927,False
3641,CTRA. CARABANCHEL ARAVACA O-E(M502-SANCHIDRIAN) 85m.,40.3974327235885,-3.77473020990096,21696845,21.242354413357354,False
3866,AV. NAZARET O-E(JESUS APRENDIZ-DR. ESQUERDO),40.4113796487974,-3.67069838875071,8861180511,29.14300761196319,False
3867,DR. ESQUERDO N-S(MONTANO-GAVINET),40.4090229063809,-3.67008404835215,150987793,61.70176258733844,False
3874,AV. MEDITERRANEO O-E(PASO INFERIOR),40.4068928364419,-3.67225012184094,431874348,10.487570389553875,False
3724,(TACTICO) JUAN ESPLANDIU N-S(ENTRADA ALCALDE SAINZ BARANDA),40.4182516527743,-3.66552324385229,1449163752,11.230850828965256,False
4184,STA MARIA CABEZA S-N(PUENTE DE PRAGA-AGUILON),40.3968459075251,-3.70291926151399,3915265191,2.59002524341837,False
6698,PM12571,40.4743972032737,-3.74576321058326,290092209,47.35134621964826,False
4190,MENDEZ ALVARO S-N(MURCIA-GTA. CARLOS V),40.4064255159175,-3.69210658300025,1079995644,50.05330095378603,False
4207,(TACTICO) MARQUES DE LA VALDAVIA S-N(ENTRADA CRUCE),40.4065775960589,-3.69605955382268,170909667,20.35229632946124,False
3722,FRAY LUIS DE LEON S-N(PALOS FRONTERA-RONDA VALENCIA),40.4053867393781,-3.69906595965796,26494693,59.99648832646048,False
5964,Emilio Muñóz - Albarracín-Hermanos García Noblejas,40.4305300345204,-3.63130604264696,1602150570,22.434601406000024,False
5965,Braulio Gutiérrez - José Arcones Gil-Hermanos García Noblejas,40.429446583949,-3.63392712942068,100967166,74.28518167395944,False
5966,Av. Arcentales - Ajofrin-Hermanos García Noblejas,40.4254844264482,-3.62711250469432,10241421080,99.9829857174771,False
5967,Pl. Alsacia - Malmoe-Hermanos García Noblejas,40.4169964826987,-3.62351241420326,4546169966,26.623248242044887,False
7017,Pº Castellana N-S - San Benito-Pl.Castilla,40.4678456939681,-3.68922243439981,3077638509,28.557491354468326,False
4220,Po ACACIAS E-O(Po ESPERANZA-GASOMETRO),40.403847053374,-3.70688490867527,26494665,22.993115718981727,False
4229,Po ACACIAS O-E(PIRAMIDES-JUAN ANTONIO VALLEJO- NAJERA BOTAS),40.4020477003828,-3.71177539176463,26495417,45.2930937578421,False
4358,"ROMERO ROBLEDO, 21 E-O(MENDIZABAL-FERRAZ)",40.431615613973,-3.72134326509775,26578957,8.297037567377552,False
4360,PINTOR ROSALES N-S(BENITO GUTIERREZ-ALTAMIRANO),40.4299331858611,-3.72269494052887,13076727651,19.743853506003777,False
4361,MARQUES DE URQUIJO E-O(PINTOR ROSALES-FERRAZ),40.4289960516614,-3.72123198074574,9435349738,41.83118134264474,False
3565,FERRAZ S-N(BUEN SUCESO-MARQUES DE URQUIJO),40.4283198630283,-3.71941569378089,55161108,20.256567903832696,False
10878,FERRAZ S-N(SALIDA TUNEL A 70MTS LINEA PARADA),40.4240966666744,-3.71534457038181,26080667,12.918513082659043,False
7063,(MICRO) PRINCESA S-N(DELANTE G.2),40.4289145431521,-3.71497536314391,25935515,1.7054062061814819,False
4388,Alberto Aguilera E-O(Vallehermoso-Galileo),40.4300378270577,-3.70988371720977,25935069,53.18621911284882,False
4389,Alberto Aguilera O-E(Mártires Alcalá-Baltasa Gracián),40.4299977708004,-3.71039183324114,25935069,10.173308853805825,False
3807,Carranza E-O( Fuencarral-Ruiz),40.4292929233496,-3.70376732217584,22022469,8.820968376188613,False
3620,San Bernardo S-N(Travesia Pozas-Espiritu Santo),40.4256015832603,-3.70729082085701,26066554,5.5518173201411525,False
4418,San Bernardo N-S(Gta. Quevedo-Carranza),40.431049290731,-3.705310620804,11172580730,34.26719160196774,False
10131,Salida Hacia a M-40 dir. SUR - Av. de los Andes-Av. Logroño,40.4575966832017,-3.61680902324022,25708709,36.53718856038655,False
10132,Salida Hacia a M-40 dir. NORTE - Av. de los Andes-Silvano,40.4586699400978,-3.61796840417236,25708700,34.45159827347654,False
10883,FERRAZ S-N (VENTURA RODRIGUEZ -LUISA FERNANDA),40.4238248773931,-3.71498179138609,7619712797,25.80642044563116,False
4506,FRANCOS RODRIGUEZ E-O(POLICIA-COLEGIO PALOMA),40.4583911140714,-3.71490701445139,439185266,63.50279345785491,False
3638,NUMANCIA S-N(DR.FEDERICO RUBIO Y GALI-PABLO IGLESIAS),40.4532690277362,-3.71308106040024,98732397,29.041124332786147,False
4524,DR.FEDERICO RUBIO Y GALI E-O(MORERAS-FCO. DE DIEGO),40.4540957816561,-3.71423016083504,51429269,34.61894105635614,False
4527,DR.FEDERICO RUBIO Y GALI N-S(MORERAS-PABLO IGLESIAS),40.452932964212,-3.71307134756915,98732397,20.50538676054951,False
4528,JERONIMA LLORENTE N-S(LENERO-DR.FEDERICO RUBIO Y GALI),40.4527632975809,-3.70870631577242,98728208,29.26581020646263,False
3733,DR.FEDERICO RUBIO Y GALI S-N(ACUEDUCTO-JERONIMA LLORENTE),40.4511976255287,-3.70943522467367,98727994,7.634624197962109,False
3595,DR.FEDERICO RUBIO Y GALI N-S(MOGUER-FCO.DE DIEGO),40.4560245814291,-3.71419927868749,2891563648,59.94177567232335,False
10219,JERONIMA LLORENTE O-E (WAD-RAS -PAMPLONA),40.4547868680136,-3.70672898128702,98722371,2.0100161843679816,False
4545,(MICRO) CAPITAN BLANCO ARGIBAY O-E(Po DIRECCION-P.CEBRERO),40.4699530047658,-3.71068383799507,50042007,62.81425272458585,False
4580,(TACTICO) MAGNOLIAS S-N (DELFIN-AV. ASTURIAS),40.4674427969967,-3.69309612379032,9377219112,22.09871152130878,False
4620,AGUSTIN DE FOXA S-N(MATEO INURRIA-ENRIQUE LARRETA),40.4677991965518,-3.68762784109813,25906915,71.91208906971569,False
4622,JOSE VASCONCELOS E-O(MANUEL FERRERO-AGUSTIN DE FOXA),40.4701946100606,-3.68440477701164,268517092,24.975727045845645,False
10041,CANILLAS E-O(CORAZON DE MARIA-CLARA DEL REY),40.443634290573,-3.6677680423975,149026079,21.308587601489467,False
4647,SANTA HORTENSIA E-O(CORAZON DE MARIA-CLARA DEL REY),40.4444119169028,-3.66866150210982,149135425,13.138307096138988,False
10045,CORAZON DE MARIA O-E (POETA CLAUDIO RODRIGUEZ-ALUSTANTE),40.4410333708862,-3.67072891977158,149131192,22.306133324741005,False
10047,ALUSTANTE N-S(CLARA DEL REY - CORAZON DE MARIA),40.4418100119649,-3.67035061361012,149022190,47.67597114230674,False
3442,MARTINEZ IZQUIERDO O-E(PILAR DE ZARAGOZA-VILLAFRANCA),40.4347441769183,-3.66708021861592,149191868,10.992950542942777,False
7061,CAMILO JOSE CELA N-S (FCO. REMIRO -MARQUES DE AHUMADA),40.4378398303684,-3.66774476255862,149207563,21.62407843912501,False
7078,PUENTE DE LA  PAZ E-O(AV.BADAJOZ-AV.BRASILIA)(GIRO A  M-30),40.4408472323133,-3.66005672839717,21473229,47.992670946713666,False
5415,AV.MONFORTE DE LEMOS O-E(AV.BETANZOS-PL.VERIN),40.4779509892797,-3.71100376161802,26202150,4.706847873721066,False
5416,AV.MONFORTE DE LEMOS E-O(PL.VERIN-AV.BETANZOS),40.478031277119,-3.71107821866056,26202150,14.538892346968128,False
5417,AV.MONFORTE DE LEMOS O-E(PL.VERIN-PL.FONSAGRADA),40.4782680679346,-3.70945601118345,26202186,4.584128860974762,False
5418,AV.MONFORTE DE LEMOS E-O(PL.ARTEIJO-PL.FONSAGRADA),40.4788232378652,-3.70734842543801,26202319,29.34857915734631,False
5419,AV.MONFORTE DE LEMOS O-E(PL.ARTEIJO-GINZO DE LIMIA),40.4790095563261,-3.70588867293572,26202351,27.315355377708467,False
3677,(AFOROS)AV.MONFORTE DE LEMOS O-E(GINZO DE LIMIA-FINISTERRE),40.4794395641552,-3.70360505530187,25904644,31.60296681395222,False
4678,AV.TOREROS S-N(ALCALA-AV.TOREROS),40.4320940625288,-3.66163800942049,25531664,7.417258712608587,False
10184,Av .Monforte de Lemos O-E (Pl.Fonsagrada - Pl.Arteijo),40.4785965972375,-3.70785361683944,26202188,27.897846619353135,False
10182,Av .Monforte de Lemos E-O (Pl.Fonsagrada - Pl.Verin),40.4784984888498,-3.70894198378878,26202187,51.117086989769014,False
10186,Av .Monforte de Lemos E-O (Pl.Fonsagrada - Pl.Verin),40.4784150529492,-3.7090930806427,26202186,39.36056241353312,False
3448,PADRE DAMIAN S-N (CONCHA ESPINA - RAFAEL SALGADO),40.4530322996794,-3.68654624380398,98984112,92.60373646877136,False
5502,Pºde la Habana N-S(Gutiérrez Solana-Pl.Quito),40.4502780033186,-3.68755627418775,101190157,20.803821862743217,False
5503,Pºde la Habana S-N(Hnos.Pinzón-Pl.Quito),40.4490154860929,-3.68897750043603,100881715,26.5684886345679,False
5505,PADRE DAMIAN S-N(FALLA-PROFESOR WAKSMAN),40.4551626424255,-3.68701418678925,102221207,4.312638688918911,False
5593,ALFONSO XIII E-O (STA.Ma MAGDALENA-CRUCERO 25 DE MAYO),40.4601964299189,-3.67067914035766,102518637,26.77245303333896,False
5595,ALFONSO XIII O-E (CHILE-PUERTO RICO),40.4603346020912,-3.67523847511989,102509276,9.541530412111067,False
4695,RONDA DE SEGOVIA S-N(GIL IMON -ALGECIRAS),40.4100169821341,-3.7175041640254,315523882,87.98666307922174,False
4696,Po IMPERIAL E-O(JEMENUNO-RONDA DE SEGOVIA),40.4098941880273,-3.71789602772001,315523882,83.28120645300866,False
3444,Po MELANCOLICOS S-N(Po IMPERIAL-RONDA DE SEGOVIA),40.410021613015,-3.71861771510636,315523882,74.2945938912721,False
5891,"FERMIN CABALLERO, 50 E-O",40.4845116103753,-3.70612336662746,25920287,84.74731227001304,False
5751,(TACTICO) Marques de Torroja E-O (delante G.5),40.4705582732647,-3.67586282123549,102291414,23.625858266508853,False
6240,Emigrantes - Tribaldos-Ctra. Canillas,40.4663385152747,-3.63653575007876,286959358,85.55178665301827,False
6856,15RA15PM01,40.3980161946659,-3.71065696007277,2136384930,49.25634137925814,False
3402,Hiedra O-E (Estación Chamartín-Bambú),40.473610931418,-3.67832018831367,102322211,27.11592722739798,False
5744,Bambu N-S(Consuegra-Av. Pio XII),40.4742546503464,-3.67729597225185,102322212,70.2751335655664,False
5747,Av. Pio XII E-O (Calle 30 - Av. Burgos),40.4730431207866,-3.67466621078936,25924922,24.294980631197525,False
5749,Av. Burgos S-N (Buganvilla - Av. Pio XII),40.4717785708096,-3.67587595294485,7978149668,46.41392439328361,False
5750,Av. Pio XII O-E (Tunel)(Salida),40.4727598909677,-3.67664527264481,1137204068,38.23490684050649,False
5756,Marques de Viana O-E (Ruiz Palacio- Gladiolo),40.4629125686699,-3.70286128786377,91611947,18.32689214647276,False
10155,PSO. DIRECCION N-S (CAPITAN BLANCO ARGIBAY-ALBERDI),40.4660436626404,-3.70833831484287,2904739381,22.345380874413436,False
3678,(TACTICO) Juan Sanchez E-O (Candido Mateos - Cesar Manrique),40.4744247111926,-3.72059491732267,150865971,25.51861043396755,False
5752,(TACTICO)Salida T.V.E O-E(Delante G. 7),40.4703812476675,-3.67651861607218,102291414,35.40860947673185,False
5753,(TACTICO) Yuca E-O(Av. Burgos-Bambu),40.4764949164946,-3.67621735718947,102330095,15.801156845021556,False
5754,(TACTICO)Av. Burgos E-O (Av. Burgos - Bambu),40.4795262126784,-3.67547642401824,102331886,16.44611781956489,False
11035,Av. Burgos(Ntra.Sra.Recuerdo-Marqués Torroja),40.4693535798372,-3.67644402229416,2315931960,10.488133030913586,False
11036,AV. BURGOS N-S(AV. PIO XII-BUGANVILLA),40.4722093921294,-3.67590151579695,102294578,10.063745903790455,False
10791,Bernardino Pantorba - Gutierrez Maroto-Rafael León,40.3658807872337,-3.60132039579864,819669142,65.26977857557522,False
10736,Alcalá - Boldano-Arturo Soria,40.4372860389007,-3.63957075143105,25531125,9.120482783257723,False
10734,Alcalá - Boldano-Pileo,40.4368475610587,-3.64046487334244,1838956113,20.628526048549425,False
10726,Alcalá - Lago Constanza-Ezequiel Solana,40.4334888324013,-3.64743277051972,25531117,19.699569117755505,False
10722,Alcalá - Argentina - Concejal Juilo Gomez,40.4329513531689,-3.64967950672598,25531129,20.023044132553693,False
10819,Alcalá - Santa Elena - Florencio Llorente,40.4326115135589,-3.65186911114206,25531132,26.240425956691453,False
10821,Alcalá - Angel Gonzalez Tejedor - Jose Villena,40.4319140575327,-3.65643835783017,25531138,27.185979985453162,False
10822,Alcalá - Alcalde López Casero - Ventas,40.4320678104506,-3.65602123104518,25531137,11.734975164748928,False
10411,Av. Niceto Alcalá Zamora - María Tudor-Isabel de Valois,40.498468610659,-3.65592548503911,255264620,46.65527810936551,False
9876,Ana de Austria - Isabel Clara Eugenia-Niceto Alcalá Zamora,40.4961666340129,-3.65528714872093,293609716,40.261034523191,False
9877,Ana de Austria - Ignacio Aldecoa-Niceto Alcalá Zamora,40.4984201118203,-3.65351430920119,283578151,46.95744861450605,False
6081,Av. San Luis - Arturo Soria-Condado de Treviño,40.4782269974716,-3.67123211494492,269978245,79.28116528507823,False
6088,Golfo Salonica 1 N-S - (Espliego-Av. San Luis),40.4752284921435,-3.665520538138,26747736,11.409671178408656,False
6096,Arturo Soria  - Laúd-Briviesca,40.4825231107736,-3.66476515144909,8791350663,10.556271997219987,False
3495,,40.417544175594,-3.65457441532741,20953256,28.003673612016712,False
6987,Bulevar José Prat - Bulevar Indalecio Prieto-Ladera de los Almendros,40.3982111348182,-3.62392727515602,560454071,84.45686677188321,False
6223,Ctra. Canillas - Utrillas-Javier Quinto,40.4641668750755,-3.64404306047407,3160412423,54.15101464858368,False
6780,,40.4083884464317,-3.74339443335067,21702028,17.80423627985611,False
6999,Av. Consejo de Europa - Av. Consejo de Europa-Ribera del Loira,40.4595323655929,-3.61623832161892,3193698218,16.264785766949274,False
10138,Silvano - Pl. Liceo-Alcorisa,40.4611883052589,-3.64047260085532,3160412407,80.30910786086484,False
10173,PM10593,40.4333063616183,-3.66054847102159,25927245,40.80435649226065,False
6318,Gregorio Sánchez Herráez - M40-Vía de los Poblados,40.4765458023889,-3.63826572442908,252160545,11.836800025195162,False
10741,López de Hoyos - Guisona-Gran Vía de Hortaleza,40.4677713666571,-3.65344950102974,25933302,15.76383530589633,False
5456,PºCastellana N-S - Gral.Perón-Raimundo Fdez.Villaverde,40.4480084059823,-3.69115073374203,1314938273,67.78138739861517,False
10542,Av. 25 de Septiembre - Juan Ignacio Luca de Tena - Pl. de las Olivas,40.4463196312431,-3.62594273536055,88976841,113.04197897264383,True
5457,PºCastellana N-S - Raimundo Fernández Villaverde-Nuevos Ministerios,40.4457671826038,-3.69141700442309,355174895,1.526731364376417,False
3568,"V.CARPETANA, 143 O-E (LAGUNA-N.S.VALVANERA)",40.3925142536022,-3.74148706689909,21784405,74.78096025819059,False
5458,PºCastellana S-N - Jorge Manrique-Carbonero y Sol,40.4442410972302,-3.6913316625277,1754817102,70.19923571266406,False
5459,PºCastellana S-N - Joaquín Costa -Pº de la Habana,40.4472726786304,-3.69107494146735,25902943,40.056284120259804,False
5460,PºCastellana S-N - Hermanos Pinzón-Pl.de Lima,40.450109192482,-3.69081355869008,1336935950,13.983094104483195,False
5461,Pº Castellana S-N - Concha Espina-Rafael Salgado,40.4534783154802,-3.6904882116275,1752467714,80.208916906137,False
5462,(AFOROS)PºCastellana S-N - Pedro Teixeira-San Germán,40.4546535598304,-3.69037418287382,81476950,47.80501852341722,False
10543,Av. 25 de Septiembre -  Pl. de las Olivas - Marquesado de Sta. Marta,40.446434310496,-3.62579048620833,88976756,102.31578169294995,True
10544,Puente de Felipe Juvara - Grta. Yucatan - Juan Ignacio Luca de Tena,40.4492316848362,-3.6263302024851,5282224638,111.36732757622937,True
5229,Puerto de Pozazal - Puerto Used-San Jaime,40.3792999527615,-3.62796426550084,308616315,25.391520818121712,False
5202,Sierra Gador - Manuel Velez-Sierra Vieja,40.3799429377716,-3.62189343762591,316772039,21.532771179233382,False
5205,Real Arganda - Serrania Ronda-Jesus del Pino,40.379676747821,-3.62094893711363,308617109,5.548346232040027,False
10159,Av. Albufera - Calle G-Bruno Abundez,40.3834560051914,-3.63142283239203,1542329253,33.69529652711666,False
10403,EDUARDO BARREIROS N-S(ASOMBRO DAMASCO-EL CASERIO),40.356861384093,-3.70378784202392,1981781071,81.0846809767536,False
11050,STA. ESCOLASTICA E-O (MENASALBAS-EDUARDO BARREIROS),40.3623535589362,-3.69946559762951,1738611219,40.77601574494037,False
3630,SANTUARIO S-N(CRISTO VICTORIA-PIEDRABUENA),40.3827138024998,-3.69961658467963,305971931,25.842830606619135,False
5000,GUETARIA N-S(OREJA-REGIL),40.3689859300602,-3.71561209224964,316213499,2.085445073995626,False
10488,CRISTO VICTORIA Ø12 E-O(CANDIDA JESUS-VISITACIÓN),40.3818970987082,-3.70082473170716,306032836,10.739898620031841,False
10489,CRISTO VEGA Ø4 S-N(CRISTO LEPANTO-CRISTO VICTORIA),40.3810219775136,-3.70110954318822,306031635,17.682541346603838,False
4805,LATERAL ANTONIO LOPEZ ENTRADA GTA. CADIZ E-O,40.3769564646085,-3.69429307173681,26205291,34.80003624919646,False
4806,AV. ANDALUCIA FRENTE AL HOSPITAL,40.3772967711326,-3.69610124083675,26415180,18.591734022671222,False
10504,VIA LUSITANA O-E Ø101 (PL. RENDICION BREDA-CARRERO JUAN RAMON),40.3779550181488,-3.72862615477193,301884773,86.29080870183743,False
5286,ANTONIO LOPEZ O-E(M.VADILLO-BALEARES),40.3973679595141,-3.7149689784018,960705021,23.168494908820275,False
5343,CIRCULO O-E (SALIDA CARREFOUR-AV. OROVILLA),40.3621499209558,-3.69060232611203,248845691,45.22934586397931,False
5348,AV. ROSALES S-N (ENTRADA MADRID),40.3482204099235,-3.67470173377231,2314755143,86.34675472586318,False
7029,Pº Recoletos N-S - (PL. Colon-Bárbara Braganza),40.4242200932479,-3.69078016561876,7549719175,46.84477193594694,False
3727,JAIME EL CONQUISTADORS-N(ALDEA DEL FRESNO-PL.GENERAL MAROTO),40.3952639684472,-3.69838227569037,26879281,20.946253614171308,False
3615,JAIME EL CONQUISTADOR N-S(TORRES MIRANDA-CTE. BENITEZ),40.3977899750811,-3.69806161759771,1624211578,19.69000058896924,False
4085,DIVINO VALLES O-E(FERNANDO POO-JAIME EL CONQUISTADOR),40.3965217416466,-3.69887346519327,26879279,54.86988198325698,False
4160,ESPALTER O-E (Po DEL PRADO-ALFONSO XII),40.4127252979639,-3.69011722406968,26486627,18.083364508278834,False
4161,ALFONSO XII N-S (ESPALTER-CUESTA CLAUDIO MOYANO),40.4108590948123,-3.68884403570677,1727199828,29.04125893041435,False
4165,AV. CIUDAD BARCELONA E-O(JULIAN GAYARRE-Po INFANTA ISABEL),40.4059338669074,-3.68620710386909,13437776126,115.00134370302041,True
4238,RONDA TOLEDO E-O(EMBAJADORES-RIBERA CURTIDORES),40.4056012019761,-3.70588696540701,26495388,19.276241685178842,False
3409,SEPULVEDA N-S (CEBREROS - C. FCO.J.JIMENEZ),40.4014472664221,-3.75415167127064,1420455274,31.774186848188503,False
4739,CJAL. FCO. J. JIMENEZ Ø126 E-O (BERLANAS-SEPULVEDA),40.399707542622,-3.75371940863616,877243551,73.92584007346332,False
4740,CJAL. FCO. J. JIMENEZ Ø86 O-E (F. CALVO-ALHAMBRA),40.4005603189776,-3.74558240201686,622424078,25.73317262453679,False
4741,CJAL. FCO. J. JIMENEZ Ø76 E-O (HURTUMPASCUAL-ALHAMBRA),40.4008294421622,-3.74363513828368,319952733,48.42540609277834,False
4742,ALHAMBRA Ø23 N-S (CJAL. FCO. J. JIMENEZ -CUART POBLET),40.3999018985193,-3.7446378464119,6796630918,86.69013546330858,False
4744,ALHAMBRA Ø31 S-N (CERRO MICA-ÁNGEL SANZ BRIZ),40.3982440702415,-3.74417160377528,305750573,30.583444914587833,False
4746,"ALHAMBRA, 94 N-S (CULLERA-GTA. LOS CARMENES)",40.3966856322252,-3.74390438970892,265981570,63.16712129596265,False
4747,GALLUR Ø46 E-O (ESCALONILLA-GTA.CARMENES),40.3956938805978,-3.74263878825345,265981553,39.41578079843311,False
4748,DUQ. PARCENT Ø3 O-E (M. CASTILLO-GTA.LOS CARMENES),40.395046711985,-3.74487771813298,35915703,24.640477623791973,False
11074,MAQUEDA S-N (VALMOJADO-TEMBLEQUE),40.3912662633754,-3.7630746211713,50564930,32.604108970602894,False
5151,AV.POBLADOS N-S(SEBASTIAN ALVAROMELILOTO),40.3911825946851,-3.76846424314302,779241439,64.82095077958814,False
10720,Hermanos García Noblejas - Dr. Cirajas-Vital Aza,40.4353611648419,-3.63635431634851,3258220535,37.15982472320667,False
10719,Hermanos García Noblejas - Vital Aza-Ascao,40.433569885943,-3.63505276678497,3259658548,17.215587401143676,False
10698,Hermanos García Noblejas - Villaescusa-Nicolás Salmerón,40.4195375497354,-3.62489324040339,24968034,11.378200995749882,False
10696,Hermanos García Noblejas - Idioma Esperanto-Pl. Alsacia,40.419136167905,-3.62458433547418,24968034,40.83611083645157,False
11053,(MICRO)EDUARDO BARREIROS S-N(GIRO PEUGEOT),40.3586929170217,-3.70256302985527,1981781080,68.8062245033445,False
11054,(MICRO) EDUARDO BARREIROS N-S(GIRO A CORTE DEL FARAON),40.3621182894821,-3.70044686466376,248795761,7.410011451676105,False
4993,(TACTICO) SALIDA PEUGEOT,40.35870482015,-3.70273865639266,1981781080,74.83672424614822,False
10092,(TACTICO) EXPROPIACION N-S (GIRO A EXPROPIACION),40.371500227787,-3.7047997765049,27552955,15.377813251445852,False
4969,(TACTICO) ORCASUR (1) S-N (CAMPOTEJAR - AV. POBLADOS),40.3707524058019,-3.70067204304862,315895442,5.376581288499832,False
4970,(TACTICO) ORCASUR (2) S-N (MOREJA - AV. POBLADOS),40.3707301712382,-3.69959418965439,27553027,23.192560004632586,False
4978,(TACTICO) RICARDO BELTRAN Y ROZPIEDE O-E(AVENA-RAFAELA YBARRA),40.3754873575082,-3.71254191379802,13062347437,17.003348343336082,False
3445,(TACTICO) ENTRADA M-40 A RAFAELA YBARRA,40.3647200695834,-3.71388284916211,789437332,19.803320293007793,False
4992,(TACTICO) VILLABONA O-E(GUETARIA-RAFAELA YBARRA),40.3690137750753,-3.71251089150028,316213513,15.604888040708522,False
5872,"(AFOROS) CARDENAL HERRERA ORIA, 244 O-E(PICO BALAITUS-ISLA AROSA)",40.4817191023711,-3.71922954601898,2678931611,29.52949120897228,False
6138,Francisco Villaespesa  - Salas Barbadillo-Ezequiel Solana,40.4292457199892,-3.64458446297167,101045460,36.521007110779195,False
6139,Francisco Villaespesa - Berastegui-Ezequiel Solana,40.429545635679,-3.64295800987368,506090135,10.618789093300352,False
5900,CARDENAL HERRERA ORIA E-O(MANRESA-M-607),40.4903722109346,-3.69655400751015,77851785,9.049094007035144,False
6197,Casalarreina  - Ezcaray-Av. Daroca,40.4086601855695,-3.61421111775389,4551475673,50.900821481523884,False
3696,Paseo Artilleros - Villardondiego-Camino Viejo de Vicálvaro,40.405628467982,-3.6092296533461,4565825711,47.586215672947404,False
10668,AV. VENTISQUERO DE LA CONDESA S-N(PJE. DE LOS ANCIANOS-COLLADO TIROBARRA),40.4934579750213,-3.71693759028878,254495746,120.38219707276063,True
6236,Av. de los Andes - Abelias-Gta. Mar Caribe,40.4537570703991,-3.62419633032799,353027798,100.23672968608463,True
6238,Av. Machupichu - Silvano-Mota del Cuervo,40.4638162619692,-3.63532479476437,25931234,24.705929067925123,False
6998,Av. Consejo de Europa - Glorieta Juan de Borbón-Ribera del Loira,40.4598854044135,-3.61615871491636,3193698218,30.186620547931273,False
11261,(TACTICO) RODA DE BARA N-S,40.4843512205963,-3.71164589682063,11853872007,16.52327746983955,False
10142,Silvano - Alcorisa-Alcorisa,40.4623959489927,-3.63874006590347,25931156,53.524822021978196,False
3712,"TÁCTICO - PICO BALAITUS, 1 N-S",40.4812339940256,-3.72074713689263,2484872378,3.917383742949706,False
11484,HERRERA ORIA E-O(SAN MODESTO-ACCESO M-607),40.4901250074411,-3.69831908320144,155376823,12.600633621313984,False
11514,HERRERA ORIA E-O(M-607-PEÑA DEL OSO),40.4897612815619,-3.69952938396493,25693413,24.756929590844173,False
10141,José Rizal - Vicente Morales-Silvano,40.4617297516799,-3.63751348647481,219541160,19.46534707960721,False
10139,Silvano - Av. Machupichu-Alcorisa,40.4627243256463,-3.63626633017414,602167793,56.963480511564626,False
4773,MARCELO USERA O-E(SAN MAGIN-R. YBARRA),40.3851604830849,-3.71379383873925,252796105,35.081794108994,False
10147,Silvano - Haendel-Francisco Mosqueda,40.4626413828389,-3.62702872771928,456731944,89.36990403605743,False
10612,MANUEL NOYA S-N (DR. CARMENA RUÍZ-INMACULACA CONCEPCIÓN),40.3888412529781,-3.71191274162008,305978247,48.006069962021115,False
5053,GRAL. RICARDOS O-E(REINOSA-NTRA. SRA. LUZ),40.38239708603,-3.7430757947439,1208086325,24.542224588729027,False
5054,GRAL. RICARDOS O-E(PL. TOROS-CLARA CAMPOAMOR),40.3857217049564,-3.73597878150481,301884933,24.54232406331727,False
5058,BLASA PEREZ N-S,40.3922233080711,-3.72714872575159,35484169,13.189202864973314,False
3685,OPORTO S-N(VALLE ORO-GRAL. RICARDOS)(FRENTE-DECHA),40.3882688277213,-3.73097455345795,850910694,19.026799866825513,False
3686,OCA N-S(MATILDE FERNANDEZ-GRAL.RICARDOS) FRENTE-DERECHA,40.3888525909927,-3.73262283890964,1492770315,78.49630323236443,False
5247,GRAL. RICARDOS E-O(PEDRO DIEZ-OCA),40.3895095675161,-3.73030564011783,316422629,11.256824094713483,False
5061,OPORTO S-N(VALLE ORO-GRAL. RICARDOS)(GIRO IZDA.),40.3882222037377,-3.73100816795028,850910694,18.402652877231052,False
10025,OCA N-S(MATILDE FERNANDEZ-GRAL.RICARDOS) GIRO IZQUIERDA,40.388873145553,-3.73260849940074,1492770315,79.97161784081837,False
10149,Silvano - Francisco Mosqueda-Plaza Andrés Jáuregui,40.4626554203055,-3.62852793107614,456731944,37.487154944975465,False
5904,(TACTICO)ALFREDO MARQUERIE O-E,40.4880508928478,-3.69893636273611,26209494,22.97089357045135,False
5036,(MICRO)GRAL. RICARDOS O-E(BLASON-PSO. MARCELINO CAMACHO)GIRO PSO. MARCELINO CAMACHO,40.3845101689483,-3.73971992840779,260122823,20.949582907390013,False
3447,(TACTICO) PAULINA ODIAGA E-O,40.3940102380376,-3.72307548957408,302000362,29.93218090549517,False
5329,RAFAEL FINAT S-N(SOLEDAD CAZORLA-BLAS CABRERA),40.3768631587165,-3.77248069150511,9025569956,54.403364066187,False
3750,BLAS CABRERA O-E(VALLE INCLAN-RAFAEL FINAT),40.3780241285178,-3.77288265807714,2421410169,33.55383835402642,False
5333,RAFAEL FINAT N-S(BLANCO SOLER-VALLE INCLAN),40.3813481831086,-3.76781296589799,4685571409,67.93308272005252,False
5335,RAFAEL FINAT S-N(JOSSE CADALSO-GRAL. MILLAN ASTRAY),40.3799567465125,-3.76910615406437,306099901,74.40150553555272,False
10999,Av. Machupichu - Pl.Manuel Rodrigo-Silvano,40.4616164554457,-3.63498732014215,220668145,51.83376244494278,False
3574,SAN VICENTE PAUL S-N,40.3855522805349,-3.72604637764103,301891184,22.090786651514048,False
10580,CARRIL BUS AV.OPORTO O-E (VIANA-PL.ELIPTICA),40.3851876756656,-3.71983876166255,306033790,6.100318429370314,False
10581,CARRIL BUS MARCELO USERA E-O(SAN MAGIN-SAN FILIBERTO),40.3852242457458,-3.71534701768465,252796106,55.33070117197799,False
10982,(AFOROS) (BUS) VIA LUSITANA E-O,40.3842627481373,-3.71973112926151,1399790363,39.637163919751785,False
11030,CCTV - MARCELO USERA E-O(SAN MAGIN-PL.ELIPTICA)(CCTV CITYLOG),40.3852206634941,-3.71629863211296,821458589,3.6603367454689577,False
11005,ANTONIO LEYVA N-S(ANTONIO GONZALEZ PORRAS-ALEJANDRO SANCHEZ),40.3898951063316,-3.71601043478946,306034453,13.139363723182218,False
3634,ANTONIO LEYVA S-N (ARLANZA-GUADALETE),40.3877258355239,-3.71668691525313,255243047,28.00468920953383,False
10257,MERCEDES DOMINGO N-S (SANTIAGO PRIETO - VIA),40.3868960570505,-3.72146613577254,316422981,17.209544853454886,False
10251,VALLE DE ORO E-O (PORTALEGRE - ARGÜESO),40.3871232349992,-3.72458967193854,316422336,33.84704961411562,False
10614,VÍA E-O (PL. ELÍPTICA - ÉVORA),40.3858306457201,-3.71908857969092,1399790122,21.73310520357776,False
11013,Av. Machupichu - Av. Piceas-Av. de los Andes,40.4550045651937,-3.6231540173549,351647916,29.563786406148143,False
11064,Asura N-S - (Lorenzo Solano Tendero-Estrecho Mesina,40.4535256293988,-3.65118004337844,282266420,23.736788590220097,False
5059,PEDRO DIEZ N-S,40.3907864803777,-3.72938540229962,301999803,4.811878003134535,False
11007,AV.OPORTO O-E(VIA LUSITANA-PL.ELIPTICA),40.3852023701237,-3.7188973185191,1399790193,1.7145455688234603,False
11532,ANTONIO LEYVA N-S  (TOMAS MEABE - ANTONIO LEYVA 30 P.P.),40.3947493918868,-3.71554601030135,306041006,62.275813363411345,False
5338,MEZQUITA E-O (ELIZONDO-ESTAFETA),40.3736196541346,-3.69156626120162,130095991,32.95956502662128,False
5339,OROVILLA N-S (AV. ROSALES-SILVINA),40.3742814856962,-3.69246742505542,306201134,2.522313309741381,False
5340,OROVILLA N-S (AV. ROSALES-SILVINA),40.3667431038326,-3.6926649194948,26280704,80.83678767158993,False
11065,Asura N-S - Estrecho Mesina-Silvano,40.4526176303413,-3.65050233065585,224130128,22.60841261997586,False
11067,Asura N-S - Madroños-Santiago Ayllon,40.4513285501836,-3.64945783016204,219488596,27.431923705009595,False
11069,Silvano O-E - Asura-Estrecho Mesina,40.4526710966244,-3.64925089495228,3327088514,75.24112844534473,False
11134,Moscatelar - Milan - Parma,40.4571469513476,-3.64815636447723,219511382,27.478514082229772,False
3854,FERNANDO VI E-O,40.4254530561641,-3.69646351117965,1855027673,8.874870306322858,False
6444,Vía Servicio A-3 - A-3-El Bosco,40.395040716098,-3.64245333097687,263859738,48.83951986858835,False
9848,(TACTICO) ONCE VIGAS S-N(M40-AV. PESETA),40.3617967944851,-3.75166199813032,316617181,21.1844237288417,False
4011,Principe Vergara S-N - D.Ramon de la Cruz-Jose Ortega y Gasset,40.4290558710296,-3.67978373808445,1505184360,15.521776164575858,False
6621,Ingeniero Emilio Herrera - Príncipe Carlos-Infanta Catalina Micaela,40.4862523692928,-3.6599305942729,299373766,34.31029079957708,False
6622,Ingeniero Emilio Herrera - Príncipe Carlos-Infanta Catalina Micaela,40.4862842979371,-3.65996979434097,299373766,34.796355343359316,False
6625,Camino Fuente de la Mora - Av. Manoteras-Príncipe Carlos,40.4857314413952,-3.66112983252833,221296238,64.82137340826695,False
10460,Fco. Pi y Margall - Hospital La Moraleja - Isabel de Valois,40.4919700000004,-3.66166389251099,300022779,8.12273705287335,False
5208,Pico de la Sierva - Sierra Gor-Montes Barbanza,40.37915027121,-3.61874331471833,309889852,50.041551095878305,False
10784,Puentelarra - Av. Mediterraneo - Av. Santa Eugenia,40.3825054609022,-3.60937672620938,309890495,90.1837948371972,False
5014,CARAMUEL N-S(FIDIAS-Pº OLIVOS),40.4078197856894,-3.72981231948575,364197473,12.777511445092335,False
3465,ALFONSO XII N-S (ALCALA-MONTALBAN),40.4190090011786,-3.68883826809539,26486651,23.338989083415523,False
4906,LOS YEBENES ENTRADA CRUCE SENTIDO E-O,40.3975484310048,-3.75536884059435,21702269,16.283369880361278,False
4235,PALOS DE LA FRONTERA E-O(BERNARDINO OBREGON-EMBAJADORES),40.4028619246475,-3.69954648301248,26534938,33.30762032105928,False
4894,(TACTICO)CUART DE POBLET N-S(ALHAMBRA-DUQUESA PARCENT),40.3961742819197,-3.75186451115491,35915698,28.826243081861268,False
5168,(TACTICO)GALICIA S-N(FUENTESAUCO-BOADILLA),40.3990642786613,-3.77277181955498,27637196,15.17494828225069,False
3577,(TACTICO)AYLLON N-S,40.3993296237994,-3.77580036259272,27636814,15.846821184855951,False
5167,(TACTICO)AYLLON S-N,40.3990444474456,-3.7756262877425,27636814,19.17829306468938,False
5164,(TACTICO)SANCHIDRIAN S-N(CINE-CTRA. CARABANCHEL ARAVACA),40.3964180230934,-3.77421735384951,538387213,15.771478237352675,False
5177,(TACTICO)SEBASTIAN ALVARO S-N(CINE-AV. POBLADOS) (CARRIL IZDA.),40.3940347757774,-3.77230626779256,33395616,3.451934170057852,False
5172,(TACTICO) CTRA. CARABANCHEL ARAVACA E-O(GIRO SEBASTIAN ALVARO),40.3941292380478,-3.77197425884049,33395618,13.804084650038028,False
4249,ALCALA O-E(BARQUILLO-CIBELES),40.4189689493778,-3.69520112023158,10000729227,27.559472299398003,False
4250,ALCALA O-E(CEDACEROS-GRAN VIA),40.4182433214598,-3.69809724570451,21968131,44.601878588975914,False
6043,Normas  - M30-Torrelaguna,40.4517678397777,-3.66179333534448,3284347475,36.00882418271613,False
10775,Av. Entrevías - Benemeji-La Mancha,40.3810699089073,-3.66803793517024,307677910,71.31420291259472,False
9910,Isla Malaita N-S (Joaquin Lorenzo-Valle de Mena),40.4726238307023,-3.7225128940807,150865964,13.67660657207877,False
5374,José Gutiérrez - Av. Cerro Milano-Av. Ensanche de Vallecas,40.3649082850285,-3.60397883595439,824125729,31.370992401449648,False
5375,Av. Ensanche de Vallecas - Rafael León-José Gutiérrez,40.3650855417804,-3.6021608683238,2229621446,37.04933309843888,False
5376,José Gutiérrez - Av. Suertes-Av. Ensanche de Vallecas,40.3663754833363,-3.60281394614472,819669130,25.582664592813604,False
5845,Av. Albufera - Av. Albufera-M-40,40.3840973304546,-3.63284483587183,6091977235,15.936862564031621,False
10161,Av. Albufera - M40-Tranvía de Arganda,40.3842559202874,-3.63340681160593,31030432,43.3792564142689,False
5843,Av. Albufera - Av. Albufera-M-40,40.38500751925,-3.63439787605693,31030262,44.56882903358867,False
5851,Incorporación desde Av. Albufera hacia M40 - Av. Albufera hacia M40,40.3854137340411,-3.63338712743838,31030391,72.3453992057394,False
5373,Av. Ensanche de Vallecas - M-45-José Gutiérrez,40.3661854969492,-3.60466521816885,1447213732,84.2016894750082,False
5677,Infanta Mercedes S-N - Pedro Villar-San Felipe,40.4617859625071,-3.69534109794833,81507802,13.67317311135345,False
3427,Bravo Murillo N-S - San Raimundo-Carolina,40.4516648312791,-3.70331064966179,339391878,23.277790818998135,False
7004,Méndez Alvaro O-E - Repsol -Estrella Naos,40.3985823576756,-3.68370015142115,3314616463,7.173561931795992,False
3559,PM22392,40.4613574862583,-3.74668781121298,2590729396,125.5939319450885,True
3703,PM41302,40.3729878857775,-3.69464162703605,26205249,26.173233869774307,False
6793,PM41452,40.3699225901793,-3.72013920405332,22594292,76.58605829946964,False
6823,PM41453,40.3845901213299,-3.71773566974485,4575653579,39.94366317061587,False
6936,,40.4081125597434,-3.74332843067327,21702028,17.43721265195309,False
6806,PM43032,40.4975877525989,-3.70059726194425,130027164,39.41278497482474,False
11365,PM23077,40.4850666094945,-3.692270600726,21682607,14.841999758056525,False
11480,Sor Angela de la Cruz O-E - Infanta Mercedes-Orense,40.4596372631713,-3.69542489177451,11227229112,53.35664465126469,False
10684,NTRA. SRA. FATIMA O-E(PINGÜINO-EUGENIA MONTIJO)(CARRIL DERECHO),40.3784553810102,-3.74880932488384,21702889,67.77786003297298,False
10515,ARROYO POZUELO O-E (POLEO - BARDEGUERAL),40.4513816364305,-3.77297464043575,258358992,76.457512825168,False
10513,AV. OSA MAYOR O-E Nº 81 (GLORIETA MARIA REINA - AV. GALAXIA),40.4593709534877,-3.78622956331067,244956312,17.61626544054646,False
4870,VIRGEN ROSALES Ø34 O-E (ASTROLABIO-CRTA.HUMERA),40.4535863775466,-3.78030556540326,262633843,71.72876676084931,False
4888,PLEYADES Nº 5 N-S (ESTUDIO - TV. PLEYADES),40.4596791296339,-3.78413978184764,266988537,8.567686757345307,False
10945,VIA LUSITANA S-N (THALER-HALCONERO DEL REY),40.3700717493277,-3.73827269874702,2048507404,96.83093751945975,False
6016,Arturo Soria - Ulíses-Belisana,40.4565226619404,-3.65703260363965,100955655,14.044439394108284,False
5181,(MICRO)CTRA. BOADILLA E-O (N-V-CARABIAS),40.3989788901198,-3.76670751612978,49964455,32.97944624778045,False
10222,(MICRO) SEBASTIAN ALVARO SALIDA DELANTE GR-8,40.3940424329844,-3.77238566622397,2144626923,9.393658995022914,False
5161,(MICRO)VILLAVICIOSA N-S(SEDANO-CTRA. CARABANCHEL ARAVACA),40.3964932074096,-3.77356554069506,22512757,8.131527558631007,False
3851,Pº Castellana N-S - Ayala-Pl. Colon,40.4273048117337,-3.68994760550778,1760085663,21.99200701365246,False
10036,Barbara Braganza O-E - Conde Xiquena-Tamayo y Baus,40.4237223062949,-3.69392090223793,27506521,15.496203523512376,False
3852,Pº Castellana S-N - Pl. Colon-Ayala,40.4260050979408,-3.69017286011812,1278838994,46.86436658444938,False
7032,(MICRO) Pl. Colón (giro izq. a Genova) (Antes Gr. 10),40.4252285841949,-3.69005690467226,345537803,19.19022997890231,False
3861,ALCALDE SAINZ BARANDA O-E(ANTONO ARIAS- DR. ESQUERDO),40.4164918275874,-3.67017564469836,1436712986,52.19014103064061,False
3862,DR. ESQUERDO S-N (PEZ VOLADOR-MONEDA),40.4137106378472,-3.66952096952619,150987117,76.71829169331349,False
10034,Barbara Braganza E-O - Pº Recoletos - Marques Ensenada,40.4233361722719,-3.69203250238828,25901922,24.093825487183764,False
4346,PRINCESA S-N(ALBERTO AGUILERA-RRODRIGUEZ SAN PEDRO),40.4309721622767,-3.71645991725651,25935523,37.053965512043234,False
3621,SERRANO JOVER E-O(ALBERTO AGUILERA-PRINCESA),40.4297056295694,-3.71438708194444,385569776,25.568277378116527,False
10530,SEVILLA N-S (SALIDA PARKING A 5 MTS G.3),40.4168519484616,-3.70034799014433,21968140,26.68683686620663,False
4282,ALAMO S-N(GENERAL  MITRE-REYES),40.4236510185539,-3.70902405001788,8436311120,72.92520098493422,False
7101,CUESTA SAN VICENTE O-E(Po DEL REY-ARRIAZA),40.4202114183066,-3.71773834940578,26080715,42.0500225535598,False
10388,GRAN VIA S-N (GIRO A JACOMETREZO),40.4202870535545,-3.70566936408025,26066619,4.191256718963496,False
4306,"(AFOROS)GRAN VIA, 19 O-E(MONTERA-PELIGROS)",40.419928900744,-3.70067004493819,26341673,40.579520877875815,False
4308,"GRAN VIA,1 O-E(VICTOR HUGO-ALCALA)",40.41923544901,-3.69796917499602,26341676,19.923721755900345,False
9907,DEHESA DE LA VILLA S-N(M-30 -AV.COMPLUTENSE),40.4557370415439,-3.73118161707315,32096085,121.82483358099982,True
5836,Pío Felipe - Pío Felipe-Av. Albufera,40.3922341570202,-3.65423004489453,316628354,11.584223904424912,False
5837,Av. Buenos Aires - Sierra Salvada-Av. Albufera,40.3905209202325,-3.65330474317347,316629385,36.62539013617789,False
3587,Av. Albufera - Dr. Salgado - Felipe Fraile,40.396790604043,-3.66626783229753,1227962641,2.7428416848028476,False
5977,Hermanos García Noblejas - Castillo de Arévalo-Castillo de Uclés,40.4274587612885,-3.63055607410675,3259658510,19.973861194109432,False
3832,Alcalá - Jaca-A-2,40.4482438686054,-3.60971486090111,30097698,6.659347617745146,False
6494,Ajofrin - Pobladura del Valle-Av. Arcentales,40.4259023766231,-3.62530219460474,24969255,15.982746847904968,False
11320,Av. Arcentales - Gta. Arcentales - San Romualdo,40.4336147328503,-3.62017905440806,31260276,9.412270586613618,False
6535,Gutiérrez Canales - Gutiérrez Canales-Alcalá,40.4474065914151,-3.61352163395552,29795744,20.563390262054412,False
10249,Marquesado Santa Marta - Fernando Mijares-Gta. Ricardo Velazquez Bosco,40.4478498570384,-3.62157060934029,6661541737,16.978830001195547,False
10247,Marquesado Santa Marta - Gta. Ricardo Velazquez Bosco-Clinica Navarra,40.4476944233739,-3.62520578672676,6661537571,3.4060976042555153,False
3666,San Romualdo - Julián Camarillo-Albasanz,40.4381281408062,-3.62146623707751,31066766,101.46732704571113,True
6531,Albasanz - San Sotero-San Romualdo,40.4386092175367,-3.62318360824149,31107305,5.100333253130978,False
6532,Albasanz - San Romualdo-Pl. Cronos,40.4394039758019,-3.62068486588752,31066766,108.67873481789395,True
6533,Av. Canillejas a Vicálvaro - Néctar-Alcalá,40.4424705772118,-3.61618022161738,88053882,10.06074998199558,False
6534,San Mariano - San Mariano-Alcalá,40.4448243794074,-3.61386223836806,88054896,27.289748750734425,False
10545,Av. 25 de Septiembre - Pl. de las Olivas - Pl. de Ensidesa,40.4450351724408,-3.62560094311039,88976893,22.220899605935138,False
10548,Alcalá 538  - Av. Canillejas a Vicalvaro - Cronos,40.443104225688,-3.61892289022668,2208138773,116.17546654834604,True
3681,Samaniego - Arrastaria-Campezo,40.4453378402436,-3.58394014117209,31035998,47.76321452337455,False
6554,Samaniego - Campezo-Arrastaria,40.4462358112847,-3.5851441713447,1769029745,73.51463444759868,False
6620,Ingeniero Emilio Herrera - Príncipe Carlos-Infanta Catalina Micaela,40.4852597649546,-3.66087677592329,1340025711,26.925849071811,False
11519,Arroyo Valdebebas  - A1-Arroyo Valdebebas  S-N,40.4916278368635,-3.66859068743919,262567264,102.04489493643311,True
6627,Pintor Ignacio Zuloaga - Príncipe Carlos-Av. Niceto Alcalá Zamora,40.4858656956612,-3.65197624233537,298967669,25.641602607177738,False
10761,Av. Suertes - Rafael Leon-Jose Gutierrez,40.3676514236769,-3.60039264705305,316751502,76.15110637558632,False
11092,Av.Ensanche de Vallecas - AccesoVia Servicio M45 N-S y Acceso Via Servicio M45 S-N,40.3671719762191,-3.60574735245963,312617346,36.159058618234404,False
3482,Av. Gran Vía del Este - Gran Vía del Este E-O,40.3840172168648,-3.62359578211349,382204208,46.698882166428476,False
5228,Gonzalez Davila - Luis I-Cno. Hormigueras,40.3766076897803,-3.63915544815751,303157824,8.639454781635926,False
5230,Felipe Alvarez - Manuel Pavia-Jesus del Pino,40.382036567659,-3.62349322543051,316772298,16.098233002664543,False
5644,San Jaime - Pl. San Jaime-Sierra de Guadalupe,40.3810386057045,-3.62498691613157,316775076,19.7639590147577,False
10156,Jesus del Pino - Puerto Idiazabal-Felipe Álvarez,40.3814240892495,-3.62363215071711,309889723,15.42945056243093,False
5200,Puerto de Pilas - Sierra Gredos-San Jaime,40.37915216259,-3.62731696028989,308616315,31.986357903943983,False
5209,Real de Arganda - Puerto Reinosa-Torcal,40.3794943060027,-3.61713934498115,13451270231,11.76527476641326,False
3772,Sierra Torcal - Monte Montjuich-Real Arganda,40.3796034754464,-3.61728721277521,13451270231,13.85803520239453,False
5210,Real de Arganda - Sierra Gor-Torcal,40.3794655294111,-3.61745777545299,13451270231,15.403639600904986,False
5211,Puentelarra - Puentelarra- Santa Eugenia,40.3844009333726,-3.60577816877606,309890496,23.445982629382005,False
5231,Av. Democracia - Ctra. Vicalvaro a Vallecas- A-3,40.3846481333825,-3.62452324626749,31030538,18.602721514264612,False
11093,Vía de servicio M-45 Acceso Av.Ensanche de Vallecas - M45 - Av. Ensanche de Vallecas,40.3658345173335,-3.60643256060289,312617293,94.6016741029727,False
11120,Av. Ensanche Vallecas - José Gutiérrez-M45,40.3660120224397,-3.6037535955625,876371580,29.886866840012843,False
11121,Ensanche Vallecas - José Gutiérrez-M45,40.3659197121737,-3.60383823078322,876371580,27.53782693205948,False
11119,Av. Ensanche de Vallecas - M-45-José Gutiérrez,40.3660844372211,-3.60473827070564,822567893,85.13867978233202,False
10200,PM40012,40.5025187501665,-3.65997977620135,1163945218,69.9763559171239,False
10201,PM40014,40.5024347267957,-3.65983158350046,1163945218,57.25790434473565,False
10199,PM40018,40.5025422492382,-3.66006902059553,1163945218,77.74785813738016,False
10204,PM40951,40.4003975401183,-3.64894561792435,1224507518,32.246790337388,False
10203,PM40952,40.4005484632075,-3.64880992698393,295764271,18.434360497005148,False
10207,PM41202,40.3770098963923,-3.68402859188926,2266164550,82.70309207319508,False
10208,PM41861,40.3943522597015,-3.77086329535638,6302155852,50.79607831561093,False
5489,General Perón O-E - Dulcinea-Fortunata y Jacinta,40.4525472133446,-3.69907397946441,10822977296,6.074685929250478,False
5501,Concha Espina O-E - PºCastellana-Pºde la Habana,40.4519194472706,-3.68809554560282,98989151,21.991054244747794,False
5504,Padre Damián N-S - Rafael Salgado-Concha Espina,40.4529799509504,-3.68659935758521,98984112,88.9753361539003,False
11079,Gral Perón O-E - Giro a Fortunata y Jacinta,40.4525661972433,-3.69890218841779,10822977296,19.75986222335922,False
5509,Lateral PºCastellana N-S - Juán Gris-San Germán,40.4574275266386,-3.6906063069406,102525667,16.645565746286934,False
5680,Juán Gris O-E - Poeta Joan Maragall-PºCastellana,40.4576220044206,-3.69129812422636,102525667,58.44963814427614,False
5485,General Perón O-E - Orense -Poeta Joan Maragall,40.4522065141407,-3.69376037551853,339391846,12.721324375556343,False
5486,General Perón E-O - Orense-Julián Besteiro,40.452417343322,-3.6953962220192,81602123,16.9741400774684,False
5487,General Perón E-O - Presidente Carmona-Aviador Zorita,40.4525851518981,-3.69748359974555,81472408,16.728245434973086,False
5515,Mateo Inurria O-E - Pl.Castilla-Gral.López Pozas,40.4664293380363,-3.68717219537168,7235194735,100.69147189552517,True
5537,Pº de la Habana S-N - Macarena-Apolonio Morales,40.4624126435836,-3.68026410786715,102224467,28.593545288821325,False
5538,Pº de la Habana S-N - Jerez-Menendez Pidal,40.4655928319858,-3.67940230438608,102224463,31.038201518945073,False
5539,Apolonio Morales O-E - Menendez Pidal-Pº de la Habana,40.4637387977479,-3.68058006818751,102283415,56.28904483593681,False
5542,Av.Pio XII  N-S - Jerez-Macarena,40.4633397763405,-3.67603299156974,102375910,59.16950599798125,False
5548,Principe de Vergara S-N - Pl.República Ecuador-Colombia,40.4559280081466,-3.67705815515712,1506821254,66.84592921298294,False
10410,Pº de la Habana 70 S-N - Crevillente e Infanta Mª Teresa,40.4537571546342,-3.68417165580506,98999477,28.931391040529288,False
5551,Av.Pio XII S-N - Alfonso XIII-Madre de Dios,40.4608392605092,-3.67643424916296,60671665,34.93873233514616,False
5552,Av.Pio XII S-N - Madre de Dios-Madreselva,40.4625549941955,-3.67611162879455,60671220,55.9921941545052,False
5553,Av.Pio XII S-N - Madreselva-Manuel  Montilla,40.4643033782737,-3.67574278604659,60671219,37.3140856261822,False
5573,Pº de la Habana S-N - Herreros de Tejada-Ramón de Santillán,40.4558042456249,-3.68163806418601,98999479,37.71009252283841,False
5574,Pº de la Habana S-N - Veracruz-Alberto Alcocer,40.4576916466257,-3.68155552672643,98999484,5.8637399775547205,False
5575,Alberto Alcocer E-O - Víctor Andrés Belaunde-Pº de la Habana,40.4586721046421,-3.680864337172,98963432,28.273743148027567,False
5567,Fray Bernardino Sahagún O-E - Manuel Benedito-Menendez Pidal,40.4609102797402,-3.68202476476413,102385604,1.97274513041024,False
5568,Pº de la Habana N-S - José Rdguez.Pinilla-Pl.Presidente Cárdenas,40.4614127991986,-3.68057889363558,102224468,45.03825569409592,False
5569,Pº de la Habana S-N - Ntra.Sra.de Luján-Honduras,40.4593558328813,-3.68142514191437,102387112,26.23501087588748,False
5570,Padre Damián S-N - Henri Dunant-Pl.Madre Molas,40.461607457385,-3.68524516546049,98973957,65.196328933744,False
5572,Pº de la Habana N-S - Veracruz-Romero Girón,40.4571933996534,-3.68120543965812,98999482,35.81766365125278,False
5706,Castilla O-E - Goiri-Bravo Murillo,40.4529013635205,-3.70391506324821,98724251,0.9255945062867049,False
5707,Juán Pantoja O-E - Topete-Bravo Murillo,40.4500540888455,-3.7043786750228,34408565,21.067173055923938,False
5708,Jaén E-O - San Antonio-Bravo Murillo,40.4504459468545,-3.70264287414288,81604772,62.75236945561443,False
5712,Raimundo Fdez.Villaverde O-E - Ponzano-Alonso Cano,40.4464745547606,-3.69781734184229,98948614,58.61684901108859,False
5732,Hernani E-O - Orense-Edgar Neville,40.4479570608029,-3.69573405487827,989205020,12.160091890248578,False
5734,Reina Mercedes E-O - Orense-Edgar Neville,40.4508523311389,-3.69538809680734,81466847,22.38790472029682,False
5735,Aviador Zorita N-S - Oviedo-Hernani,40.4488527888879,-3.69840743732064,82499215,1.3724038667748562,False
5769,Av.Juán Herrera O-E  - Paul Guinard -Gta.Cardenal Cisneros,40.4394139810323,-3.72800285578134,26579071,72.8618675087909,False
5771,Acc.Ingeniros Navales E-O -  Ing.Navales-Gta.Cardenal Cisneros,40.4397700943795,-3.72544409266657,1575177811,26.65170193051923,False
4472,San Francisco Sales O-E - Santander-Pablo Iglesias,40.4451599392495,-3.70854125791127,32604444,105.6348065649996,True
3471,Pº Ruperto Chapí E-O - Entrada Pte Franceses,40.4339843335761,-3.7317144855283,4317229097,37.99839460616667,False
4486,M-30 N-S - Entrada Pte Franceses por Cra del Pardo,40.4358857564428,-3.73574878038725,21716609,58.23696321538546,False
4487,Pte Castilla O-E - Entrada Pte Franceses por Cra Castilla,40.4343624481345,-3.73755324262736,51397933,72.89710312689195,False
4702,Pº.Imperial N-S - Pl.Fco.Morano-Gta.Pirámides,40.4019370074303,-3.71513404216574,26495464,72.8963286682558,False
3505,Toledo N-S - Juan Antonio Vallejo- Nájera Botas-Gta.Pirámides,40.4020228372361,-3.71393478177398,26495464,113.28493195194596,True
3515,Salida Calle 30 E-O - (By-Pass M-30 -Gta.Pirámides)a 280mts,40.3987352299953,-3.71132695499166,1674022638,44.46124018331161,False
3516,Salida Calle 30 E-O - (Tronco M-30 -Gta.Pirámides)a 280mts,40.3987304634554,-3.71145113952696,1674022638,49.29378480769352,False
4704,Salida calle30 E-O - Marqués de Vadillo-Gta.Pirámides a 280mts,40.3987344076922,-3.71151897930054,1674022638,52.04795918860063,False
4706,Pº Yeserias E-O - Melilla-Gta.Pirámides,40.4005439503353,-3.71285009594515,26514678,59.38171005396342,False
4140,Méndez Álvaro E-O  - (Convenio - M-30),40.3922796200109,-3.67417603957864,306044757,13.566480481082708,False
7072,O´Donnell E-S (giro a Dr. Esquerdo) - O´Donnell E-S (giro a Dr. Esquerdo),40.4214224748317,-3.6689632779117,13078835999,12.734808981278446,False
10852,(TACTICO)Esc. Ing. Navales - E-O  - (TACTICO)Esc. Ing. Navales - E-O,40.4397822078994,-3.72578187759575,1575177811,2.8394689037895806,False
5782,Dr. Teófilo Hernando N-S - Juán Montalvo - Reina Victoria,40.4461050935281,-3.71488201853214,581287837,37.267601241060696,False
4137,(TACTICO)Méndez Álvaro O-E(Giro a Retama) - Titán-M-30,40.3925277315136,-3.67691801671006,31008673,8.38019315122279,False
7083,(TACTICA)Méndez Álvaro E-O(Giro a Estrella Naos) - Sabal - Estrella Naos,40.3974460529121,-3.6823148054941,3408431937,18.76249998086237,False
4127,(TACTICA)Méndez Álvaro S-N - (Comercio-Bustamante),40.4003729146645,-3.6855744069352,31010509,14.901979997483291,False
7070,(FICTICIO) Dr.Esquerdo N-S - (FICTICIO)Jorge Juan - Duque de Sesto,40.4228107731466,-3.66891549801606,13078840507,11.164929898409497,False
4751,(AFOROS) V.CARPETANA Ø138 E-O (ATECA-N.S.VALVANERA),40.3937902115004,-3.73988224787372,21784365,12.691608571083963,False
3567,"N.S.VALVANERA, 114 S-N (A.PAVAS-V.CARPETANA)",40.3926678088172,-3.7403771910439,21784864,19.443138912437693,False
4752,"V.CARPETANA, 143 E-O (N.S.VALVANERA-LAGUNA)",40.3924672882741,-3.74161129478713,302684547,82.85430182819174,False
4755,(TACTICO) DUQUESA PARCENT Ø83 N-S(CUART POBLET-DUQUESA PARCENT),40.3955824504577,-3.74752211950993,302684822,20.311162706370194,False
4756,"(TACTICO) MOCHUELO,1 S-N(PEDRO MTNEZ-V.CARPETANA)",40.3962003043774,-3.73734803755121,302684505,21.5364491169926,False
10236,(TACTICO)VILLAMANIN Ø40 N-S (VILLAMANIN-VILLASANDINO),40.4057377487275,-3.75346273199658,6216162277,10.681374944185754,False
10237,(TACTICO) VILLAMANIN Ø42 S-N (A-5-VILLASANDINO),40.4054825780677,-3.75321475935908,255883315,15.91197603917472,False
4770,(TACTICO) VILLAMANIN Ø45 S-N GIRO IZDA (A-5-VILLASANDINO),40.4051000842129,-3.75300182574931,6216162273,24.37289357426435,False
4802,AV. CORDOBA Ø47 S-N(SOCUELLAMOS-TOMELLOSO),40.3810326230251,-3.69704122281607,565516600,104.0857399930456,True
4803,AV. CORDOBA Ø32 N-S(METRO ALMENDRALES-TOMELLOSO),40.383163145761,-3.69793682661196,2967025742,18.60798565530692,False
4850,VILLALONSO ANTES Ø5 O-E (REAL PINTO-SAN JENARO),40.3498194884985,-3.70568082004365,789379924,22.36970660226646,False
4852,"VILLALONSO, 41 O-E(JUAN PEÑALVER-HUERTA VILLAVERDE)",40.3494890650788,-3.70725287200066,306255865,20.37698791155844,False
4853,PSO. TALLERES Ø12 E-O(ARROYO BUENO-SAN JENARO),40.3475882426286,-3.70245811178793,3517277610,17.973985973883504,False
4854,SAN JENARO ENTRE Ø11 Y Ø12 S-N GIRO (OXIGENO-PSO. TALLERES),40.3471783183588,-3.70297470712027,248801690,39.96875157626843,False
4867,(TACTICO) ARANDIGA Nº 8 N-S (ARASCUES - AV. OSA MAYOR),40.4577340077876,-3.79042149995406,276698441,21.685027344808873,False
4868,(TACTICO) BATALLA GARELLANO Nº 27 S-N (SIRRACH - AV. OSA MAYOR),40.4551644000245,-3.79313089694384,292702537,15.418925699928009,False
3419,(TACTICO) VALLE PAS ANTES GR-6 O-E (ROSAS DE ARAVACA-CTRA. HUMERA),40.4496091415263,-3.77756506750291,256211145,3.090863000346666,False
4883,GOLONDRINA Ø22 S-N (ESCULTOR PERESEJO-BRÚJULA),40.4548309987026,-3.78538820476408,30833427,18.8401818354204,False
4885,AV. OSA MAYOR Ø73 O-E (CAROLI-PEREZ DE VICTORIA),40.459172324863,-3.78484229034968,264061665,17.2058582508615,False
5203,(TACTICO) BARDEGUERAL N-S (ANTES GR-8),40.4515679209171,-3.77195111952211,258358992,18.670754920192355,False
4861,(TACTICO) ANA TERESA Nº 2 O-E (ARJONA - P. ERMITA),40.4607069639395,-3.78026648931178,244956333,22.324089673380985,False
4859,(TACTICO) Pº ERMITA Nº 10 S-N (G. PARRA - ARAQUIL),40.4604377590971,-3.78015843746783,244956333,21.73331417603906,False
4884,ARROYO POZUELO Ø76 O-E (GTA. RIO ZANCARA-COVATILLAS),40.4524423085503,-3.77660356691295,25695779,76.02501846542864,False
11457,Av ALbufera giro Izqda - Tranvía Arganda-Calle G,40.383155398192,-3.63066221238156,13446121871,29.233929160934686,False
6636,AV. VICTORIA E-O (AURELIO DE LA TORRE - FEDERICO AGUSTI),40.4729064088589,-3.83108279602661,325203003,39.842350125951526,False
6637,AV. VICTORIA O-E ANTES PARADA 6257 EMT (T.M. MAJADAHONDA - AV. ESTACION),40.4750539359191,-3.83688562997397,266158339,57.81025815152163,False
6638,AV. VICTORIA E-O PROX. Nº 23 (MARTIN PESCADOR - DOMINGO GARRIDO),40.4685949167282,-3.81966093811826,1492746088,9.368084570733933,False
4878,CAMINO BARRIAL Nº 63 N-S (F. LAZARO CARRETER - ALMANZORA),40.4612725273983,-3.79152083109466,264503507,40.214187877038036,False
5219,OSA MAYOR Ø108 O-E (SEXTNATE-CINCO LAGUNAS),40.458426165281,-3.78885019914403,276695117,6.97483225301979,False
4872,CTRA. HUMERA Ø42 S-N (GTA. RIO ZANCARA-VIRGEN ROSALES),40.452845630354,-3.77926678623721,244956381,7.6122222791894565,False
4877,CTRA. HUMERA ARAVACA S-N (RIO NELA-ROSA LUXEMBURGO),40.4512637247136,-3.77903036114659,256435273,12.011688269348099,False
4862,(MICRO) PLEYADES Nº 19 N-S (ARDALES - ANA TERESA),40.4612404569824,-3.78403062401875,30914765,29.56347469573107,False
4863,(MICRO) PLEYADES Nº 13 S-N (ESTUDIO - ANA TERESA),40.460709579468,-3.78408361594923,30914765,29.74020391443836,False
5441,Pedro Rico O-E - Ginzo  Limia-Arzobispo Morcillo,40.48320108973,-3.70037847187655,25920340,83.40245903628255,False
5463,PºCastellana S-N - Panamá- Sor Angela de la Cruz,40.4572601892281,-3.69011314455979,102525667,54.847899469642954,False
5464,PºCastellana S-N - Fco.Gervás-Carlos Maurras,40.4609549447095,-3.68976110412642,101209921,59.40217394583537,False
5432,Ginzo de Limia N-S - Fermín Caballero-Av.Ilustración,40.4829339045266,-3.70575217147938,4633714092,36.11271451307366,False
5433,Arzobispo Morcillo S-N - Hospital-Av.Ilustración,40.4830005123106,-3.69882400454915,25920346,15.64890231083969,False
5438,(TACTICO) Salida Centro Cívico S-N - (TACTICO) Salida Centro Cívico S-N,40.4804565495998,-3.70887704157647,25920598,47.72203202507633,False
5439,(TACTICO) Santiago de Compostela  E-O - Fco. Llorens-Av.Betanzos,40.4807735660538,-3.71244799854109,25920600,29.91976847427939,False
5440,(TACTICO) Ramón Castroviejo O-E - Pto.Maspalomas-Av.Betanzos,40.4797560058083,-3.71331099905112,25920612,26.957087602149027,False
10972,ILLESCAS O-E(VALMOJADO-CAMARENA),40.3921679927399,-3.75665112851721,302687970,44.03847802078997,False
11073,TEMBLEQUE E-O (ILLESCAS-MAQUEDA),40.3919803880437,-3.76263196353928,50564909,68.66051538682565,False
11072,TEMBLEQUE O-E (PADRE PIQUER-MAQUEDA),40.3914504244521,-3.76428818992048,50564913,18.496297980977147,False
4912,LOS YEBENES Ø46 N-S(COLEGIO HERNAN CORTES-ILLESCAS),40.3904333037712,-3.75161676016172,21721589,117.57625192076436,True
11455,ILLESCAS O-E (CAMARENA - OCAÑA),40.3897875281375,-3.75244490097633,21721589,63.729593744033146,False
11456,OCAÑA S-N (NTRA. SRA. DE LA LUZ - ILLESCAS),40.3888267529728,-3.75203574987954,21721576,55.86850955938358,False
4914,"(TACTICO) VALMOJADO, 229 E-O",40.3897398575692,-3.75837219907248,50640456,17.641612507493345,False
4917,(TACTICO) VALMOJADO S-N(GIRO ILLESCAS OESTE),40.3922571060148,-3.75828135318165,21721554,18.177253106696188,False
10968,ILLESCAS E-O(CAMARENA-VALMOJADO),40.3922925618729,-3.75722661907362,1521546775,4.092580670913667,False
10994,CAMARENA N-S(VALMOJADO-OCAÑA),40.3853240368247,-3.75805522495499,49429558,40.35533176222008,False
7006,ANTONIA RGUEZ. SACRISTAN E-O(PARTIDA ANTONIO RGUEZ.-GUAYABA),40.3729177329564,-3.74655817236837,259652534,28.543336193969125,False
7005,ANTONIA RGUEZ. SACRISTAN GIRO E-O(PARTIDA ANTONIO RGUEZ.-GUAYABA),40.3728904527937,-3.74639848076803,316250305,18.698150814749273,False
3768,JOAQUIN TURINA O-E (GUITARRA - AV. CARABANCHEL ALTO),40.3730254330649,-3.75217322668982,1402255228,66.1638713220013,False
4910,"(TACTICO) OCAÑA, FRENTE Ø5 GIRO IZDA. (VALMOJADO-CAMARENA)",40.3849688339411,-3.7589951212892,21702221,14.93578356060435,False
4915,"(TACTICO) TEMBLEQUE, FRENTE Ø28  S-N(QUERO-ILLESCAS)",40.3926357354924,-3.76080057007762,50640311,19.276814193363883,False
4922,AV. POBLADOS O-E(CONSUELO GUZMAN-EUGENIA MONTIJO),40.3768806246576,-3.75293531795977,22530061,22.09241127949736,False
4941,AV.POBLADOS O-E(ILDEFONSO GLEZ. VALENCIA-CTRA. TOLEDO),40.3736000245306,-3.72153489017588,22567486,7.903665323589565,False
4942,LATERAL C.TOLEDO N-S(PL. ELIPTICA-AV. POBLADOS),40.374895452793,-3.7197953563877,1226184480,101.41366271460366,True
9878,BELZUNEGUI S-N (AV. POBLADOS-CARCASTILLO),40.3762379925441,-3.73910458970463,301832685,108.63154157349437,True
9985,SECOYA S-N (OBOLO-AV. POBLADOS),40.3722360487749,-3.74200221781094,316232479,70.78042904275209,False
10838,ENRIQUE ORO O-E (DOBLA - AV. EURO),40.3721341094011,-3.73931575516071,1356384412,74.3650041585248,False
10842,AV. EURO S-N (ENRIQUE ORO - AV. POBLADOS),40.3725357300025,-3.73845712025663,1356384412,37.69857737621708,False
6829,(MICRO) AV.POBLADOS E-O(GIRO SECOYA),40.3734451540862,-3.74214736221923,22551268,1.3080000040285815,False
4987,AV. POBLADOS O-E (DR. TOLOSA LATOUR - ORCASUR (1)),40.3710730344968,-3.70272830401514,275226171,38.83317708848326,False
4989,CRISTO VICTORIA O-E(RAFAELA YBARRA-SAN BASILIO),40.3789700514302,-3.70875992124315,305978624,77.80605357765883,False
3406,CRISTO VICTORIA E-O(ISABELITA USERA-SAN BASILIO),40.3791540672608,-3.70716148826303,1399790425,5.478797379393545,False
4971,AV. POBLADOS O-E (SALADO - EDUARDO BARREIROS),40.3708846316225,-3.69792359770742,27553045,18.818621509155264,False
3420,EDUARDO BARREIROS S-N (PINSAPO - AV ROSALES),40.3682581879896,-3.69631587858377,318946713,21.00733161039331,False
4972,AV. POBLADOS E-O (AV. ANDALUCIA - EDUARDO BARREIROS),40.3708595466158,-3.69507708419374,27553242,26.406832401024758,False
4975,AV. ROSALES O-E (EDUARDO BARREIROS - AV. ANDALUCIA),40.369073018175,-3.69526469802535,175432055,28.05450069918027,False
4976,EDUARDO BARREIROS N-S GIRO IZDA (AV. POBLADOS - AV. ROSALES),40.3703106716752,-3.69622207225106,316015142,11.393264268893686,False
10882,FERMIN CABALLERO E-O LADO SUR(FERMIN CABALLERO-ISLA DE AROSA),40.4810194212552,-3.71583135770471,25920642,19.883531456531028,False
4807,RAFAELA YBARRA S-N(VERJA-D.BARRANCO),40.3821054129063,-3.71123806592936,258548548,15.829604873904373,False
10610,"INMACULADA CONCEPCIÓN N-S, GIRO IZDA.(BALEARES-MANUEL NOYA)",40.3900366407529,-3.71197991820776,849977335,14.543547923302985,False
4780,(AFOROS)PTE. DE ANDALUCIA ENTRADA GTA. CADIZ  E-O,40.388743449924,-3.69872886326832,1821118136,37.29064671079634,False
4804,AV. ANDALUCIA ENTRE S. FERMIN Y GTA.MALAGA,40.3747551699549,-3.69472030154013,248796135,53.668316999936415,False
10848,(MICRO) VIA LUSITANA O-E (A 4 mts LINEA DETENCION),40.384780635019,-3.71826794346966,252796117,37.21200237729156,False
10849,(MICRO) ANTONIO LEYVA N-S (A 4 MTS LINEA DETENCION),40.3858188361418,-3.71736090674855,252796111,25.55352144170993,False
3573,(TACTICO) ARGUESO N-S,40.3858945460238,-3.72597574948856,301891184,16.45489343187785,False
5094,(TACTICO) GUADALETE E-O,40.3891438423689,-3.71605554864764,306034673,15.512386501480323,False
5098,(TACTICO) ALEJANDRO SANCHEZ O-E,40.3891316946118,-3.71646427805201,301999963,17.515821606412402,False
10358,HOSPITAL GÓMEZ ULLA (SALIDA),40.3880340264906,-3.74582190322521,302721629,59.06500647319745,False
5102,OCA O-E(GTA. EJERCITO-LAGUNA),40.3882239727065,-3.74311864288926,21776034,5.694445893032304,False
5105,OCA S-N (GRAL.RICARDOS-PL.ALMODOVAR),40.3893305209598,-3.73359563252542,1102750782,65.36028681224366,False
5133,AV.ABRANTES N-S(PL.VULCANO-BESOLLA),40.3763782915093,-3.73381274308077,301884511,12.17914937996532,False
5134,BESOLLA O-E(CALLE ANCIU-AV.ABRANTES),40.3763385940892,-3.73511500412115,1399790177,39.08456649127705,False
5135,AV.DE ABRANTES ENTRE CONDE Y FARO,40.3811757123002,-3.72760104996015,301999436,25.073164379592562,False
10502,VIA LUSITANA E-O Ø122 (CARRERO JUAN RAMON-PL. RENDICION BREDA),40.3767632144339,-3.73029427630304,301884535,65.5429793931672,False
5652,Orense N-S - San Germán-Pedro Teixeira,40.4558760345952,-3.69470473622782,81466854,55.147920510634506,False
10310,MARIA DE MAEZTU E-O(SENDA DEL INFANTE-TESESA CLARAMUNT),40.4923468977671,-3.72546484788968,1127671337,37.478858463760105,False
10309,SENDA DEL INFANTE N-S(MARIA DE MAEZTU-ARROYO DEL MONTE),40.4924876353393,-3.72454150079714,1127671267,18.329350696808486,False
10331,MARIA DE MAEZTU O-E(SENDA DEL INFANTE-MARIA CASARES),40.4931274115594,-3.72449785845998,1127671290,25.25459142166691,False
10311,MARIA DE MAEZTU O-E(TERESA CLARAMUNT-SENDA DEL INFANTE),40.4920895031997,-3.72564858131125,1127671072,14.64121465949691,False
10312,TERESA CLARAMUNT S-N(ARROYO DEL MONTE-MARIA DE MAEZTU),40.4914090324363,-3.72484586629527,1127671114,48.028504442804554,False
10318,SENDA DEL INFANTE N-S(GLORIA FUERTES-MARIA DE MAEZTU),40.4937019347578,-3.72641800554184,1127671247,22.94632405136037,False
10320,GLORIA FUERTES O-E(SENDA DEL INFANTE-MARIA CASARES),40.4943947532931,-3.72621998840129,12466682998,33.068745054921585,False
10406,MARIA MONTESSORI E-O(ARROYO DEL MONTE-MARIA DE MAEZTU),40.4887656388379,-3.72880195979323,1127671134,55.97177859179663,False
10536,GLORIA FUERTES O-E (IRENE CABA ALBA-MARIA MONTESORI),40.4904547394629,-3.73171683935537,1127671116,30.228548803207353,False
10534,GLORIA FUERTES O-E (IRENE CABA ALBA- IRENE CABA ALBA),40.4887176530112,-3.73360555063675,1127671192,80.31470943709695,False
10535,GLORIA FUERTES O-E (IRENE CABA ALBA- MARIA MONTESSORI),40.4896194605699,-3.73258763081053,1127671085,21.821597764203307,False
10533,IRENE CABA ALBA N-S(MARIA MAEZTU-ARROYO DEL MONTE),40.4873107701588,-3.73128823024168,1127671235,45.998863905930385,False
10531,MARIA MAEZTU O-E(IRENE CABA ALBA-MARIA GOYRI),40.4880123599829,-3.73121725074985,1127671128,25.04342700310359,False
5711,Raimundo Fdez.Villaverde O-E - Alenza-Ponzano,40.4466050460817,-3.70017185500892,338727830,11.003869991907699,False
10233,(TACTICO) DR. GUIU S-N (PABLO GARGALLO- HERRERA ORIA),40.4770015709279,-3.73628151738349,25693393,17.430365919128665,False
6559,MAURICIO LEGENDRE S-N (C/ VIEJAS - AV. LLANO CASTELLANO),40.4842146311874,-3.6827542961294,2587373611,85.18329334650686,False
6560,AV. LLANO CASTELLANO O-E (MARCOS ORUETA - MAURICIO LEGENDRE),40.4844594817309,-3.68411506822526,31462817,12.670946958214154,False
6562,AV. LLANO CASTELLANO N-S (MANUEL TOVAR - ISLA JAVA),40.4901155575434,-3.68581563818462,2421410415,7.198858969288659,False
6563,NTRA. SRA. VALVERDE S-N (ISLA DE JAVA - ISLA GRACIOSA),40.4914539813753,-3.68634361891009,4600518415,25.19416202161917,False
6566,GLORIETA FUENTE LA CARRA (GIRO E-O AFUERAS VALVERDE),40.4988666385145,-3.68633493201887,76475096,10.700129794911467,False
6569,AV. LLANO CASTELLANO N-S (MANUEL TOVAR - MAURIO LEGENDRE),40.4863305116938,-3.68444162001105,3894944071,61.08317742664589,False
3788,NTRA. SRA. VALVERDE 150 S-N (AFUERAS A VALVERDE - ANTONIO CABEZON),40.5016507093894,-3.685698542579,76475093,107.05241022751845,True
6570,CARDENAL HERRERA ORIA E-O(NTRA. SRA. VALVERDE-SANCHONUÑO),40.4911709041585,-3.68885398425429,79298871,59.67105068538728,False
6571,AV. CARDENAL HERRERA ORIA O-E (SALCEDO - ORDUÑA),40.49111843032,-3.69104059623847,77932117,53.403678199762325,False
3789,AV. MONTECARMELO S-N(TRES OLIVOS-MONASTERIO SUSO Y YUSO),40.5022921033064,-3.69722133164161,355539623,7.373501632326085,False
11470,AV. MONTECARMELO S-N(TRES OLIVOS-MONASTERIO SUSO Y YUSO),40.5022921033064,-3.69722133164161,355539623,7.373501632326085,False
6964,ACCESO M-607 N-S (VIA DE SERVICIO - AV. MONTECARMELO),40.5022697146505,-3.69704114054136,355539590,13.325656896975087,False
9861,AV. MONTECARMELO S-N (MONASTERIO SUSO Y YUSO - MONASTERIO SILOS),40.50313827161,-3.69770344708045,264979496,49.42130480887095,False
9858,AV. MONASTERIO SILOS O-E (MONASTERIO EL PAULAR - AV. MONTECARMELO),40.5033431986277,-3.69963171379814,272435031,74.0607869742193,False
10376,MONASTERIO BATUECAS N-S(MONASTERIO DE GUADALUPE-AV. SANTUARIO VALVERDE),40.5059881733618,-3.70451076351434,264980559,54.79684194142815,False
10363,MONASTERIO DE SILOS O-E (MONTESCLAROS - PAULAR),40.5032739219033,-3.7014065648893,272435031,76.7704624353519,False
10364,MONASTERIO DE EL PAULAR N-S (ESCORIAL - SILOS),40.5037351826463,-3.70055593877772,272435033,47.62788699643485,False
10367,MONASTERIO SUSO Y YUSO E-O (MONASTERIO BATUECAS - MONASTERIO MONTESCLAROS),40.502314110808,-3.7037989294965,1828866446,39.681885884240586,False
10368,MONASTERIO SUSO Y YUSO O-E (MONASTERIO MONTESCLAROS - MONASTERIO BATUECAS),40.5022784022617,-3.70368970057757,1828866446,30.150482394642363,False
10370,MONASTERIO SUSO Y YUSO E-O (MONASTERIO BATUECAS - MONASTERIO HUELGAS),40.5024127137042,-3.70566918386617,264980177,72.1230941979653,False
10374,MONASTERIO MONTESCLAROS N-S (MONASTERIO SILOS - MONASTERIO SUSO Y YUSO),40.5027582283093,-3.70273264177844,319210062,57.26917854170289,False
10375,MONASTERIO MONTESCLAROS S-N ( MONASTERIO SUSO Y YUSO - MONASTERIO SILOS),40.5028495679922,-3.70268132470336,319210064,52.153649163612,False
10372,MONASTERIO SUSO Y YUSO E-O (MONASTERIO PAULAR - MONASTERIO MONTESCLAROS),40.5022138604198,-3.70192892941475,2570786188,9.35357685669384,False
11355,CCTV - SANTUARIO DE VALVERDE ENTRE (MONASTERIO DE OSEIRA Y MONASTERIO DE POYO),40.5082287588187,-3.69636530015439,307155305,32.27982320117471,False
11354,CCTV - AV. SANTUARIO VALVERDE ENTRE (MONASTERIO DE POYO Y MONSTERIO SOBRADO),40.5093468841046,-3.69541940609127,267570374,30.083117298958253,False
11353,CCTV - MONASTERIO DE POYO ENTRE (MONASTERIO DEL ESCORIAL Y SANTUARIO VALVERDE),40.5088873025543,-3.69516026966584,267570374,48.01287293690539,False
11358,MONASTERIO DE SILOS ENTRE MONASTERIO DE LIEBANA Y MONASTERIO DE POYO,40.5076108772653,-3.69370210262513,282672160,56.09992848718851,False
3848,(AFOROS) Genova 13 E-O - Zurbano-Campoamor,40.426924977219,-3.69418654145027,25906137,35.429380632597464,False
3849,Hortaleza75 S-N(Travesia San Mateo-FernandoVI),40.4269068461802,-3.69652442101741,12925704315,45.24513719377433,False
3842,Pº Recoletos N-S - Almirante-Prim,40.4220663878096,-3.69174587796909,25903334,22.526949351707568,False
3844,(AFOROS) Pº Castellana S-N - Eduardo Dato - Pl.Emilio Castelar,40.4337579599321,-3.68846384925114,25902431,59.612593936058815,False
3845,Pº Recoletos S-N - Villanueva-Jorge Juan,40.4235122547331,-3.69099128548591,25901925,43.111449615247054,False
6591,SAN JUAN DE ORTEGA O-E (SIERRA DE ATAPUERCA - SAUCEDA),40.5010675628579,-3.67040553820861,259587927,27.256663300951494,False
10189,FORESTA E-O(QUINTANAPALLA-QUINTANAVIDES),40.4984255331738,-3.66800196542955,4711987909,59.488351661848434,False
10190,QUINTANAVIDES S-N(A-1-FORESTA),40.4972962117682,-3.66780705315376,4711987910,111.41463459038512,True
10191,FORESTA O-E(PTO. SOMPORT-QUINTANAVIDES),40.497610267148,-3.66939268128444,4711987911,63.99494607169937,False
10215,CASTIELLO JACA N-S(ISABEL COLBRAND-FROMISTA),40.509581552317,-3.67858546137161,255961324,47.99005729496317,False
10214,FROMISTA E-O(MOLINASECA-CASTIELLO JACA),40.5090478780135,-3.67749521670609,256523058,71.40820357860196,False
10213,STO. DOMINGO CALZADA E-O(CAPISCOL-CASTIELLO JACA),40.508466402372,-3.67662537985644,310357074,47.64721148576481,False
10591,(CARRIL BUS) AV. CAMINO DE SANTIAGO S-N (VILORIA DE LA RIOJA - SANTO DOMINGO DE LA CALZADA),40.507441917918,-3.67106866613372,255265789,42.899595185740935,False
11342,VIA DE SERVICIO AVD. BURGOS - CRTA. FUENCARRAL,40.4886046954266,-3.67337980089976,255626372,14.03091811807004,False
11343,CRTA. FUENCARRAL SALIDA AVDA. BURGOS,40.4885164852515,-3.67351386034227,255626372,8.906290814567784,False
6586,(TACTICO)CASTIELLO JACA S-N(GIRO A PTE. REINA),40.5018473936261,-3.67570780450981,255962281,20.243051861835816,False
3881,SIRIO S-N(M-30 -ESTRELLA POLAR),40.41033065808,-3.66409515870888,319927844,20.500090828753468,False
10086,TIERRA DE MELIDE O-E (PADORNELO-SIERRA DE ATAPUERCA),40.5078082725456,-3.66556633363824,262659699,41.46609550660505,False
6594,SANTO DOMINGO DE LA CALZADA E-O(SAUCEDA-VALCARLOS),40.503949879061,-3.66403713985048,255627455,91.44479169102618,False
10693,(CARRIL BUS) AV. CAMINO DE SANTIAGO N-S (TIERRA DE MELIDE - PALAS DE REY),40.509480525368,-3.66905575336027,265666383,30.763843052681494,False
10359,(MICRO)ACCESO M-40 O-E(PROX. GR-14),40.5118289815665,-3.66693609819684,257715018,19.306173942539527,False
3892,Av. Ciudad Barcelona O-E - Antonio Nebrija-Comercio,40.4046406617078,-3.68197660548277,30922076,15.397006649030615,False
3893,Av. Menendez Pelayo N-S - Granada-Av. Ciudad Barcelona),40.4051137262048,-3.68041242054745,29563984,15.635615330826933,False
5189,AV.MANZANARES N-S PTE.SEGOVIA M-30,40.411324562782,-3.72316773553954,315522686,12.409144630979407,False
5191,AV.MANZANARES N-S ENTRADA TÚNEL,40.4107054316667,-3.7228385259624,1095069508,8.178303719904415,False
5192,SAN AMBROSIO O-E (Pº ERMITA DEL SANTO-ENTRADA TÚNEL),40.4045536869726,-3.72448999076727,21777838,19.25088603375025,False
5193,IVAN VARGAS E-O (CALLE),40.402708474734,-3.72405714599755,386236187,25.603214892514057,False
5194,IVAN VARGAS E-O (TÚNEL),40.4027541011528,-3.72406600238688,386236187,26.317063090152487,False
5195,PTE SAN ISIDRO E-O(PSO. MELANCOLICOS-PSO. ERMITA DEL SANTO),40.4037037681748,-3.72366544968949,21777564,81.45121696434346,False
5196,"PSO. ERMITA DEL SANTO, 70 S-N(PTE. SAN ISIDRO-SAN AMBROSIO)",40.4039279135808,-3.72466888441525,21777877,27.619644720662187,False
5197,"PSO. ERMITA DEL SANTO, 68 N-S(CARRIL IZQUIERDO)(VIA CARPETANA-SAN AMBROSIO)",40.4049971773569,-3.72477821477149,21777811,37.26035485873321,False
10283,"PSO. ERMITA DEL SANTO, 68 N-S(CARRIL DERECHO)(VIA CARPETANA-SAN AMBROSIO)",40.4049308704593,-3.72483346995639,21777811,30.301595729503042,False
5187,(TACTICO)VIA CARPETANA GIRO N-E(CARAMUEL-ERMITA DEL SANTO),40.3995228563408,-3.73365305519404,565691093,14.787739448040591,False
5263,JACOBEO O-E (UDAD. ALCALA HENARES-PINAR SAN JOSE),40.3653258590318,-3.76090944848321,356245951,41.353084788520164,False
5265,PINAR SAN JOSE S-N(PARQUE GARAJONAI-JACOBEO),40.3645078369123,-3.76108199425922,316448972,11.686900504598736,False
10598,(CARRIL BUS) VIA LUSITANA S-N(AV. PESETA-THALER),40.3664557510848,-3.74183195770912,371267242,111.48527600680883,True
10600,(CARRIL BUS) VIA LUSITANA N-S(HALCONERO REY-AGUACATE),40.3686736993072,-3.74013418891865,371267237,106.21368325448823,True
10599,(CARRIL BUS) THALER E-O(CALDERILLA-VIA LUSITANA),40.3670118557897,-3.74006101760754,921690984,17.19755157346491,False
5269,CTRA AL Bº FORTUNA E-O (SENTIDO M-40),40.3649861775499,-3.77663559980368,1836757342,99.06530676357544,False
5271,CTRA AL Bº FORTUNA O-E (SENTIDO AV. PESETA),40.3636146543465,-3.77820594013731,306400736,103.19954629087172,True
10597,(CARRIL BUS) REAL E-O(CALDERILLA-VIA LUSITANA),40.3635077285617,-3.74257043461117,2689755148,4.530041878653133,False
10596,(CARRIL BUS) AV. PESETA E-O (TRENTIN - LUIS ORO),40.3635769349693,-3.74502020377563,316618150,33.81411274924229,False
10588,(CARRIL BUS) AV. PESETA O-E(CORONA-DINERO),40.3620277507438,-3.75077570834474,316617181,75.44739376726753,False
9942,AV. PESETA E-O(MARAVEDI-DINERO),40.3626431773233,-3.74907098195595,316618083,36.57110779703055,False
9901,AV. PESETA O-E(CORONA-DINERO),40.3620726610234,-3.7507936473093,309892285,73.74821261656159,False
10590,(CARRIL BUS) AV. PESETA O-E (MUTUAL - LUIS ORO),40.3629178144639,-3.74667036073599,316617944,47.1550763531212,False
11211,(TACTICO)DINERO N-S (DOBLER-AV. PESETA),40.3625956845721,-3.75005856049677,309892283,15.857705509780422,False
5277,ENTRADA A CRUCE DESDE TUNEL CALLE 30N-S (A 100 M LINEA PARADA),40.398777282471,-3.71686140554405,281814132,57.71704137580038,False
5279,CALLE 30 N-S (ENTRADA A CRUCE A 110 M LINEA DE PARADA),40.398847101566,-3.71667418669006,281814132,61.40677868172279,False
5280,GRAL RICARDOS S-N (MANUEL CARMONA - PSO. QUINCE DE MAYO),40.3966300078396,-3.71784353431492,306156712,12.068152538795198,False
5282,ANTONIO LEYVA S-N (JACINTO VERDAGUER -M.VADILLO),40.3962789819833,-3.71515632667139,305976605,25.004238878097283,False
5283,SALLABERRY S-N (JACINTO VERDAGUER-GRAL RICARDOS),40.394711034992,-3.72058578793099,3508434605,8.240815722754409,False
5294,SAN DELFIN N-S (AVDA. DEL MANZANARES-ANTONIO LOPEZ),40.3943693039316,-3.7081103808151,306039488,21.699426474427085,False
5295,MARQUES JURA REAL N-S (PEDRO YAGUE-GRAL. SERRANO),40.3931864010448,-3.70852680433924,306156567,16.708895385069948,False
4779,ANTONIO LOPEZN-S(SAN ZACARIAS-SAN ARMENGOL),40.389555603844,-3.70111961212201,2529745660,8.205055526058977,False
4796,DR. TOLOSA LATOUR O-E(GIRO INTERNO)),40.380067614675,-3.6961637278989,565516600,27.601202543994,False
4797,SOCUELLAMOS O-E(AV.CORDOBA-ANTONIO LOPEZ),40.3807980547975,-3.69615775202604,1898455248,39.85424253452732,False
3556,CNO. PERALES E-O(PETROLEO-ANTONIO LOPEZ),40.3811111698281,-3.69498114772506,315887713,28.445811973643206,False
4798,ANTONIO LOPEZ N-S(MARCELO MUÑOZ DIAZ-SOCUELLAMOS),40.381730469682,-3.69568667022205,27554661,7.744792051032724,False
10261,ANTONIO LOPEZ S-N (MATILDE GATO - EUGENIO CAXES),40.3911092921722,-3.70276422687701,306033138,55.25724637583105,False
4799,ANTONIO LOPEZ N-S(SAN ARMENGOL-GTA. CADIZ),40.3888593605009,-3.70034153553306,306029934,21.43274895349906,False
4788,ANTONIO LOPEZ S-N(SAN ARMENGOL-SAN ZACARIAS),40.3891238486125,-3.70045988605099,306029934,10.198913321680644,False
10794,SINFONIA E-O (FLAUTAS-DANZA),40.3731621650385,-3.77266392045273,747482604,72.20913140349464,False
5319,AV. AVIACION E-O(NAVALMORAL DE LA MATA-MIRABEL),40.3754687647914,-3.7802372471314,316420748,13.168838928519165,False
5320,MIRABEL N-S(MONROY-AV. AVIACION),40.3761270107378,-3.78135734992608,8804691741,17.40852494678038,False
5323,MONROY N-S(AV. LAS AGUILAS-AV. AVIACION),40.377634664072,-3.78341214809041,1056631997,5.401696946427357,False
5324,AV. AVIACION O-E(VALLE INCLAN-RAFAEL FINAT),40.3745499591836,-3.77498723629341,308887215,27.83081748523675,False
5325,AV. AVIACION  E-O(MIRABEL-MONROY),40.3765721034528,-3.78277240219949,5503805666,85.26138877997383,False
5327,JOAQUIN TURINA E-O (MADRE CELESTE-CAMINO LAS CRUCES),40.3719452641619,-3.75709600449648,13323845959,25.724625101564815,False
3749,JOAQUIN TURINA O-E(JUAN XXIII-CAMINO LASCRUCES),40.3720980380821,-3.75868420889933,306162993,50.944432921028145,False
5334,GRAL. MILLAN ASTRAY E-O(FUERTE DE NAVIDAD-RAFAEL FINAT),40.3801367179356,-3.7677408242424,308303932,18.40530473745173,False
3636,(AFORO)AV. LAS AGUILAS O-E(GUAREÑA-AV. POBLADOS),40.3844209671977,-3.76367071769149,26085764,13.458765994355716,False
5157,GUAREÑA N-S(LUIS CHAMIZO-AV. LAS AGUILAS),40.3850664469098,-3.76488022166681,26085740,50.10310274020387,False
5158,AV. LAS AGUILAS O-E(BLANCO SOLER-RAFAEL FINAT),40.3840113947766,-3.76637268703426,306498939,39.93424086017454,False
5159,RAFAEL FINAT O-E(FUERTE NAVIDAD-VIDAUBA),40.3831675695496,-3.76568848852035,26085712,76.40090782532255,False
5355,AV. ROSALES S-N (CTRA VILLAVERDE-M-40),40.3606973405139,-3.68293297550693,63688539,9.038442046541254,False
7107,SALIDA DE M-40 (NORTE),40.3622929059894,-3.68544023433168,344189998,58.20654503601974,False
9936,PERIANA N-S (RUTILO-AV. ROSALES),40.3657825812361,-3.6874274848779,26080595,17.686401967031173,False
9944,AV. ROSALES N-S (SILVINA-SILVINA),40.3662334358328,-3.68910244871059,26080596,94.02505155744375,False
9987,(TACTICO) AV. ROSALES S-N (GIRO A AMERICIO),40.3570508441277,-3.68118821604556,4897390194,7.38558749638427,False
9990,(TACTICO) AMERICIO O-E (AV. ROSALES - EUSKALDUNA),40.3569732645753,-3.6815521286166,3159536235,12.916370191097498,False
10868,(TACTICO) SALIDA M-40 NORTE (GR-8 IZQ.),40.3615137878711,-3.68408365916991,318261915,7.2352418388973545,False
11443,AV. ROSALES N-S(MEDIA LUNA GIRO A M-40-->A3),40.3618519347708,-3.68439738460342,318261914,34.474903692808645,False
5386,LAGUNA MARQUESADO E-O(LAGUNA CAMEROS-AV. REAL PINTO),40.3337136767371,-3.71157981494242,338676400,3.792210406228868,False
5387,SAN EZEQUIEL O-E(CIUDAD FRIAS-AV. REAL PINTO),40.3335688299125,-3.71353945370435,595769236,40.935917568279116,False
10932,AV. REAL PINTO Ø59 S-N(RESINA - SAN CESAREO),40.3375522765926,-3.710183211883,306171875,77.73046582377329,False
3484,AV. REAL PINTO N-S(RESINA-SAN EZEQUIEL),40.3346825333865,-3.71233184035068,1363996399,108.5589784079523,True
5392,SAN ERASMO S-N(SAN CESARIO-SAN NORBERTO),40.3388928736334,-3.70657290671911,2914317902,37.50952570179227,False
5393,SAN NORBERTO O-E(AV. REAL PINTO-SAN ERASMO),40.3397567218213,-3.70719156155124,248804542,14.994475282173987,False
3702,(AFOROS)Pº EXTREMADURA E-O(PTA ANGEL-FRUELA),40.4133507451771,-3.72946717983503,423497502,39.59738879038008,False
5006,(AFOROS)Pº EXTREMADURA O-E(STA. URSULA-JAIME VERA),40.4129206041445,-3.73039349482847,423497486,3.743154236330329,False
7009,STA. URSULA S-N,40.4127498510845,-3.73044005456447,423497486,16.97045811562467,False
5019,STA. URSULA S-N (DOÑA URRACA-ANTONIO ZAMORA),40.4122520200543,-3.73051611869051,305396726,21.467122024064185,False
5021,Pº EXTREMADURA E-O(FRUELA-GUADARRAMA),40.4128334362848,-3.73084259884059,305399713,24.209101177914363,False
5007,Pº EXTREMADURA E-O(GUADARRAMA-STA. URSULA),40.4124671906851,-3.73162918481987,8002979910,21.242814258172594,False
10965,CARAMUEL N-S(CONCEJAL FCO. JOSE JIMENEZ MARTIN-VIA CARPETANA),40.4030388122079,-3.72980082038476,255522041,61.17457542956606,False
10966,VIA CARPETANA E-O (ERMITA DEL SANTO-CARAMUEL),40.4027895594973,-3.72885469846144,21778217,5.642604235883005,False
10967,VIA CARPETANA O-E (ERMITA DEL SANTO-CARAMUEL),40.4016500676946,-3.73055447701128,21778816,19.648621859652735,False
10988,PSO. EXTREMADURA E-O(ALFONSO CEA-FCO. BRIZUELA),40.4100898625243,-3.73822502954388,305399730,1.183450684400832,False
10803,(MICRO)PSO. EXTREMADURA E-O(GIRO A GUADARRAMA),40.4124060403709,-3.73190515041881,423497504,4.847036645746999,False
3553,(TACTICO) JAIME TERCERO O-E,40.4083945114755,-3.72974818180793,364860563,8.769544635776615,False
5030,(TACTICO) PABLO SARASATE O-E,40.4061450042293,-3.73037731104338,265978738,21.031852585682447,False
5183,(TACTICO)PSO. JESUITAS N-S(NAVAS REY-P.OLIVOS),40.4058900836352,-3.73565035845042,3380588866,22.14549245143683,False
11444,Pº EXTREMADURA E-O(Pº ERMITA-CARAMUEL)(CARRIL ABIERTO),40.4138733344429,-3.7269223934017,255520692,21.370984990238114,False
11446,Pº EXTREMADURA O-E(PTA. ANGEL-CARAMUEL)(CARRIL CERRADO),40.4136585778349,-3.72789383461418,423497494,14.548047066227713,False
11448,PSO. EXTREMADURA O-E(CARAMUEL-LAIN CALVO)(CARRIL ABIERTO),40.4138914631885,-3.72666352407389,255520692,42.90627184043515,False
5107,PINZON N-S,40.3892775162802,-3.74010857481563,21776015,48.3987939818085,False
5125,(TACTICO)EDUARDO MORALES S-N(AMISTAD-OCA),40.3894819418306,-3.7374408454985,301884962,13.067195846873748,False
5131,(TACTICO)ESPINAR N-S(JUAN ALONSO-N.S.FATIMA),40.3861820082528,-3.74440421450903,21759754,13.427996025766634,False
9847,(TACTICO) EULALIA GIL S-N,40.3864140128037,-3.74189584122177,260122995,14.049790841910292,False
10573,PTA. DEL ANGEL N-S Ø4 (SALIDA CASA DE CAMPO,40.4150008825415,-3.73042493644531,265977809,19.828666590393,False
10572,AV. PORTUGAL E-O (SAAVEDRA FAJARDO-PTA. DEL ANGEL),40.4148715430301,-3.72899453502604,305399715,66.29499739630741,False
5176,CTRA. CARABANCHEL ARAVACA O-E(VILLAVICIOSA-SEBASTIAN ALVARO),40.3949993888015,-3.77302038891824,21696588,14.291967853073155,False
3859,IBIZA O-E(NARVAEZ-DR. ESQUERDO),40.4179138650649,-3.6705342712968,26784087,78.7660920576207,False
3860,(AFOROS) DR. ESQUERDO S-N(ALCALDE SAINZ BARANDA-IBIZA),40.4170704260727,-3.66924656953465,26784035,47.347393238274535,False
3562,(AFOROS) Pº Castellana N-S - Eduardo Dato-Marques de Riscal,40.4325205220297,-3.68859456595845,25902233,46.034491712774035,False
7030,(MICRO) Pl. Colón (Delante G. 7) - (MICRO) Pl. Colón (Delante G. 7),40.4247407578891,-3.69066453201281,7549719194,13.052838520856026,False
3856,DR. ESQUERDO N-S(O DONNELL-IBIZA),40.4194437232749,-3.6692020015623,26784047,57.404228600742975,False
3857,DR. ESQUERDO S-N(ALCALDE SAINZ BARANDA-IBIZA)(GIRO A IBIZA),40.4173331051112,-3.66931017509376,1447450924,43.533064925546235,False
3858,(AFOROS) DR. ESQUERDO N-S (IBIZA-ALCALDE SAINZ BARANDA),40.4175079725655,-3.66935676155287,1447450924,27.057819256370454,False
3870,AV. MEDITERRANEO E-O(PASO INFERIOR),40.4065811540916,-3.66796677493739,30924688,34.08976790660478,False
3895,(AFOROS) Av. Ciudad Barcelona E-O - El Cafeto-Seco,40.399884307485,-3.67235624440697,258068332,33.670182066236315,False
3909,"Concha Espina, 57 O-E - Serrano-Rodriguez Marin",40.4516187766054,-3.68012872841603,706690026,80.52835335217065,False
5581,Alberto Alcocer O-E - Pº de la Habana-Víctor Andrés Belaunde,40.4585299638283,-3.68149107749641,98963433,38.78794329171664,False
3941,Serrano N-S - Pedro Valdivia-Maria Molina,40.4390922726163,-3.68617693112578,29739489,4.695818669237512,False
6980,Alberto Alcocer E-O - Bolivia-Víctor Andrés Belaunde,40.4587642472944,-3.67815962437393,320706109,32.76183547341725,False
10076,Ramón y Cajal E-O - Pardo Bazán-Pl.Virgen Guadalupana,40.4519041664411,-3.67264777600102,102186298,27.13689154842228,False
10079,Marcenado S-N - San Ernesto -Pl.Virgen Guadalupana,40.4507110933164,-3.67439817367309,3632136760,77.02388225621098,False
3931,"Serrano, 113 N-S - Pablo Aranda -Pedro Valdivia",40.4410640050672,-3.68601911773137,142302070,25.68136450693031,False
3933,"Lopez de Hoyos, 21 E-O - Velazquez-Maria Molina",40.438552840528,-3.6841240526336,1474148381,24.64371344468811,False
3937,Serrano N-S - General Oraa-Diego de Leon,40.4361929219924,-3.68645202073543,29739493,13.01128840202085,False
3938,Serrano N-S - Maldonado-Juan Bravo,40.4339138906733,-3.68664664779262,143505038,14.307806871138995,False
3939,Serrano N-S - Villanueva-Pl. Independencia,40.4220584628914,-3.68844000796663,25901919,14.846964142914194,False
3940,"Goya, 9 E-O - Serrano-Pº Castellana",40.4255186306253,-3.68840397772139,25552447,47.84771033117572,False
3943,Hermanos Becquer S-N - Serrano-General Oraa,40.4360185854771,-3.68717519550758,2679640393,13.357007773690498,False
3497,"Lopez Hoyos, 28 S-N - Lagasca-Velazquez",40.4387703804173,-3.68353246040986,2688019428,25.70726819397615,False
3434,Velazquez S-N - Maria Molina-Lopez Hoyos,40.4380443527976,-3.68301834783908,29739621,37.19731726409422,False
3962,Juan Bravo E-O - Nuñez de Balboa-Velazquez,40.4328599026597,-3.68238039515811,1377881477,20.14808867858467,False
3951,Joaquin Costa 55 E-O - Gta. Lopez de Hoyos - Velazquez,40.4416266406556,-3.68172507672509,9062259170,36.298834618712135,False
10607,Velázquez N-S - Oquendo -López de Hoyos,40.4401993418561,-3.68293011037309,8537288346,31.75130200663368,False
9895,Joaquin Costa E-O - Velazquez-República Argentina,40.4429537897732,-3.68311689074273,142256711,35.84333575296893,False
3992,Francisco Silvela N-S - Maria Molina-Diego de Leon,40.4360970842202,-3.67613141518301,143496852,37.81994376935113,False
3993,Francisco Silvela S-N - Jose Ortega y Gasset-Av. Toreros,40.4312621843278,-3.67136798787621,2533411724,28.39603661779959,False
3994,"Conde Peñalver, 14 S-N - Hermosilla-Ayala",40.426269904565,-3.67558007519407,28097223,38.39188635555441,False
4015,"Goya, 34 O-E - Castello-Principe de Vergara",40.4250324131808,-3.68128480553524,25552418,19.697209391211622,False
5082,Goya E-O - General Pardiñas-Principe de Vergara,40.4249511794721,-3.6787897825683,25552414,10.835523845265623,False
4016,Jose Ortega y Gasset O-E - Nuñez de Balboa-Castello,40.4302296835557,-3.68231407300362,28096621,3.3463586460292896,False
4006,(AFOROS)Jose Ortega y Gasset 45 O-E - Ppe. Vergara-Gral. Diaz Polier,40.4299879286291,-3.67776725372973,29480652,37.729254454809315,False
5081,"Principe de Vergara, 85 N-S - General Oraa-Diego de Leon",40.4358044885274,-3.67932676181205,143500439,15.36940433628931,False
4008,"Principe Vergara, 71 N-S - Diego de Leon-Maldonado",40.4345930274812,-3.679427168985,29802999,17.96134271326185,False
4009,"Principe Vergara, 54 S-N - Padilla-Juan Bravo",40.4315645602636,-3.67957234179752,1505106009,22.043978927996605,False
4013,"Diego de Leon, 51 E-O - General Pardiñas-Ppe. Vergara",40.4346911863663,-3.67799010576958,143495443,12.947142170372917,False
10099,Principe Vergara N-S(Giro a Maldonado) - Diego León-Maldonado,40.4338781667933,-3.67945653470357,29802998,21.541869883066855,False
10100,(MICRO)Principe Vergara S-N - Marqués Salamanca-Padilla,40.4312448391698,-3.67961782933052,1505106009,13.891017646990678,False
7109,Alcala E-O - Raquel Meller- M-30,40.4315944927745,-3.65943479236331,25531140,22.824665016918466,False
3616,Fco. Silvela S-N - Jose Ortega y Gasset-Pl. Manuel Becerra,40.429636980672,-3.66994209568733,546982342,16.8400252082824,False
4036,"Alcala, 213 O-N - Rufino Blanco-Bocangel",40.429454666579,-3.66586449049662,150541906,74.47517123609572,False
4037,"Julio Camba, 5 N-S - Av. Toreros-Alcala",40.4312012326321,-3.66416148328356,60013472,7.440818385615694,False
7038,Alcala E-O(Frente Pl. Toros) - Brasilia-Julio Camba,40.4311087229303,-3.66266987095232,25531145,23.8551932854619,False
4054,"(AFOROS) Av. Menendez Pelayo, 10 S-N - Dr. Castelo-O´Donnell",40.420729877357,-3.67959682021024,1957490897,19.918717033943437,False
4412,"Francisco de Rojas, 5 N-S - Luchana-Sagasta",40.4292202030991,-3.69963614685441,25934540,24.237324781747958,False
9977,Cea Bermudez O-E,40.4388820530363,-3.71081378562671,26025844,25.798158097153017,False
4058,"Ibiza, 14 O-E - Menendez Pelayo-Narvaez",40.418210046439,-3.67677446881645,21627176,44.26446704498172,False
4427,Gral. Martinez Campos E-O(Fdez.de la Hoz-Modesto Lafuente),40.4350774644702,-3.69501203628953,60030729,16.03325393091976,False
4438,"Gral. Martinez Campos, 46 O-E(Miguel Angel-Emilio Castelar)",40.4351407454279,-3.6910516850338,25902655,17.975334676600596,False
4439,"Santa Engracia, 103 S-N(Ponzano-José Abascal)",40.4371511541189,-3.69967789731186,4412200930,17.313265931537472,False
4440,Santa Engracia S-N(Rafael Calvo-Gta. Pintor Sorolla),40.4336448864547,-3.69818611214628,98959492,17.686836649285482,False
4443,Maria Molina E-O(Del Pinar-Alvarez de Baena),40.437979944039,-3.6887291112679,25902680,24.95938861165347,False
4444,Pso. Castellana S-N(López Hoyos-Pl. Gregorio Marañón),40.4364249483606,-3.68953784039659,1759501461,42.150378106401696,False
4445,(TACTICO) Modesto Lafuente N-S(Viriato-Gral. Mtnez. Campos),40.4353115931073,-3.69648930555373,60030302,32.01658100092773,False
4446,"Gral. Martínez Campos,13 E-O(Modesto Lafuente-Alonso Cano)",40.4350319831424,-3.69669490443564,60030302,16.123070447529805,False
4057,"Ibiza, 25 E-O - Maiquez-Narvaez",40.4183015843762,-3.67531457719899,26783939,58.20025856640915,False
10093,Narvaez 68 N-S - Ibiza-Alde.Sainz Baranda,40.4178219929572,-3.67630412357045,21627176,40.64380501950061,False
4060,Menendez Pelayo N-S - Sainz de Baranda-Puerta Granada,40.413475443929,-3.67708754177843,13381086437,46.45789876949929,False
4061,Menendez Pelayo N-S - Conde de Cartagena-Pl. Mariano Cavia,40.4088853705034,-3.67795113023482,150987837,58.35934118650892,False
4453,Gral. Martínez Campos O-E(Gta. Pintor Sorolla-Fdez. Hoz),40.4349481794674,-3.69800335259657,60030303,7.9349831279116465,False
5408,PROFESOR ARANGUREN O-E(EDUARDO SAAVEDRA-AV.COMPLUTENSE),40.4480701113106,-3.72935892385399,51943033,41.8498094540934,False
10985,San Fco. de Sales N- S(Santander -Guzman el Bueno),40.4435860109724,-3.71122642303022,27514733,46.07000092117595,False
3395,SANTANDER S-N (MELQUIADES ALVAREZ-SAN FRANCISCO DE SALES),40.4428678403494,-3.70961214130474,27517956,25.67673506545239,False
3396,CEA BERMUDEZ E-O (SAN GABRIEL - SAN FRANCISCO DE SALES),40.4392364275759,-3.71635987767334,5425359853,10.5969905275246,False
3397,CEA BERMUDEZ O-E (ANDRES MELLADO-GUZMAN EL BUENO),40.4390161636448,-3.71388213805252,26025842,18.717512067074573,False
10216,(TACTICO) SALIDA HOSPITAL CLINICA SAN CARLOS O-E,40.4409522940226,-3.71849533622663,27517507,27.9895814262499,False
4476,BEATRIZ DE BOBADILLA E-O(JUSTO DORADO-JUAN XXIII),40.4485234121644,-3.71604348135276,150760322,55.119193439255056,False
5404,(TACTICO) SINESIO DELGADO S-N(GIRO A AV. MIRAFLORES),40.4598090791052,-3.72893619014859,344856267,10.982251953843571,False
5405,(TACTICO) SINESIO DELGADO N-S(GIRO A AV. COMPLUTENSE),40.4566677478721,-3.73033010971684,32096085,16.346490501977595,False
5406,ANTONIO NOVAIS E-O(FRENTE A FACULTAD BIOLOGICAS),40.4484726403201,-3.72620961596286,25687705,70.70318065793009,False
5407,AV. COMPLUTENSE S-N(FRENTE A FACULTAD FARMACIA-PARANINFO),40.4470908724076,-3.72774899209542,26579273,110.51570094002591,True
10083,Narvaez S-N - Doce de Octubre-Alde Sainz Baranda,40.4161697901953,-3.67638319422634,26784170,53.5067342172186,False
10085,Alde. Sainz Baranda E-O - Fernán González -Narváez,40.4169622535745,-3.67521357983111,26784069,42.01952575484072,False
10084,Alde. Sainz Baranda E-O - Narváez-López de Rueda,40.4170459933773,-3.67668469356714,26784044,29.156838715169705,False
9917,EDUARDO SAAVEDRA S-N(E.INGENIEROS DE CAMINOS-PROF.ARANGUREN),40.4473563007919,-3.73066618939585,51944402,42.771338120688156,False
5412,(MICRO) AV.COMPLUTENSE O-E(INTERNO GIRO G.12)(P.M.1),40.4480767672266,-3.7279905548688,25896212,8.56344324637648,False
4480,"AV. VALLADOLID, 25 S-N(TRAFICO- AV.VALLADOLID. 11)",40.426820728083,-3.72776541331468,26080298,144.92968547098667,True
4481,"AV. VALLADOLID, 33 N-S(AV.VALLADOLID, 11-TRAFICO)",40.4276762687635,-3.72845374013803,338895791,122.94118630101939,True
3676,"AV. VALLADOLID, 65 S-N(DEPENDENCIA TRAFICO-LOECHES)",40.4307274480358,-3.73144455985192,21473043,103.65098535151493,True
4304,"Po FLORIDA, 11 N-S(MOZART-ENTRADA ESTACION DEL NORTE)",40.4213958591401,-3.72144471568594,1339844584,45.357532147458556,False
10082,Menéndez Pelayo N-S - Ibiza -Alde.Sainz de Baranda,40.4174421440706,-3.67852518258831,1957490858,9.4478917617568,False
4079,Po MOLINO E-O(EMBAJADORES-PL.LEGAZPI),40.3903015037589,-3.69345866226538,1837483635,24.782024752603963,False
4082,Po CHOPERA O-E(PL. GENERAL MAROTO -PL. LEGAZPI),40.3919913084597,-3.6962905425251,26879118,8.733442060990821,False
4109,HIERRO N-S(GRANITO-BOLIVAR),40.3926747533432,-3.691828585249,162067005,47.489829988160125,False
4507,FRANCOS RODRIGUEZ O-E(POLICIA-STO ANGEL DE LA GUARDA),40.4581631868517,-3.71440203021018,439185266,14.666658278104386,False
4508,FRANCOS RODRIGUEZ O-E(PIRINEOS-POLICIA),40.4584997235411,-3.71547497677018,51422521,37.74871158652538,False
4105,EMBAJADORES S-N(PUERTO BEJAR-AV. PLANETARIO),40.3863082931842,-3.68965847329217,317771978,10.215213929457644,False
3582,PUERTO SERRANO E-O(PUERTO MIRAVETE-EMBAJADORES),40.3855942257991,-3.68813346949736,249386145,55.4846504662613,False
4106,EMBAJADORES S-N(PUERTO CRUZ VERDE-PUERTO SERRANO),40.3846938226305,-3.68802605460305,26397102,15.982188768521612,False
4107,PUERTO SERRANO O-E (ENTRADA EMBAJADORES),40.3848562824586,-3.68929275148815,26397093,61.91049861003414,False
4108,EMBAJADORES N-S(PUERTO BEJAR-PUERTO SERRANO),40.3856840916836,-3.68924627758038,26397014,24.528455394026707,False
10409,P Chopera E-O (Legazpi-Gral Maroto),40.3920537820685,-3.69624638979618,26879118,8.348110588006639,False
4142,(TACTICO) MENESES N-S (5 MTS.) (NEBULOSAS - PLANETARIO),40.393864271655,-3.68289818445701,248940536,22.171408202577037,False
10012,(TACTICO) Salida Clinica Lopez Ibor,40.4679609183562,-3.72434153894374,4777894121,13.405010286019762,False
4143,(TACTICO) MENESES S-N (5 MTS.),40.3935435923891,-3.68247822505601,248940536,28.273829538743385,False
4144,GENERAL LACY N-S(DELICIAS-ANCORA),40.4036756019288,-3.69072290154824,26514556,34.331214061179644,False
4145,ANCORA E-O(MENDEZ ALVARO-GENERAL LACY),40.4027809560108,-3.68947611733308,31010730,14.180657833126812,False
4150,GENERAL LACY N-S(BUSTAMANTE-RAMIREZ PRADO),40.4004950018853,-3.69103341507115,26514551,23.56614124626698,False
4151,RAMIREZ PRADO O-E(Po DELICIAS-JUAN DE MARIANA),40.40019112141,-3.69197808900927,1865399011,49.56751004521429,False
3759,ALFONSO XII S-N (GIRO A ANTONIO MAURA),40.4159160945546,-3.68895020719723,339236103,7.291609497692349,False
3523,ALFONSO XII S-N (FELIPE IV-MENDEZ NUNEZ),40.4157441859881,-3.68887823652362,1209330561,15.774988825733876,False
10212,AV.PABLO IGLESIAS N-S (JUAN XXIII - ALMANSA),40.450070898266,-3.71037219796313,1140217847,19.15105825124401,False
6983,AV. PABLO IGLESIAS S-N (JUAN MONTALVO-VIVERO),40.4481926489135,-3.70892750742104,2277540701,22.075780417492023,False
4159,ALFONSO XII S-N (CASADO ALISAL-ACADEMIA),40.4141962511411,-3.68881736012061,2681222068,9.01503100108239,False
3653,ALFONSO XII N-S (ALBERTO BOSCH-ESPALTER),40.4133199112241,-3.68891712277745,2681222066,15.71617685568378,False
3824,MELCHOR FERNANDEZ ALMAGRO E-O(FINISTERRE-GINZO DE LIMIA),40.4772391529339,-3.70209499418796,26205029,24.780075096837827,False
4175,"STA MARIA CABEZA, 11 N-S(LATERAL IZQDA)(SUPERFICIE)",40.4063013436403,-3.69437829803838,315278987,57.74267004645664,False
7138,(AFOROS) Po DEL PRADO S-N(ESPALTER-PL.CANOVA CASTILLO),40.4130462704114,-3.69298881671078,26486539,50.38604145312961,False
4227,Po ACACIAS E-O(GASOMETRO-Po DE LOS OLMOS),40.4032408444919,-3.70909641224372,5499490668,5.268225841473718,False
4228,Po DE LOS OLMOS N-S(RONDA TOLEDO-Po ACACIAS),40.4037664247255,-3.71074808641269,26495398,55.35559712256363,False
10528,PELIGROS S-N(ALCALA-GRAN VIA),40.4180716796285,-3.69894407967629,21968136,15.02807942143555,False
4283,SAN LEONARDO E-O(MAESTRO GUERRERO-PRINCESA),40.4246781454343,-3.71112081042216,26067256,3.706446041383076,False
4312,AUGUSTO FIGUEROA S-N(SAN BARTOLOME -PELAYO),40.4224368083866,-3.69857764126084,25906287,11.47140973984675,False
4348,"PRINCESA, 41 N-S(BUEN SUCESO-QUINTANA)",40.4296262244914,-3.71564142767968,25935540,11.117033028048935,False
4349,PRINCESA S-N(SEMINARIO DE NOBLES-SERRANO JOVER),40.4281465945118,-3.71443618370974,26080778,20.492042885597233,False
4375,DONOSO CORTES E-O(HILARION ESLAVA-ISAAC PERAL),40.4365633884333,-3.71668066883464,26025854,10.91589043645342,False
10023,(TACTICO) Melendez Valdés O-E(Galileo-Vallehermoso),40.4328769456918,-3.70897885617201,26025888,17.916023468719747,False
4424,"Vallehermoso, 67  S-N(Donoso Cortés-Cea Bermúdez)",40.4375639377104,-3.70837444129294,26025853,13.816023189343927,False
4425,"Fernando el Cátolico, 10 E-O(Escosura-Vallehermoso)",40.4338814522935,-3.70760593619726,26025879,54.6433921093439,False
4423,Meléndez Valdés O-E(Galileo -Vallehermoso),40.4329003648599,-3.70976268847166,26025887,49.52736193801916,False
10057,Blasco de Garay S-N (Meléndez Valdés-Fernando el Católico),40.4332176832395,-3.71159282660154,26025884,28.405178492091647,False
10066,Fernando el Católico E-O(Galileo -Blasco de Garay,40.4340897857541,-3.71068333890571,26025877,34.112473702140484,False
4404,"Bravo Murillo, 11 N-S(Fernández de los Rios-Gta.Quevedo)",40.4348034453141,-3.70432944410874,27523275,8.814110712654621,False
4405,"Eloy Gonzalo, 27 E-O(Santisima Trinidad-Gral.Alvarez Castro)",40.4345596215906,-3.70040248883714,98958620,16.097250166549564,False
4422,"Vallehermoso, 18 S-N(Rodriguez San Pedro-Arapiles)",40.4317683486637,-3.70887740078127,26025891,18.37516803931878,False
10605,Rodríguez San Pedro E-O (Galileo-Blasco de Garay),40.431713779358,-3.71126669138915,25935136,38.32198917214025,False
4468,(MICRO) Pl. San Juan de la Cruz E-O(Delante G.14) (P.M.6),40.4412791611335,-3.69243560005596,25902808,2.3039973111925653,False
4324,M-30 SALIDA TUNEL O-E(ENTRADA GTA. SAN VICENTE) (90MTS),40.4189208170207,-3.72052994318152,315266287,53.86858151239598,False
3512,OBISPO TREJO O-E(SENDA DEL REY-MARTIN FIERRO),40.4360168201907,-3.73284023921596,160741318,107.69387501450782,True
4491,(TACTICO) ARQUITECTO LOPEZ OTERO N-S (GIRO IZQDA J.HERRERA),40.4385659996356,-3.73256392378974,30914791,5.305561364022817,False
3524,Francos Rodriguez O-E(Pamplona-Juan Encina),40.456635564015,-3.70711127026949,93862638,41.80241621839106,False
4498,(AFOROS) FRANCOS RODRIGUEZ O-E(NUMANCIA-PAMPLONA),40.4569939114512,-3.70942835321719,93862643,14.745044278015158,False
5796,Arroyo del Olivar - Tte. Muñóz Diaz-Payaso Fofó,40.3908828569577,-3.6588957923134,1224768536,12.508099759098682,False
4526,MORERAS S-N(JUAN XXIII-DR.FEDERICO RUBIO Y GALI),40.4528276609793,-3.714447220573,98732398,84.66549187214576,False
4543,PSO. DIRECCION S-N (ALBERDI - CAPITAN BLANCO ARGIBAY),40.4675885078806,-3.70818109437612,3321769701,46.73776810453895,False
10154,CAPITAN BLANCO ARGIBAY O-E (SINESIO DELGADO - PSO. DIRECCION),40.4682753706373,-3.70876126003698,5633367011,57.226872011544735,False
4567,MELCHOR FERNANDEZ ALMAGRO O-E(FERROL-GINZO DE LIMIA),40.4765584245543,-3.70515921879618,26202857,39.673117963281754,False
4568,MELCHOR FERNANDEZ ALMAGRO E-O(GINZO DE LIMIA-FERROL),40.4765785088828,-3.7052211199512,26202857,44.12917558086813,False
4569,MELCHOR FERNANDEZ ALMAGRO O-E(AV. BETANZOS-FERROL),40.4758918165799,-3.70831644402871,26201969,29.37481277628032,False
3588,CAMINO CHORRILLO S-N(ENTRADA A PIEDRAFITA CEBRERO),40.4695844541415,-3.7123973745465,50042350,58.98877813453303,False
3589,SINESIO DELGADO O-E(A.MACHADO-PIEDRAFITA CEBRERO),40.4693081784074,-3.71277310792961,1969144049,83.93971338531139,False
4570,AV. BETANZOS S-N(PIEDRAFITA DEL CEBRERO-RIBADAVIA),40.4716053565327,-3.71210460367347,32201404,5.708625432979761,False
10166,PSO. DIRECCION E-O (AV. ASTURIAS - REYES AIZQUIBEL),40.4702016403101,-3.70369894757525,3414852037,10.972159691050392,False
4585,Po CASTELLANA N-S(M-30 -AV. MONFORTE DE  LEMOS),40.4763481184024,-3.68682996498578,47954357,11.013765400359013,False
4586,DANIEL VAZQUEZ DIAZ E-O(MAURICIO LEGENDRE-Po CASTELLANA),40.4748789325546,-3.68533467565178,442628204,8.307016745658602,False
4612,(TACTICO) SALIDA E.M.T. E-O(E.M.T.-MAURICIO LEGENDRE),40.4764115370972,-3.6837756021997,354935282,21.344333259166945,False
11450,PSO. CATELLANA S-N(TRONCO),40.4733402517385,-3.68708680784473,25907059,31.036163629786472,False
7142,(TACTICO) MONFORTE DE LEMOS E-O GIRO,40.4796041517934,-3.69636838177049,26205117,25.42803388117044,False
4634,CORAZON DE MARIA S-N(CARDENAL SILICEO-AV.CAMILO JOSE CELA),40.4423383436357,-3.66854558630856,148892380,20.967084832032366,False
4635,AV.CAMILO JOSE CELA S-N(AV. AMERCIA-CORAZON DE MARIA),40.4423172595487,-3.66685265393318,149138280,29.868727939533766,False
4648,CLARA DEL REY E-O(ALUSTANTE-ANASTASIO AROCA),40.441179481311,-3.67206590800608,149022184,11.710173714987688,False
4649,CLARA DEL REY E-O(ANASTASIO AROCA-CARTAGENA),40.4404639184934,-3.67309024069173,2039170273,16.442413765468757,False
3414,AV.BONN E-O(AV.DE LA PAZ-AV.BRASILIA),40.4385281148807,-3.65992937302038,10928025764,82.56690278604705,False
3415,(AFOROS)AV.BRASILIA N-S(AV.BONN-BRESCIA),40.4375394277803,-3.6611516234092,2166869430,51.39772895912295,False
4679,PL.VENECIA E-O(AV.BRASILIA-AV.BRUSELAS),40.4408739556949,-3.6616744217244,25926456,42.65715241400671,False
3443,AV.BRASILIA N-S(PL.VENECIA-AV.BRASILIA),40.4396688051535,-3.66115566781648,150341008,3.8911220126027954,False
4681,PL.VENECIA O-E(AV.BRUSELAS-AV.BRASILIA),40.4408387523974,-3.66234673517423,149140126,4.669863553805739,False
4684,CARTAGENA S-N(MARTINEZ IZQUIERDO-AZCONA),40.4332880428066,-3.67043523551048,60015591,26.788216678652777,False
4686,(TACTICO) MEJICO E-O(EDUARDO VICENTE-CARTAGENA),40.438034857257,-3.67221099688176,29596138,11.130094324298117,False
7077,"CAMILO JOSE CELA, 4 S-N(AZCONA-ERASO)",40.4359648279713,-3.66720913676399,143616312,6.1701675091556325,False
7060,MARQUES DE AHUMADA O-E(MARQUES DE MONTEAGUDO-C. JOSE CELA),40.436712326019,-3.6678660281715,149204669,38.76836535254966,False
4671,AV.BONN E-O(AV.BRASILIA-AV.BRUSELAS),40.4386048309725,-3.66209484310703,327564300,10.698059063318079,False
5434,GINZO DE LIMIA S-N(MELCHOR FDEZ. ALMAGRO-AV.MONFORTE  LEMOS),40.4782635374069,-3.70372891878112,26202413,49.97420079040053,False
5435,FINISTERRE N-S(SANTIAGO DE COMPOSTELA-AV.MONFORTE  LEMOS),40.4801158124182,-3.70286489633034,26204368,44.64999036906819,False
5436,FINISTERRE S-N(MELCHOR FDEZ. ALMAGRO-AV.MONFORTE  LEMOS),40.4791535600141,-3.70247057244859,162105282,19.655642976947743,False
5437,AV.BETANZOS S-N(LA BANEZA-AV.MONFORTE  LEMOS),40.4768052772398,-3.71177818350562,5924972879,17.124356792815348,False
10187,Av .Monforte de Lemos E-O (Ginzo de Limia - Pl.Arteijo),40.4791169430361,-3.70598934201663,11458505067,26.86044111888099,False
10009,Arturo Soria - Eladio López Vilches-Av. San Luis,40.4753545485715,-3.66821823194778,100964071,1.2268936503044272,False
10010,Av. San Luis - Golfo de Salonica-Arturo Soria,40.4758247699944,-3.66817983660544,27224611,13.243093155915464,False
10889,Camino Vinateros - Av. Moratalaz 149 - Cno. Vinateros,40.407391660978,-3.64696497202386,6429217822,93.35026349226176,False
10890,Camino Vinateros - Cno. Vinateros - Dr. Garcia Tapia,40.4081736365861,-3.64510077897352,1867500936,46.42277696609065,False
9955,Salida M-30 - M-30-Corregidor Diego Valderrabano,40.4141046841749,-3.65916093242902,25943489,66.90310943430829,False
6182,Francisco Villaespesa - Francisco Villaespesa-Ledesma,40.4289728883926,-3.6469673590555,3260055596,15.774561864998416,False
6183,Francisco Villaespesa - Francisco Villaespesa-Lago Constanza,40.4291598610963,-3.64571229234013,101010993,16.722249368276042,False
6479,Av. Niza - Austria-Pº. Ginebra,40.4264246912249,-3.60623687149986,20963200,56.1078810488603,False
3878,(TACTICO) SALIDA TVE TORRESPANA S-N,40.4211390134016,-3.66252286676617,150554621,24.325216928072745,False
6209,Casalarreina  - Cordovín-Ezcaray,40.409338110682,-3.61237363322895,3363031224,15.482719109586087,False
6210,Casalarreina  - Ezcaray-Cordovín,40.4091823133496,-3.61286101956704,31407359,23.063020596793926,False
6212,Camino Viejo de Vicálvaro - Av. Democracia-Calahorra,40.4052726501532,-3.61623106817355,316046501,40.37220436442736,False
6218,Av. Daroca - Casalarreina-Av. Daroca,40.4086998816688,-3.61622669636406,31407440,112.45336738513363,True
6922,San Cipriano - Daroca-Paseo Artilleros,40.4041219572433,-3.60975166044682,2537203236,12.155671155358919,False
11258,"Calle Suecia, 73 - Calabria-Julia Garcia Boutan",40.4308289823225,-3.60546032541769,21525441,28.367896489745515,False
4095,EMBAJADORES S-N(ANTRACITA-BOLIVAR)(TUNEL A 80MTS),40.3908958025628,-3.69272142311816,616237618,53.58611723074287,False
6478,Av. Niza - Pº. Ginebra-Av. Guadalajara,40.4250986009131,-3.60598737683607,20960693,25.355247318229893,False
6480,Pº Ginebra - Av. Guadalajara-Av. Niza,40.4249862395446,-3.6069217528458,20963207,22.866176779516955,False
6481,Pº. Ginebra - Av .Guadalajara-Suecia,40.4244023767384,-3.60616987011853,20960690,25.235425514620083,False
6482,Av. Arcentales - Av. Arcentales-Pl. Grecia-M-40,40.4349459252972,-3.60875856827136,20952914,63.37433195188806,False
10241,Av. Arcentales - M-40 - Vial 1,40.4322744859577,-3.5995266535161,5041755775,81.16409072009748,False
10959,Suecia - Suecia-Pª Ginebra,40.4241445366966,-3.60406064222756,20960688,43.394725893890985,False
11257,"Suecia, 92 - Catania-Nantes",40.4321560983667,-3.60569918763714,1603376475,30.729358626096975,False
11260,"Suecia, 42 - Bucarest-Budapest",40.4262380252759,-3.60434184416951,21525303,19.85111775306642,False
11259,Suecia (Area Infantil) - Manchester-Julia Garcai Boutan,40.4297802434839,-3.60516940786911,20952943,26.939143470269553,False
11300,Budapest - Helsinki-Suecia,40.4269029370392,-3.60361951493144,20963111,21.632039336644997,False
10933,Av. Entrevías - Membezar - Benamejí,40.3799709522273,-3.66681835172119,307701108,65.92430042235215,False
10936,Av. Entrevías - Serena - Benamejí,40.3798229577991,-3.66656060671212,317594546,58.43209722674191,False
10938,Av. Entrevías - Serena - Peal,40.378561191538,-3.66469022383543,316629787,45.06853159473981,False
10935,Av. Entrevías - Serena - Benamejí,40.3798502702579,-3.66652911665818,250888667,61.56823049045754,False
10937,Av. Entrevías - Serena - Peal,40.3785352425026,-3.66472484208269,316629787,41.208292068961065,False
9983,Av. Entrevías - La Mancha-Membezar,40.3821728331818,-3.66918172567957,307678159,19.40280763103999,False
4309,"(AFOROS)GRAN VIA,20 E-O(CLAVEL -HORTALEZA)",40.4198845557416,-3.70009475167067,21969744,38.59886359580889,False
11221,Av. José Antonio Corrales - Carlos Fernandez Casado-Av. Manuel Fraga Iribarne,40.4849220895014,-3.60951275100925,1433108687,60.61006342435048,False
11228,José Antonio Fernández Ordóñez - Av. Juan Antonio Samaranch-Gta. Javier Bellosillo,40.4910867989316,-3.6093248222827,1012898985,54.86888676248411,False
4411,"Luchana, 15 N-S - Palafox-Gta. Bilbao",40.4300161045297,-3.70076011559111,25934545,2.272760923150645,False
10772,Av. Francisco Pi y Margall - Niceto Alcalá Zamora-Príncipe Carlos,40.4868023265492,-3.65034721008542,283576938,24.215936377518542,False
10771,Av. Francisco Pi y Margall - Ana de Austria-María de Portugal,40.4938140222571,-3.66419340325149,7053000507,29.12929427941075,False
10770,Av. Francisco Pi y Margall - María de Portugal-Av. Burgos,40.4948769809885,-3.66583178673919,299507647,37.08174598875066,False
3715,REYES CATOLICOS S-N (AV. MEMORIA - ISAAC PERAL),40.4379050958099,-3.71940109627801,26579042,28.341772306612604,False
6871,13NC95PM01,40.3944979675829,-3.70191096761754,1674022623,60.065067761702174,False
6873,13XC26PM01,40.3914117032712,-3.69588916071538,26396754,36.22329961376463,False
6870,13XC97PM01,40.3942311928492,-3.70196825202256,1674022623,53.35586808245298,False
1030,14RE35PM01,40.3954641945029,-3.70625741849356,306039731,47.16149295446449,False
1029,14RH25PM01,40.3963078484598,-3.7069648039433,343318080,45.82819828794012,False
1027,14VE04PM01,40.3950268499462,-3.70336803546044,1674022624,15.636863958164366,False
7119,14XC71PM01,40.3962619763225,-3.71006775981716,306039800,47.61920776751017,False
1038,17RA10PM01,40.4095744956702,-3.72135383863335,332054665,19.823045813046683,False
1041,17RC01PM01,40.4104245633725,-3.72273782725256,1095069508,26.770732060102006,False
6841,17XC49PM01,40.411690420502,-3.72320729078823,315522686,29.18457619165774,False
6889,90ET43PM01,40.3822209358988,-3.68657069340144,248796204,115.51650397036542,True
6883,90ET58PM01,40.3831943428676,-3.68746726450631,2266202098,56.34050428033225,False
6813,PM12342,40.4578552618286,-3.74458546626426,21473097,122.59832654919916,True
6695,PM12391,40.4615226008385,-3.74638371309829,2590729396,125.19768608289296,True
6699,PM12641,40.473116033668,-3.73595540323763,2957182573,20.212394347789907,False
6914,PM12851,40.4791133989592,-3.71583602657076,339984071,1.9816956426466283,False
6702,PM12921,40.481270990854,-3.70800714935824,25920539,50.03628324114198,False
3510,PM12961,40.4823949337519,-3.70349849525922,25920353,36.30362813141646,False
6703,,40.4832633531652,-3.70108296978253,25920340,128.25227581319157,True
6724,PM20327,40.4571952435598,-3.6637705963709,25925612,29.453606439741314,False
6730,PM20472,40.4425167606031,-3.65908409089451,25926439,52.320181848638256,False
6731,PM20473,40.4425238525138,-3.65921080062716,25926439,58.56179119800209,False
6733,PM20572,40.4352742698869,-3.65964669089267,2284775485,30.49697882050965,False
6735,,40.4272481849698,-3.65999491227205,319773992,41.27103662412189,False
6736,,40.4274445064302,-3.66008665801187,25964437,40.36527489014617,False
6761,PM21192,40.3836093830298,-3.6833967544171,5023648487,116.14502612389792,True
4518,PABLO IGLESIAS O-E(NUMANCIA-DR. FEDERICO RUBIO Y GALI),40.4535075222668,-3.71248445172367,1140217804,22.327994860991605,False
6763,PM21231,40.3816911120917,-3.68797451977271,367048343,24.407220542297924,False
3838,PM30902,40.4061528662762,-3.66419097803113,1258603235,25.619793458112124,False
3704,PM41351,40.3691995410418,-3.69423279561982,26280688,41.43089534178603,False
7012,,40.3992101942573,-3.76350111646277,13367803130,21.30013286212421,False
6943,PM41881,40.3847656854681,-3.78341708255073,307187286,36.326734094337816,False
6796,PM42051,40.4350472166069,-3.73940403371324,25935811,58.103067036676265,False
6797,PM42052,40.4348871888001,-3.73959661195408,25935811,69.11347088393246,False
6799,PM42352,40.4547477059148,-3.74502182341257,32096097,64.70701031731737,False
6800,PM42353,40.4539692889128,-3.74466512305463,32098839,16.68751825847596,False
6801,PM43001,40.4858565727872,-3.69464713901491,135822766,38.087310359361865,False
6802,PM43011,40.48720600673,-3.69680320256999,1137265048,30.15546783024381,False
6804,PM43021,40.4939071768145,-3.69995983667557,25587629,41.607087354350966,False
3706,PM43022,40.4938563322915,-3.70003998990118,25587629,41.491082487398565,False
6805,PM43031,40.4975574117339,-3.7004883312871,130027164,33.574575841324545,False
10171,PM20394,40.4515489197079,-3.66271535015934,25925891,109.91245867129491,True
6748,PM20864,40.4103699624084,-3.66293856360677,1594617107,48.898891207739545,False
6697,PM22502,40.471383083636,-3.75082342349953,1980039614,41.70860185564461,False
5478,Alberto Alcocer O-E - Padre Damián-Juán Ramón Jiménez,40.4588810332334,-3.68591595373323,98963435,31.684344511812085,False
5479,Alberto Alcocer E-O - Juán Ramón Jiménez-Dr.Flemin,40.4589466415988,-3.68701565251828,98963436,22.388727689547572,False
5480,Doctor Fleming N-S - Hurtado de Mendoza -Alberto Alcocer,40.4598270998662,-3.68798513354985,98987562,69.81174205232384,False
5481,Juán Ramón Jiménez S-N - José Lázaro -Alberto Alcocer,40.4578473290866,-3.68686740699526,101208934,12.346116788969,False
5482,Padre Damián N-S - Juán Hurtado de Mendoza-Alberto Alcocer,40.4595951204413,-3.68551609518565,3988243858,44.13854554753945,False
5483,Padre Damián S-N - Romero Girón-Alberto Alcocer,40.457618684805,-3.68562996577385,101208812,5.280615704696006,False
5469,Alberto Alcocer E-O - Doctor Fleming-Pl.Cuzco,40.4589960620265,-3.68834736676487,98963439,24.917650146030077,False
5476,Alberto Alcocer O-E - Juán Ramón Jiménez-Padre Damián,40.4587942539257,-3.68642444972292,98964418,28.087847082870322,False
5477,Alberto Alcocer E-O - Menéndez Pidal-Padre Damián,40.4587339042349,-3.68401604723927,2494947297,3.747607292580926,False
5566,Gral.López Pozas N-S - Mateo Inurria-Joaquín Bau,40.4643596492435,-3.68544120523473,102285060,57.88581993859991,False
5697,Bravo Murillo S-N - Gta.Cuatro Caminos-Hernani,40.447602041694,-3.70384088989612,1801212265,8.746756553605447,False
5698,(AFOROS)Bravo Murillo S-N - Hernani-Palencia,40.4485598200892,-3.70369264914304,26413086,9.56284529469754,False
5544,Principe de Vergara N-S - Pl.Perú-Pl.República Dominicana,40.4598989505478,-3.67668976968424,60671762,28.023826587058295,False
5545,Alberto Alcocer E-O - V.Andrés Belaunde-Pº Habana(Giro E-S),40.4585936201075,-3.68113646064586,98963432,51.7140593591103,False
5546,Principe de Vergara N-S - Potosi-Pl.República Ecuador,40.456536656387,-3.67709537170501,1506821327,65.20495162465089,False
5547,Principe de Vergara S-N - Concha Espina-Pl.República Ecuador,40.4524343780999,-3.67743636059054,98989165,87.13849565076012,False
5556,Madre de Dios E-O - Palmito-Av.Pio XI,40.4619613114826,-3.67542381021308,60671220,71.0744220553892,False
4855,SAN JENARO ENTRE Ø11 Y Ø12 S-N FRENTE (OXIGENO-PSO. TALLERES),40.347163171029,-3.70300669190498,248801690,39.52758538855057,False
4869,CTRA. HUMERA ANTES Ø36 N-S(GOLONDRINA-V. ROSALES),40.454236290517,-3.7799590391489,266035632,49.314012156763106,False
4871,VIRGEN ROSALES Ø30 E-O(DIPLOMATICOS-CTRA. HUMERA),40.4536421787361,-3.77875993594862,266035465,55.41901930987117,False
5220,ACAMAR Ø6 N-S (ERIDANO-GOLONDRINA),40.4561964806894,-3.78610891091709,293169041,57.03555240758476,False
4886,CAROLI ANTES GR-4 S-N (TV. CAROLI - AV. OSA MAYOR),40.4586834936089,-3.78476829373197,1583551077,55.266467345381116,False
4874,ARROYO POZUELO Ø98 E-O (GTA. RIO ZANCARA-HUMERA),40.4524930698968,-3.78080882966957,1180513666,91.46859528484795,False
4768,CEBREROS Ø130 E-O (CEBREROS-CARLINA),40.4041379478012,-3.74989587428851,1417820356,29.148723172508287,False
4849,EDUARDO BARREIROS APARCAMIENTO RENFE N-S (LAGUNA RODRIGO-ALCOCER),40.3508307479207,-3.70501388880108,343315923,17.032155973622785,False
4851,ALCOCER TRAS GR-6 E-O (EDUARDO BARREIROS-CTRA. CCHEL. VILLAVERDE),40.3500837912696,-3.70547565039366,248801691,32.73982264974812,False
4857,(TACTICO)COVATILLAS ANTES GR-8N-S (GIRO GLORIETA PARTIDA),40.4525147515604,-3.77553842272881,25695779,17.55837317946035,False
4916,(TACTICO) VALMOJADO N-S(GIRO ILLESCAS ESTE),40.392608155983,-3.75825257067703,21721553,20.576756715974163,False
4929,AV. ABRANTES N-S(BESOLLA-AV. POBLADOS),40.3746603715296,-3.73583385886012,22559770,42.311987204539,False
4943,AV. POBLADOS E-O(GUETARIA-CTRA. TOLEDO),40.3738798308562,-3.71751475033453,22570804,14.005294153028975,False
9879,PADRE AMIGO N-S (PEREZ LAVID-REAL MADRID),40.3778890956976,-3.73950184491326,301835446,22.817207820640952,False
10495,CONSUELO GUZMAN N-S Ø8(AV. POBLADOS-PARAGUAYA),40.3758071766285,-3.7539900660408,306162820,21.57990518150407,False
3680,(TÁCTICO) SALIDA PALACIO ZARZUELA A LA CTRA EL PARDO,40.4883816825906,-3.7544179277204,2869473314,10.578494506593485,False
6547,(TÁCTICO) CAMINO TIRO A PICHON,40.4886274713422,-3.75390510875801,259062336,31.79053777799049,False
6545,"TÁCTICO - AV. ARROYOFRESNO, 19 S-N (FUENTELAREINA - CANTALEJO)",40.4753458359663,-3.74223957073805,258608858,17.950719756222025,False
6546,"TÁCTICO - CANTALEJO, 1 E-O (CANTALEJO - ARROYOFRESNO)",40.4754242794902,-3.74184783684798,258608858,27.74737362347553,False
3813,"TÁCTICO - AV. ARROYOFRESNO, 21 N-S (AV. CARDENAL HERRERA ORIA - CANTALEJO)",40.4757509818717,-3.74206655409271,258608858,29.46902795133846,False
10234,(TACTICO) DR. GUIU N-S (ISLAS CABO VERDE- HERRERA ORIA),40.4773363703234,-3.73613972403443,41867726,13.631595493621296,False
10322,MARIA CASARES S-N(MARIA DE MAEZTU-GLORIA FUERTES),40.4945731512945,-3.72506527839068,1127671351,41.625984940816736,False
10321,GLORIA FUERTES O-E LATERAL(SENDA DEL INFANTE-MARIA CASARES),40.4942374203314,-3.72616241945292,12466682998,29.578662038097015,False
3814,(TÁCTICO) CTRA. EL PARDO S-N(PALACIO DE LA ZARZUELA),40.4883492443948,-3.75423478012529,2869473314,14.09509506764096,False
6956,NTRA. SRA. VALVERDE S-N (ALONSO QUIJANO - MONASTERIO ARLANZA),40.5059204792856,-3.68538548964896,264857139,114.76038804661017,True
3723,NTRA. SRA. VALVERDE N-S(M603-MONASTERIO ARLANZA),40.50804981701,-3.68527848094954,359501103,58.55509825418027,False
6954,MONASTERIO ARLANZA O-E(M607-NTRA. SRA. VALVERDE),40.5073448201662,-3.68613156847959,1046902677,30.62090898587046,False
10291,AV. CARDENAL HERRERA ORIA E-O (MANRESA - SALCEDO),40.4911649809612,-3.69114674000986,77932117,43.08497534280918,False
10294,AV. CARDENAL HERRERA ORIA O-E (ESTRADA - SALCEDO),40.490561629781,-3.69344259898645,3463978060,29.373420250976896,False
10377,AV. SANTUARIO VALVERDE E-O(MONASTERIO DE GUADALUPE-MONASTERIO DE BATUECAS),40.50546133451,-3.70361344328916,264980559,78.23659011341024,False
10692,"(CARRIL BUS)  MONASTERIO ESCORIAL, 14 E-O (MONASTERIO DE LAS HUERTAS- SANTUARIO DE VALVERDE)",40.5045721669276,-3.70819554416164,272435039,55.93798168858996,False
11359,MONASTERIO DE SILOS ENTRE MONASTERIO DE POYO Y MONASTERIO DE SOBRADO,40.5086675689742,-3.69282210081272,267571088,63.736726227047555,False
11356,MONASTERIO DEL ESCORIAL ENTRE MONASTERIO DE SOBRADO Y MONASTERIO DE POYO,40.5092405082196,-3.69378654986081,268022198,54.83970065766832,False
11452,MONASTERIO DEL PAULAR (ENTRE MONASTERIO DEL ESCORIAL Y SANTUARIO DE VALVERDE),40.5045560250312,-3.70056682417843,272435033,43.658261283512964,False
11509,PTE. TRES OLIVOS - AV. MONTECARMELO,40.5017192154558,-3.69645501005467,31879472,23.87734664743646,False
11510,AV. MONTECARMELO SALIDA M-607,40.5022141945139,-3.69737558136598,264980688,12.018835362437521,False
11511,AV. MONTECARMELO SALIDA PTE. TRES OLIVOS,40.5022638291173,-3.69736666101495,355539623,13.746656130814836,False
6590,(TACTICO)SIERRA ATAPUERCA S-N(GIRO A PTE. REINA),40.5011919068538,-3.67229924353977,262663405,23.70155487330814,False
10060,AV. CAMINO SANTIGO N-S(PL. OBRADOIRO-PORTOMARIN),40.512285771167,-3.66563439296071,257716010,92.21488298447268,False
10059,PORTOMARIN E-O(SANTISO-AV. CAMINO SANTIAGO),40.5106178096844,-3.66563843659653,258126144,12.881871120536818,False
10058,AV. CAMINO SANTIAGO S-N(GTA. MONTE GOZO-PORTOMARIN),40.5105027308861,-3.66753040565251,255262208,30.514920061903414,False
3509,AV. SANTO DOMINGO DE LA CALZADA O-E (CASTIELLO DE JACA - CAMINO DE SANTIAGO),40.5087662022929,-3.67184333448744,257718338,90.91153497961074,False
6598,PALAS DEL REY E-0 (TORQUES - CAMINO SANTIAGO),40.5082357855328,-3.66884511835779,257924749,16.64079561741507,False
3794,PALAS DEL REY O-E- (FURELOS-VALCARLOS),40.505671680785,-3.66521334031331,259186767,13.997155140313328,False
10989,(BUS) AV. POBLADOS O-E(LUIS CHAMIZO-AV. LAS AGUILAS),40.3867416238578,-3.76322731755448,13105986245,55.85340240632855,False
5152,PADRE PIQUER N-S(SESEÑA-TEMBLEQUE),40.3915155034874,-3.76717724078095,49409614,86.28801325638183,False
5154,(AFOROS)AV. LAS AGUILAS ENTRE AV.DE LOS POBLADOS Y GUAREÑA SENTIDO N-S,40.3852107300111,-3.76306926303889,22525833,43.93160651149917,False
10389,AV. POBLADOS O-E(SEBASTIAN ALVARO-FLOR DEL CORAL),40.3926865211943,-3.77033177592359,779241394,36.84858090563396,False
10395,"PSO. EXTREMADURA, 437 S-N (ENTRADA MADRID)",40.3935378527068,-3.77192057757076,22522183,37.572116510889344,False
10394,"AV. POBLADOS, 5 E-O(PILAR-PSO. EXTREMADURA)",40.3936175457569,-3.77068560302396,779241500,20.40405778407473,False
5170,MAQUEDA S-N (TEMBLEQUE-ESCALONA),40.3937462927507,-3.76459346553108,49420485,23.711331042079262,False
10619,CAMINO LAS CRUCES S-N (MARIANISTAS-JOAQUIN TURINA),40.3714477591414,-3.75823391615953,306098612,70.9398701835215,False
10795,DANZA S-N(POEMA SINFONICO-SINFONIA),40.3726358101119,-3.77365483638722,1838660040,27.118189576341877,False
10796,SINFONIA O-E (POEMA SINFONICO-DANZA),40.3733818115416,-3.77432790037583,747482604,70.85647443157983,False
5316,(TACTICO)ALDEA NUEVA VERA N-S(TALAYUELA-AV. AVIACION),40.3751287746149,-3.77681398762129,316419810,23.96520111173979,False
9935,RUTILO E-O (PERIANA-AV. ROSALES),40.3659000161481,-3.68761325240728,26080595,15.290491248427038,False
5389,RESINA E-O(SAN ERASMO-AV. REAL PINTO),40.3358307308766,-3.71031295280089,381226431,110.18840208438753,True
5391,SAN NORBERTO E-O(SAN TARSICIO-SAN ERASMO),40.3396600989171,-3.70543321779755,385346963,79.38319956128136,False
3628,NTRA.SRA.DE FÁTIMA ENTRE DEL ESPINAR Y PSO. MARCELINO CAMACHO SENTIDO S-N,40.3862921130343,-3.74410223357258,21759754,30.348151545054822,False
5004,PSO. EXTREMADURA E-O(CARAMUEL-PTA. ANGEL),40.4137731980633,-3.72758520774907,305396597,26.330510161689713,False
10570,PTA. DEL ANGEL S-N(PSO. EXTREMADURA-AV. PORTUGAL),40.4138844348332,-3.72870329453675,423497530,13.350031869919672,False
5175,CTRA. CARABANCHEL ARAVACA E-O(DANIEL SEGOVIA-VILLAVICIOSA),40.3952054093869,-3.77307780085077,21696588,36.71402773227481,False
4525,DR.FEDERICO RUBIO Y GALI O-E(FCO. DE DIEGO-MORERAS),40.4540098717953,-3.71422519143173,51429269,44.16970988314396,False
3412,AV.FEDERICO RUBIO S-N (PABLO IGLESIAS  - ALMANSA),40.4485500741981,-3.70834747831474,2277540701,71.56989703951255,False
4566,GINZO DE LIMIA N-S(MONFORTE LEMOS-MELCHOR FERNANDEZ ALMAGRO),40.4777519365449,-3.70375375268041,26202413,7.210960515882329,False
4078,BOLIVAR E-O (EMBAJADORES - PL. LEGAZPI),40.3916464705738,-3.69351336568621,1868858187,21.101842379327817,False
10603,Fernández de los Rios O-E(Galileo-Vallehermoso),40.4351462806509,-3.70939338312097,26025867,68.51384958175406,False
10602,Vallehermoso S-N(Fernando Católico-Fdez de los Ríos),40.4341402683456,-3.70866221260842,26025878,19.56898596776391,False
4467,(MICRO) Pl. San Juan de la Cruz S-O(Delante G.13) (P.M.5),40.4411225308386,-3.69206704480718,356264959,7.107308367489119,False
4323,Po VIRGEN DEL PUERTO S-N(CDAD PLASENCIA-GTA SAN VICENTE),40.4184034757415,-3.72021387053287,315266287,40.77884705160481,False
9968,LOPEZ DE HOYOS O-E (EUGENIO SALAZAR-MARCENADO),40.4448051301352,-3.67314716859551,143755803,17.51308280684176,False
4687,POETA CLAUDIO RODRIGUEZ S-N (CLARA DEL REY-CORAZON DE MARIA),40.4408220356241,-3.6714903482178,149022134,23.482592426229605,False
4669,AZCONA E-O(VILLAFRANCA-CAMILO JOSE CELA),40.4357447128837,-3.66640985291665,3470094576,59.287909939619716,False
4670,AV.BRASILIA S-N(AV.BONN-AV.BADAJOZ),40.4392218167407,-3.66103792886103,150341008,47.05127830436244,False
4680,PUENTE DE LA PAZ E-O(AV.DONOSTIARRA-AV.BRASILIA),40.4408935380364,-3.65997652609306,21473229,43.80050107557654,False
5430,GINZO DE LIMIA S-N(AV.ILUSTRACION-AV.MONFORTE DE LEMOS),40.4801541052589,-3.70457662414339,25587448,62.664347535993514,False
4610,VIEJAS O-E(Po CASTELLANA-MAURICIO LEGENDRE),40.4804228541445,-3.68465721383302,137447862,31.701238353066444,False
4624,"CARTAGENA, 130 S-N(CANILLAS-LOPEZ DE HOYOS)",40.4415816514805,-3.6750499611043,29596776,28.441875568861217,False
4632,LOPEZ DE HOYOS E-O(ALFONSO XIII-CLARA DEL REY),40.4487229100321,-3.66724034147537,143768021,19.051421017043115,False
5914,Alcalá - Hermanos Machado - Jose Maria Pereda,40.4329636404626,-3.64916031653849,25531129,24.125403170197625,False
5915,Alcalá - Lago Constanza-Ezequiel Solana,40.4334650423971,-3.64741599487454,25531117,19.318958429484262,False
5916,Alcalá - Lago Constanza-Ezequiel Solana,40.4331899441021,-3.64793335761037,25531118,27.074985637006694,False
5918,Alcalá - Gutierre de Cetina-Emilio Ferrari,40.4347307989388,-3.64472517880009,25531121,19.443599234968357,False
5919,Alcalá - Hermanos de Pablo-Vicente Espinel,40.4356344441227,-3.64290722800766,250637364,10.98463423848152,False
5907,Alcalá - Av. Daroca-Fernandez Lanseros,40.4316568531067,-3.65867595464348,109900045,52.974639126261096,False
5911,Alcalá - Cipriano Sancho - Marcelino Alvarez,40.432192425048,-3.65476720898952,25531136,20.705040409373524,False
5912,Alcalá - Florencio Llorente - Buen Gobernador,40.4323725924194,-3.65363154300802,25531134,30.128148244068395,False
5913,Alcalá - San Gumersindo-Mateo Garcia,40.4325339926962,-3.65247039226541,101026302,6.494171431477522,False
5922,Alcalá  - General Aranaz-Arturo Soria,40.4382329598169,-3.63684007374803,255244404,9.637702740211903,False
5924,Alcalá  - Miguel Yuste-San Romualdo,40.4413943696185,-3.62498267441465,64944209,57.55785606067896,False
10702,Alcalá - Fernandez Lanseros-Angel Gonzalez Tejedor,40.4318075280737,-3.6572248032873,250634534,29.390741029931295,False
5946,Concejal Julio Gómez - Concejal Julio Gómezz-Alcalá,40.4330058376131,-3.65039911434925,1833010785,21.994573273990643,False
10007,Alcalá - Alfonso Gómez-Tampico,40.4397056579157,-3.63148507668845,64944200,10.559799174071431,False
10008,Alcalá - Albarracín-Tampico,40.4393341334654,-3.63252137078265,2208138727,21.177718464441455,False
5950,Hermanos García Noblejas - Vital Aza-Ascao,40.4336089090383,-3.63491979383219,3259658548,20.731898502904837,False
5951,Hermanos García Noblejas - Ascao-Santo Domingo Savio,40.432046586861,-3.63367597608596,1536618128,21.239369924521583,False
10348,Julian Camarillo - Hermanos García Noblejas-Albarracín,40.4335833102712,-3.63287606740346,31107188,72.96887846587579,False
10480,Julian Camarillo - Santa Leonor - Alfonso Gómez,40.4348648287864,-3.62768392503077,31066761,91.8839590749081,False
10482,Julian Camarillo - Santa leonor - Albarracin,40.434216830981,-3.63040172815873,31260445,92.64855213179032,False
10699,Hermanos García Noblejas - Villaescusa-Pobladura del Valle,40.4215138819214,-3.62600289345623,24969303,21.881587463841,False
10703,Hermanos García Noblejas - Pobladura del Valle-Av. Arcentales,40.4232183624421,-3.62724088946653,1325487087,23.180256845046678,False
10708,Hermanos García Noblejas - Castillo de Uclés-Castillo de Arévalo,40.426639275734,-3.62972006630427,2455932607,41.08459425288194,False
10342,Emilio Muñoz - Zaldivar - Alfonso Gomez,40.4325414759178,-3.62655814529446,307487421,25.646066822411477,False
10340,Emilio Muñoz - Rufino Gonzalez - Alfonso Gomez,40.4335513399041,-3.62459245927957,64936442,15.896634634590809,False
10486,Alfonso Gomez - Juan de Arespacochaga y Felipe - Emilio Muñoz,40.4339533502302,-3.62599342520918,211195838,30.979635098038447,False
6031,José Silva - Agastia-Arturo Soria,40.4553405972921,-3.6573705924657,100955658,85.48429598605058,False
6009,Arturo Soria - Ángel Gordillo-Emeterio Castaños,40.4622536520179,-3.66443740972991,3317821927,11.063699796534348,False
6013,Arturo Soria - Santo Ángel-López de Hoyos,40.4586324453967,-3.65896011182473,100963150,11.093601565757805,False
6014,Arturo Soria - López de Hoyos-Santo Ángel,40.4579629598629,-3.6584951789356,100963149,28.88718374430772,False
6015,Arturo Soria - Arturo Baldasano-José Silva,40.4567758152979,-3.65745761798723,100955655,38.261380738408775,False
6017,Arturo Soria - José Silva-Bueso de Pineda,40.454775696839,-3.65564843464085,100963140,11.578977745878541,False
6024,Arturo Soria - Fernández Caro-Marqués de Portugalete,40.4448838077857,-3.64547456542184,100962509,4.141706878489708,False
6025,Arturo Soria - Marqués de Pico Velasco-José del Hierro,40.4424379848434,-3.64149716597939,100962502,18.95485640517748,False
11469,Arturo Soria - Alcalá-López de Aranda,40.4405213296826,-3.6399478809103,100962496,39.48750053024292,False
6026,Emeterio Castaños - Mesena-Arturo Soria,40.4623050452823,-3.66326774430161,100964044,56.2081802605234,False
6030,Belisana - Belisana-Arturo Soria,40.457800837327,-3.65667473971358,100963148,104.6849070605729,True
6101,Añastro - Mesena-Arturo Soria,40.4675084716739,-3.66376480100451,254358937,27.320772895383076,False
6359,Virgen del Lluc  - José del Hierro-Alcalde López Casero,40.4345588938547,-3.65445764967471,2803333508,27.19116917355297,False
6360,Virgen de la Alegría  - Virgen del Portillo-Virgen de Lluc,40.4351635276328,-3.65566411936534,98975242,6.063096289213172,False
6361,Virgen de la Alegría - Virgen de la Alegría- Pl. José Banús,40.4338800399352,-3.65668191459614,4896207569,12.898251245759848,False
6366,Hermanos de Pablo    - Virgen del Portillo-José del Hierro,40.4386004371564,-3.64707522834715,2803333516,75.30338960646834,False
6502,San Hilario - Gonzalo Torrente Ballester - Luis Aragones,40.4460660895064,-3.6055920011585,8009196824,35.11373509460361,False
11016,Av Guadalajara - Canillejas a Vicálvaro-Albericia,40.4225883686148,-3.61176578422071,3220663545,30.880711782205005,False
11318,San Roman del Valle 20 - Arcos del Jalon-Guadalajara,40.4199392911456,-3.62107736342252,24967629,15.555331707622331,False
6442,Hacienda de Pavones - Pico Artilleros-Fuente Carrantona,40.4014158297447,-3.6374160971473,307997449,100.37517725727614,True
10670,Pico Artilleros - Mario Cabré - Pl. Corregidor Ldo. Antonio de Mena,40.4087272896804,-3.64035450540913,306217584,112.10128993439629,True
10960,Suecia - Bucarest-Pº Ginebra,40.4251686369256,-3.60416505970184,21525306,22.791142279038446,False
11266,"Suecia, 42 (CARRIL BUS) - Bucarest-Budapest",40.4262426995173,-3.60430946393979,21525303,20.24230432048219,False
11267,CARRIL BUS Suecia (Area Infatil) - Manchester-Julia Garcai Boutan,40.429781562531,-3.60513257450479,20952943,26.79825159043367,False
11269,"CARRIL BUS_Suecia, 24 - Sajonia-Francfort",40.4227270123206,-3.60690944078488,21991232,19.899351323363536,False
11289,"Niza, 67 - Plz Grecia-Mª Sevilla Diago",40.4342127025708,-3.60801749468091,2424952617,64.3517898655103,False
11404,Nicolasa Gómez 9 S-N - Boltaña y Alcalá,40.4439839218126,-3.61494555111548,88054005,8.793210890804618,False
11421,Alto del Esparragal 38 - Imperio Argentina-Miguel Delibes,40.4063382202407,-3.56406692579935,972890865,61.97428938792108,False
11422,Alto del Esparragal - Tolerancia-Miguel Delibes,40.4074853529944,-3.56310659459846,972891331,60.7293822491224,False
10895,Av. Entrevías - Concejo de Trevenga-Mejorana,40.386589922692,-3.67126299319376,306044435,29.95315807456607,False
10896,Concejo de Trevenga - Sierra de Albarracín-Av. Entrevías,40.3862494428381,-3.67209529209217,307699241,18.153680355699336,False
10898,Av. Entrevías - Mejorana-Sierra de Albarracín,40.3853978297614,-3.67090277328377,307678213,25.842713980934334,False
11155,Fco. Pi y Margall - (Niceto Alcalä Zamora-Gta. Jose Luis Fdez. del Amo,40.4846375674798,-3.6436453028677,965442092,77.84353704413643,False
11146,Fuerzas Armadas - P.P. (16-156)-Rocio Jurado,40.4867116350169,-3.63387669916926,969169795,85.1037663976353,False
11186,Emma Penella - Gta. Jose Luis Cubillo-Gta. Isidro Gonzalez,40.4814573044645,-3.62701207539477,1809170032,36.05370573976122,False
11187,Francisco Umbra - Juan Daniel Fullaondo-Gta. Isidro Gonzalez Velázquez,40.4809842603622,-3.62561457000672,1012899049,72.68221789102657,False
6510,Av. 25 Septiembre - Puertollano-Alcalá,40.4426184339186,-3.6240767861675,31335525,22.145571141936998,False
6511,San Romualdo - Albasanz-Alcalá,40.4407527456425,-3.62281927104996,355678700,39.77881390367057,False
6503,Alcalá - A2-Jaca,40.4482751941878,-3.60981470328705,30097698,10.312050902730345,False
10472,Albasanz - San Romualdo-Miguel YUste,40.4387195069033,-3.62291634768397,31107305,29.758791701776037,False
6538,Av. 25 Septiembre - Av. 25 Septiembre-Alcalá,40.4453439171977,-3.62567441624031,88976841,7.320770709603416,False
6539,Av. 25 Septiembre - Pl. Olivas-Alcalá,40.4452307432167,-3.62562945720399,88976893,7.259701358523032,False
5232,Av. Democracia - San Jaime-Ctra. Vicalvaro a Vallecas,40.3824826532088,-3.62474713078918,387668199,45.195117225713965,False
5233,Ctra. Vicalvaro a Vallecas - Bruno Abundez-Av. Democracia,40.3831985455694,-3.62702280327231,387666047,75.99758558643938,False
5234,Arboleda - Arboleda-Ctra. Villaverde a Vallecas,40.3843260944084,-3.62583235081051,29434754,54.91365246293672,False
9837,Ctra. Vicalvaro a Vallecas - Av. Democracia-Bruno Abundez,40.3833013045559,-3.62683177080133,387666047,93.85827736533484,False
5861,Av. Albufera - Av. Albufera-Cocherón de la Villa,40.3830138474336,-3.62986692868435,2670686891,27.645131218935777,False
11405,Alcalá 552 O-E - Eduardo Terán (San Mariano) Eduardo Terán,40.4450948798496,-3.61474557633243,29795725,13.239172418171886,False
6537,Pl. Olivas - Pl. Olivas-Av. 25 Septiembre,40.4454505706902,-3.62540957301571,88976841,19.513253713453157,False
11237,Av. Secundino Zuazo - Antonio Miró Valverde-César Cort Boti,40.49509981914,-3.61108732825057,1433108796,26.747670073021485,False
11244,Luis Moya Blanco - Juan Antonio Samaranch-Av. Secundino Zuazo,40.4946516487881,-3.61612822505367,13072334266,53.79938080215631,False
11279,Secundino Zuazo (CARRIL BUS) - Josefina Aldecoa - Luis Moya Blanco,40.4955658049048,-3.61571283696763,969169683,27.9794164859666,False
6549,Deyanira - Campezo-Arrastaria,40.4428206987188,-3.58476926288277,31035755,125.19157963574827,True
6609,Av. Francisco Pi y Margall - Vicente Blasco Ibáñez-Ana de Austria,40.4908287749797,-3.65947734649485,283592835,10.77538069486662,False
6611,Av. Francisco Pi y Margall - Ana de Austria-María de Portugal,40.4937744169509,-3.66423993914441,7053000507,24.88745385166213,False
10457,Ingeniero Emilio Herrera - M-40 - Niceto Alcalá Zamora,40.4957741560152,-3.6484492111732,221305765,114.30196628374448,True
10459,Fco. Pi y Margall - Octavio Paz - Vicente Blasco Ibañez,40.4900081006259,-3.65817926068354,262567314,32.55497212064197,False
6629,Alcalde Álvarez de Villaamil - Alcalde Henche Plata-Príncipe Carlos,40.4894720925106,-3.65079261402972,283606036,25.841401882220524,False
6630,Alcalde Redondo Aceña - Alcalde Henche Plata-Príncipe Carlos,40.4902399727948,-3.65111190213823,299507013,25.638015462352136,False
10783,Av. Mediterraneo - Castillo de Aza - Puentelarra,40.3850479260997,-3.60606333997216,29275117,57.373218446226815,False
10785,Av. Santa Eugenia - Castillo de Aza - Puentelarra,40.3825504971785,-3.61081734849786,309890495,76.4399066772552,False
10787,Av. Santa Eugenia - Virgen de las Viñas - Puentelarra,40.3813372124198,-3.60979803285615,309890495,85.00031217378607,False
5383,Av. Suertes - M-45-Jose Gutierrez,40.3685829045803,-3.60245988215474,3915084179,90.47604525949683,False
5384,Alto del Retiro - Av. Mediterraneo-Av. Suertes,40.3688522726131,-3.60122137848739,3915084184,69.36456221667407,False
10788,Rafael León - Av. Suertes-Bernardino Pantorba,40.3661072191871,-3.60025789341669,819669135,33.032436903417015,False
10756,Emigrantes - Tribaldos-Arequipa,40.4677354308721,-3.63718791352561,219415362,58.806974961685604,False
1001,05FT10PM01,40.4097291910074,-3.74078577959832,1426548688,41.184714236088865,False
1002,05FT37PM01,40.4080296789454,-3.74375951653097,255883323,18.421969209920686,False
1003,05FT66PM01,40.4068243015429,-3.74683415991325,255883378,28.627000887293857,False
6904,05TL00PM01,40.4003350239164,-3.64838868147728,1224507518,15.460632479633407,False
5425,(AFOROS)Av.Ilustración O-E - Av.Betanzos-Centro Cívico,40.480634434685,-3.71106505893019,161891037,93.77676317098836,False
6868,14NL24PM01,40.3940488948697,-3.70230143955258,1674022623,39.3764917564456,False
6866,14NL78PM01,40.3962454120344,-3.70712593836789,343318080,32.625257521025695,False
6869,14RA02PM01,40.394077322889,-3.70213414833184,1674022623,47.371540888093946,False
1025,14RA15PM01,40.3950247107441,-3.70236222556388,1674022623,79.56000179913127,False
1028,14RC10PM01,40.3965211985831,-3.70541806756188,6945960645,80.78497916499008,False
5442,(TACTICO)Santiago de Compostela E-O - Ginzo de Limia-Centro Cívico,40.4814655922285,-3.70902089339765,25920790,45.042600497906186,False
5443,(TACTICO) Pº Vaguada O-E - Centro Cívico-Ginzo de Limia,40.4814378916919,-3.70579499728432,25587438,35.55545686926217,False
6843,17XC08PM01,40.4074718186795,-3.72248543741816,332052226,44.07846914063399,False
6827,18NC20PM01,40.4183074150727,-3.72165923084861,315261895,57.65913337127244,False
1016,18NC52PM01,40.4204429791264,-3.7219285018838,21723233,33.20834805006866,False
1015,18NC52PM02,40.4204876688528,-3.72184282445172,338920029,29.29443135011332,False
1017,18NC80PM01,40.4222676084264,-3.72549083910588,26080636,82.79907997895599,False
6833,18RC06PM01,40.4172776417189,-3.72156168368363,32636471,81.64974832982644,False
6890,90EL69PM01,40.3821363535022,-3.68669012399338,248796204,125.94969735610947,True
6888,90ET09PM01,40.3795877984309,-3.68556728739347,2605034368,70.21829399843556,False
10463,Av. Ilustración O-E (Azobispo Morcillo - Nudo Norte) - Azobispo Morcillo - Nudo Norte,40.4841899418249,-3.69861853146875,264595984,42.475918158355405,False
5472,Raimundo Fdez.Villaverde O-E - Modesto Lafuente-PºCastellana,40.4462097213016,-3.69289643558466,25902910,29.47828149383508,False
5500,Pºde la Habana S-N - Pl.Quito-Segre,40.4506225446103,-3.68709374372124,101190157,34.01103130006757,False
5524,Mateo Inurria E-O - Manuel Ferrero-Enrique Larreta,40.4670186886284,-3.68473607526459,102279322,20.438692142643895,False
5549,(AFOROS)Principe de Vergara S-N - Colombia-Pl.República Dominicana,40.4575030805079,-3.67686685775373,29803007,43.22878959100849,False
5571,Pº de la Habana N-S - Honduras -Domingo Fernández,40.4593892290875,-3.68145520600418,102387112,24.18176994489928,False
5591,Costa Rica E-O - M-30-Pl.José Mª Soler,40.4597100470967,-3.66634946584471,1775159830,10.019754730224923,False
3452,(AFOROS)Principe de Vergara N-S (ES21) - Alberto Alcocer-Potosi,40.4575212965926,-3.67698619490129,1506821327,44.70214172629978,False
5638,Poeta Joan Maragall S-N - Francisco Gervas-Rosario Pino,40.4611392121,-3.69180506380629,81468688,49.34001231797407,False
5662,San Germán E-O - Julián Besteiro-Teresita González,40.456517252968,-3.6967772482774,81478198,13.544022538803235,False
5685,Bravo Murillo N-S - Marqués de Viana -Algodonale,40.4603261797886,-3.69869401323525,26412815,12.30493835325904,False
5686,Bravo Murillo N-S - Marqués de Viana-Maria Zayas,40.4596630896623,-3.69936486105464,93868939,8.060419865847773,False
5692,Bravo Murillo S-N - Rosa Silva-Oñate,40.4636611285792,-3.69628111047867,26412638,9.01841404055976,False
5700,Bravo Murillo S-N - Teruel -Avila,40.4518163705813,-3.70321204748535,339391878,6.005636000982283,False
5701,Bravo Murillo S-N - Avila-Juán de Olías,40.4529250687218,-3.70303395434252,26412911,9.115851715468859,False
5702,Bravo Murillo S-N - Manuel Luna-San Enrique,40.4553861075783,-3.70254169198699,26412871,39.05607914666881,False
5722,Orense S-N - Basílica-Reina Mercede,40.4496585265972,-3.69521239558676,3221366172,11.949664712134574,False
7018,Av. Filipinas 44 E-O  -  (Boix y Morer-Santander),40.4413765780411,-3.70660812543735,1924384878,15.887173892562545,False
5774,Av.Moncloa O-E  - La Granja - Del Valle,40.4463601674763,-3.71644564638714,150760537,37.56074520613244,False
3500,Juan XXIII - N-S  - Ramiro Maetzu - Av. Moncloa,40.4474852490782,-3.71745099220658,150760281,23.051831292194965,False
4488,Márques de Monistrol O-E - Entrada Pte Franceses por M-30,40.4341146261925,-3.73659753740803,25935795,25.366622730693418,False
7074,Dr.Esquerdo 35 S-N(Giro a Goya) - Jorge Juán-Fundadores,40.4237737951076,-3.66874810404683,26784088,5.665354341059662,False
10977,(BUS)CJAL. FCO. J. JIMENEZ Ø126 E-O (BERLANAS-SEPULVEDA),40.3997392978914,-3.75370398950704,877243551,75.6475334065988,False
3522,Méndez Álvaro O-E - (Ariel - M-30),40.3934512971881,-3.67794840412538,2078939183,36.2892733096536,False
10227,(TACTICO) VILLAGARCIA Ø61 O-E  (VILLAGARCIA-VILLAMMANIN),40.4051921959326,-3.75334332579786,6216162273,14.493640072004789,False
4772,(TACTICO) VILLASANDINO Ø41 E-O (PARODIA-VILLAMMANIN),40.405669768551,-3.75315402344338,255883315,13.258880578321863,False
4765,(TACTICO)GIRO CEBREROS FRENTE IGLESIA E-S (HIGUERAS-SEPULVEDA),40.4045669646272,-3.74772764818508,335389765,11.750482247436333,False
4827,AV.ROSALES Ø1001 E-O(AV. ANDALUCIA-EDUARDO BARREIROS),40.3691604446375,-3.69524887475296,175432055,27.028271693047465,False
10288,"BOHEMIOS, 12 O-E(MANOJO ROSAS-ALEGRIA HUERTA)",40.3564046873243,-3.69634984219725,13096173108,39.21377008876036,False
10858,AV.ANDALUCIA N-S(AMPUERO-GRAN VIA VILLAVERDE),40.3469494028331,-3.69308307417985,248803901,98.0721470197442,False
10859,GRAN VIA VILLAVERDE Ø87 E-O(MARTINEZ OVIOL-AV. ANDALUCIA),40.3461870641829,-3.69151234415295,248803898,102.91228871042401,True
10860,GRAN VIA VILLAVERDE Ø64 O-E(AV. LABORAL-AV. ANDALUCIA),40.3455849095876,-3.69414208932909,248803891,76.46624442365614,False
3624,DR. MARTIN AREVALO ENTRE Ø34 Y P.P. O-E(ALBINO HDEZ. LAZARO-REAL PINTO),40.3459461592173,-3.707003680318,3620963877,11.071358576470429,False
11040,(TACTICO)LAGUNA RODRIGO O-E,40.35202333938,-3.70565249764316,306359710,21.08875369336799,False
3625,AV. OSA MAYOR Nº 22 E-O (FCO. SANFIZ - ARAIZ),40.4599547097415,-3.77808302141382,266363088,9.340656760484219,False
5204,ALMANZORA O-E Nº 1 (CINCO LAGUNAS - PICO OCEJON),40.4606663275787,-3.79089470497661,31002119,22.73895539141005,False
5217,OSA MAYOR Ø8 E-O (CINCO LAGUNAS-SEXTANTE),40.4583969108365,-3.78895989360561,292698765,7.277220387528098,False
6634,"(TACTICO) VIRGEN DE LOS OLMOS, 1 N-S (RAFAEL VILLA - AV. VICTORIA)",40.4691659936822,-3.82070224373978,325203452,18.72855657978818,False
4909,OCAÑA Ø5 O-E(CAMARENA-VALMOJADO),40.3850339814617,-3.75897985835755,49429536,12.842046083137335,False
11024,AV. POBLADOS O-E(EUGENIA MONTIJO-CARABANCHEL BAJO),40.3753915421009,-3.74741691130805,301832574,62.184899489530814,False
4938,GUAYABA S-N(AGUACATE-ANTONIA RGUEZ. SACRISTAN ),40.3724800700257,-3.74721324698338,259652534,54.99060941868391,False
11212,AV. CARABANCHEL ALTO S-N (DIEGO TORRES VILLARROEL - JOAQUIN TURINA),40.3724930842345,-3.75175318351764,259645636,39.93919380291058,False
4964,CNO.VIEJO VILLAVERDE S-N(PLAN PARCIAL-AV.POBLADOS),40.3726337095543,-3.71061123076795,50664251,12.662858126726418,False
10991,AV.POBLADOS O-E(CTRA.TOLEDO-GUETARIA),40.3738014685771,-3.71748784451931,22570804,13.85245553830584,False
4983,EDUARDO BARREIROS S-N(ALERCE-CONIFERAS),40.3653345365681,-3.69812242431551,306165769,14.488178843035111,False
4984,EDUARDO BARREIROS N-S (SALVADOR  MARTINEZ-ARENAS REY),40.3658975336522,-3.69784964137273,306165852,6.5801640387369575,False
4985,AV.POBLADOS O-E(RAFAELA YBARRA-CNO.VIEJO VILLAVERDE),40.3731573070063,-3.71171916448416,306038067,23.892158891736596,False
4986,AV.POBLADOS E-O(PRADOLONGO-CON.VIEJO VILLAVERDE),40.3724999046904,-3.70900659615623,1356384453,113.90355757859082,True
11048,(TACTICO)SALIDA CANTON LIMPIEZA,40.3595964529729,-3.70218790549427,1981781080,37.55610270421146,False
10990,AV.POBLADOS E-O(RAFAELA YBARRA - GUETARIA),40.3737664405223,-3.71411517489408,1329856640,121.06439155836901,True
5883,ISLA DE AROSA 41 S-N(ISLAS CIES-AV. CARDENAL HERRERA ORIA),40.4817085452037,-3.7169377954909,31488956,26.95181265086748,False
5885,Fermín Caballero 70 E-O(Av. Betanzos- Esquivias),40.4821600078879,-3.7124748450218,642051838,52.805433795282134,False
5888,GINZO DE LIMIA S-N,40.4846929629981,-3.70782567571731,25920269,36.81644691813141,False
10051,COSTA BRAVA E-O(MORALZARZAL-MONASTERIO SILOS),40.4958380013551,-3.71820573950966,13430533084,57.71948741837852,False
10053,AV. VENTISQUERO CONDESA E-O(COLLADO TIROBARRA-COSTA BRAVA),40.4949975116415,-3.71849656054991,254461785,86.26304231511287,False
10887,ISLA DE AROSA N-S(ISLAS CIES-FERMIN CABALLERO),40.4812162443569,-3.71666059014803,31488955,14.537968769562667,False
5902,(TACTICO) ISLAS CIES O-E,40.481374117635,-3.71701445730745,390958490,20.38090200046275,False
10886,ISLAS CIES O-E(ISLA TAVIRA-ISLA DE AROSA),40.481157244278,-3.71752468076626,1846286778,15.988866859780856,False
10611,(TÁCTICO) INMACULADA CONCEPCIÓN N-S (GIRO MANUEL NOYA),40.3896651761747,-3.71172919627356,8807273562,13.62437444693571,False
10056,(AFOROS)MARCELO USERA O-E(ALMENDRALES-GTA.CADIZ),40.3877220142277,-3.70010918400878,306030213,11.86921564399921,False
11025,GRAL.RICARDOS E-O(SAN PATRICIO-BLASA PEREZ),40.3922118245562,-3.72599883062688,35486515,16.119997071141,False
5052,GRAL. RICARDOS O-E(NTRA. SRA. LUZ-BLASON),40.3830673094659,-3.74166300376652,301832261,14.823824677246352,False
5071,PORTALEGRE S-N(AV. ABRANTES-OPORTO),40.3847052146405,-3.72375595207812,301891683,64.2672889507933,False
11006,ANTONIO LEYVA S-N (PL. ELIPTICA-STA. LUCRECIA),40.3859311946582,-3.71724694217,4575653580,39.51149175670312,False
5101,OCA E-O(LAGUNA-GTA. EJERCITO),40.3882339792816,-3.74324392177967,21776034,4.980230534702486,False
5145,"CLARA CAMPOAMOR, 71 N-S(WENCESLAO-CARCASTILLO)",40.3799943390217,-3.73283545254995,301999482,35.39892794438574,False
10069,ARROYO DEL MONTE S-N(SENDA INFANTE-PL. TORCUATO FERNANDEZ MIRANDA),40.4909583277614,-3.72434065522595,1127671114,20.744331467004475,False
10317,GLORIA FUERTES E-O(SENDA DEL INFANTE-MENCHU AJAMIL),40.493533454963,-3.72727837879967,1127671280,41.57171626830342,False
6561,AV. LLANO CASTELLANO S-N (MAURICIO LEGENDRE - MANUEL TOVAR),40.4856463395596,-3.68410551279151,31462952,4.083781362856502,False
10334,AV. MONASTERIO SILOS O-E (SOBRADO - ARLANZA) CARRILES IZQUIERDOS,40.5096709104483,-3.69202058407181,264986721,18.819784198437706,False
10336,AV. MONASTERIO ESCORIALO-E (COLEGIATA CERVATOS -ARLANZA),40.511212781869,-3.69213412874928,2481824770,63.73404655499642,False
5880,COSTA BRAVA E-O(VALLE FUENFRIA-MONASTERIO HUELGAS),40.4984628070253,-3.707574378204,2489189068,6.950291378458783,False
10443,MONASTERIO CAAVEIRO S-N (MONASTERIO SUSO Y SUSO-MONASTERIO SILOS),40.504344748941,-3.69589460045561,319210362,49.550142411708286,False
10817,MONASTERIO ESCORIAL E-O (MONASTERIO DE SAMOS - MONASTERIO CAAVEIRO),40.5059076499063,-3.69654505896564,319210376,45.749086577035584,False
10188,QUINTANAVIDES N-S(PTE. REINA-FORESTA),40.4988563004856,-3.66922884021285,254531925,32.0285023138129,False
11294,VALCARLOS S-N (VILORIA DE LA RIOJA - AV. STO. DOMINGO DE LA CALZADA),40.503759946157,-3.66602486989275,256668084,24.2244272982056,False
10567,(MICRO) PORTICO DE LA GLORIA (JUNTO GR-5),40.5135958678368,-3.66467978430631,602191428,7.394156686840896,False
10361,(TACTICO) FROMISTA E-O (GIRO A PALAS DEL REY NORTE),40.510994560789,-3.67246808090233,13748259283,24.612703158534813,False
5178,AV. POBLADOS S-N(PADRE PIQUER-SEBASTIAN ALVARO),40.3907296725336,-3.767777128207,4063511792,31.360499159516962,False
7008,PTE SAN ISIDRO E-O (CARRIL DERECHO)(PSO. MELANCOLICOS-PSO. ERMITA DEL SANTO),40.403750158828,-3.72367562861884,21777564,81.30672637863509,False
5264,JACOBEO E-O (CUEVAS ALTAMIRA-PINAR SAN JOSE),40.36433778395,-3.75990209481094,309694383,11.902915899400407,False
10946,VIA LUSITANA N-S (AV. POBLADOS-HALCONERO DEL REY),40.3714953582143,-3.73665615257938,316228578,95.62729775328998,False
5281,GRAL RICARDOS E-O(MANUEL CARMONA-SALLABERRY),40.3956805558071,-3.71967919778015,309215485,10.265244385545378,False
3830,ANTONIO LOPEZ S-N(SEBASTIA GOMEZ-GTA.CADIZ),40.3870137042918,-3.69797507294268,26624253,7.626052401703351,False
11472,DR. TOLOSA LATOUR ( CAMINO DEL RIO Y DR. TOLOSA LATOUR 16),40.3733802720855,-3.70263491276118,27553848,23.99511152569022,False
5326,CAMINO LAS CRUCES N-S (JOSE JORDAN-JOAQUIN TURINA),40.3724588640276,-3.75758549631634,306163090,16.70989809818073,False
5341,OROVILLA S-N (M-40-SILVINA),40.3655254305167,-3.69210999732313,26280731,3.964174422786278,False
9988,(TACTICO) AV. ROSALES S-N (DELANTE DEL GR-3),40.3567901615981,-3.68119673443253,4897390195,17.942489154932254,False
5403,SAN EZEQUIEL E-O(AV. REAL PINTO-VALLE TOBALINA),40.3336229987467,-3.71451810404387,595769236,42.24085021921121,False
5023,Pº EXTREMADURA O-E(REPULLES VARGAS-SISEBUTO),40.4113124659338,-3.73472789730461,305396778,22.35119985753838,False
10987,PSO. EXTREMADURA O-E(FCO. BRIZUELA-NAVAS DEL REY),40.4099156723228,-3.73850088660792,423497522,3.657805053506762,False
5114,OCA ENTRE EDUARDO MORALES Y BLANDÓN SENTIDO E-O,40.3891266408619,-3.7387061563658,301999735,16.640002699725596,False
3640,(TACTICO)AYLLON S-N,40.3993239485816,-3.77673539039512,27636814,86.11706702168578,False
3850,(AFOROS) Genova O-E - General Castaños-Pl. Colon,40.4260039466159,-3.69252547121172,25906141,11.06433397916878,False
4191,DR. ESQUERDO S-N(LIRA-ESTRELLA POLAR),40.4090282329257,-3.66994418768707,150987793,64.59010405304747,False
3603,DR. ESQUERDO N-S(ALCALDE SAINZ BARANDA-MONEDA),40.4161093414814,-3.66948462195907,1436712986,20.1500072831566,False
3433,Dr. Esquerdo S-N - Valderribas-Garibay,40.4034644741185,-3.67270194620806,29565275,39.01211241510717,False
3914,Ramón y Cajal O-E - Principe Vergara-Marcenado,40.4516185756358,-3.67676064970623,98989165,68.66079371320167,False
3932,"(AFOROS) Serrano, 50 N-S - Ayala-Hermosilla",40.4275546882102,-3.68746505818727,1963430775,35.539285612763045,False
3953,LOPEZ DE HOYSO E-O(GOMEZ ORTEGA-PPE. VERGARA),40.4419715975188,-3.67742476528341,143664076,32.9621949841423,False
3969,Maria Molina E-O - Fco. Silvela-Principe Vergara,40.4374581337944,-3.6783083307347,267041344,55.844808427620755,False
3579,Conde Peñalver N-S - Maldonado-Juan Bravo,40.4332855985004,-3.67505580528573,143508736,20.65859003594335,False
7037,"Goya, 43 E-O - Nuñez de Balboa-Velazquez",40.4251535149547,-3.68289099686099,25552421,10.063270016065852,False
4031,Alcala E-O - Cardenal Belluga-Pl. Manuel Becerra,40.4292174043987,-3.66649379554405,25552326,78.25401519681563,False
4055,"O´Donnell, 16 O-E - Lope de Rueda-Narvaez",40.4215719156923,-3.67735470166749,21627182,14.599734618641003,False
10081,Alde Sainz de Baranda O-E - Menéndez Pelayo-Narváez,40.4169298214549,-3.67737264419647,4106025970,49.14765424080431,False
4093,BOLIVAR E-O(HIERRO-EMBAJADORES),40.391955196844,-3.69261114621297,26412422,52.229050589526295,False
4113,Po DELICIAS S-N(BUSTAMANTE-CANARIAS),40.4011090400005,-3.69393537484291,26501723,32.48158735087693,False
4149,ANCORA E-O(RAFAEL RIEGO-Po DELICIAS),40.4029542541379,-3.69243844185311,31009805,17.616927762233264,False
4170,CRA. SAN JERONIMO N-S(MARQUES DE CUBAS-Po DEL PRADO),40.4156113039818,-3.69557674146566,3208415477,21.01020847347235,False
4189,BATALLA DEL SALADO N-S(EMBAJADORES-FERROCARRIL),40.3999560217034,-3.6962682618685,31010369,8.595463936186276,False
4206,ATOCHA E-O(SAN PEDRO-SAN EUGENIO),40.4096564883632,-3.69327118551622,1416248973,55.45680052624825,False
4234,EMBAJADORES S-N(PALOS FRONTERA-SEBASTIAN ELCANO),40.4031564918965,-3.70099555003439,170909690,32.65148496987079,False
4251,CEDACEROS S-N(CARRERA SAN JERONIMO-ALCALA),40.417619050345,-3.69851417100618,21968143,16.38222037645448,False
7090,(MICRO) Po RECOLETOS(CIBELES - MARQUES DEL DUERO),40.4203989886628,-3.6924123290533,25901826,25.376508483535133,False
4239,RONDA TOLEDO O-E(TOLEDO-GASOMETRO),40.4062009070704,-3.70951850759256,26472001,12.400054493471647,False
3672,"GRAN VIA,52 S-N(SILVA-LIBREROS)",40.4210698409779,-3.70713558564493,26066631,3.688482271354047,False
4353,(AFOROS) PRINCESA S-N (SAN LEONARDO-VENTURA RODRIGUEZ),40.4253747687217,-3.71241159176563,26067294,36.58297105835792,False
4301,"GRAN VIA, 34 E-O(MESONERO ROMANOS-CONCEPCION ARENAL)",40.4202187546128,-3.7041282973348,25907101,18.18544228690014,False
4318,(TACTICO) SALIDA JARDINES PALACIO REAL,40.4200424358616,-3.71565488591586,26080697,36.34940288000054,False
4350,PRINCESA S-N(SERRANO JOVER-ALBERTO AGUILERA),40.4292492125773,-3.71522078630474,858587220,17.7898947071146,False
7066,ISAAC PERAL N-S(PL. CRISTO REY-DONOSO CORTES),40.4382054051823,-3.71784855116664,26211532,36.43256309537062,False
7067,Alberto Aguilera E-O(San Bernardo-Vallehermoso),40.4297607417627,-3.70713437042727,25935033,49.952029523285496,False
4390,San Bernardo N-S(Esquina Sta Cruz de Marcenado),40.4287596480411,-3.70610299996934,25934849,18.499612546290393,False
4391,Mártires Alcalá S-N(Sta Cruz Marcenado-Alberto Aguilera),40.4295716265133,-3.71236863745041,25935174,10.3192237917045,False
3619,Guzmán el Bueno N-S(Fdez de los Rios -Andres Mellado),40.435131443804,-3.71315151925665,26025865,20.967785080235004,False
4409,"Bravo Murillo, 25 N-S(Donoso Cortés-Fdez.de los Rios)",40.4358729659584,-3.70429211778783,298158521,11.639110354592386,False
10604,Blasco de Garay S-N (Alberto Aguilera -Rodríguez San Pedro),40.4312159521322,-3.71176842527532,25935138,12.681394027330926,False
4450,"Eduardo Dato, 4 O-E(Fernández de la Hoz-Zurbano)",40.4328086653694,-3.69473038557341,139951329,23.5337160062024,False
3716,REYES CATOLICOS N-S (DR. JIMENEZ DIAZ - AV. MEMORIA),40.4378880645109,-3.71968921136638,26579042,5.499841669936443,False
9930,AV.MIRAFLORES S-N(AV.COMPLUTENSE -SINESIO DELGADO),40.4586874601234,-3.72944257531727,32100092,54.88525716257729,False
9932,AV.MIRAFLORES N-S(GTA. MIRAFLORES-DEHESA DE LA VILLA),40.458658994259,-3.72959213188635,32100092,56.83202227095112,False
9931,SINESIO DELGADO N-S(MADRIGAL -AV.MIRAFLORES),40.4603011969228,-3.72823685569842,2480996607,42.25893886332562,False
3675,"AV. VALLADOLID, 65 N-S(LOECHES-DEPENDENCIA TRAFICO)",40.4297640653003,-3.73069066918166,21473043,21.114988929573954,False
4328,RONDA SEGOVIA S-N(ALGECIRAS-SEGOVIA),40.4129660013689,-3.71728183748723,26480828,7.617823214643885,False
4330,CUESTA DE LA VEGA N-S(CDAD.DE PLASENCIA-SEGOVIA),40.4145753791999,-3.71680984652252,26482302,32.778432872592084,False
3473,Alcalde MartIn Alzaga E-O(Aguilar de Campoo-Antonio Machado),40.4625629586133,-3.7186439760011,151400413,12.266581872224505,False
4321,CUESTA SAN VICENTE E-O(Po DEL REY-GTA. SAN VICENTE),40.42037440691,-3.71847345995203,26080715,24.649871805021323,False
9960,(TACTICO) VALLS FERRERA N-S,40.4542220723405,-3.71527260202389,150760768,23.709151665813746,False
3639,OFELIA NIETO S-N(FRANCOS RODRIGUEZ-VILLAAMIL),40.4606965896947,-3.70927468989106,93876097,60.12051224100587,False
3734,VILLAAMIL S-N(BUSTILLO -ISLA GOMERA),40.4609884425118,-3.70807428322482,50045873,7.317846071379603,False
10220,PAMPLONA S-N (FERNANDO OSSORIO -JERONIMA LLORENTE),40.4547062071248,-3.70557881821782,1016578391,12.83918121857854,False
3514,JUAN XXIII E-O(RAMIRO MAEZTU-MORERAS),40.4511622448937,-3.71710828256008,1135863592,71.96361036993852,False
4557,AV. BETANZOS S-N(MELCHOR FERNANDEZ ALMAGRO-LA BANEZA),40.4757700786329,-3.71138053098499,25687287,52.73444873614401,False
4558,FINISTERRE E-O(SINESIO DELGADO-VILLA MARIN),40.4751282801477,-3.69945631984245,26204788,56.06706474022257,False
3829,SINESIO DELGADO E-O(FINISTERRE -GINZO DE LIMIA),40.4749786237893,-3.70018000048972,26204784,57.27747890986669,False
10165,PSO. DIRECCION O-E (CAPITAN BLANCO ARGIBAY - ALBERDI),40.4696080093922,-3.70724679999843,5633301672,11.993414256351926,False
4588,PADRE FCO. PALAU Y QUER O-E (CASTELLANA - MAURICIO LEGENDRE),40.4741687941865,-3.68583731309619,31413993,8.08017291940862,False
4615,PADRE PALAU Y QUER E-O(AGUSTIN DE FOXA-MAURICIO LEGENDRE),40.4736893792332,-3.6841744179591,55971051,77.45756288715948,False
11507,(cctv)PSO. CASTELLANA MICRO (LATERAL),40.4712903750774,-3.68748898678826,25906987,8.79160548419567,False
4627,"LOPEZ DE HOYOS, 133 O-E(MARCENADO-RAMOS CARRION)",40.446633663788,-3.67027738827973,21473274,30.747456969853296,False
3690,"PRADILLO, 59 E-O(PANTOJA-NUREMBERG)",40.4488804024504,-3.67274779264552,143758899,6.774940978179263,False
4661,LUIS CALVO N-S(AZCONA-MARTINEZ IZQUIERDO),40.4361018092841,-3.6649695286891,13945772082,36.1187408360482,False
4682,AV.TOREROS E-O(CARTAGENA-FCO.SILVELA),40.4318779146594,-3.67079758816893,1537861047,24.615027024025544,False
4555,AV.BETANZOS N-S(AV. MONFORTE DE LEMOS-LA BANEZA),40.4774426653725,-3.71205518738589,26202148,25.487892343573428,False
5602,URUGUAY E-O (VICTOR DE LA SERNA-PUERTO RICO),40.4551225494365,-3.67314021958724,102188262,84.62341448889399,False
9971,Po IMPERIAL S-N (GIL IMON -JEMENUNO),40.4075520465812,-3.71707645627647,26483360,48.04122302515974,False
5748,Av. Pio XII E-O (Marques de Torroja - Av. Burgos),40.4720478066413,-3.67464403463908,3255683441,84.65292581492594,False
11033,Cesar Manrique N-S (Juan Sánchez-La Cabrera),40.4738206375728,-3.72075154807809,150866098,4.384248943305904,False
9898,Valle de Mena O-E (Antonio Machado-Valderodrigo),40.4707275480181,-3.71859485333842,344864101,22.240586721080184,False
5804,Av. Pablo Neruda - Luis Buñuel- Guillermo Pingarrón,40.3868104646296,-3.64550123534918,2611796013,50.32561806256157,False
5817,Av. Albufera - Perpetuo Socorro-Puerto Pajares,40.3941439981189,-3.66134491757965,317416661,19.911727327790345,False
5852,Av. Monte Igueldo - Av. Albufera-Antonia Calas,40.3970187989996,-3.66781831190805,343701717,5.047846228654198,False
5789,Av. Pablo Neruda - Cenicienta-Av. Buenos Aires,40.3813299072142,-3.65426926680033,306212807,14.297321889237745,False
5908,Alcala - Fernández Lanseros-Virgen de la Alegría,40.4317472581018,-3.65830333580446,3249538102,46.14310033475299,False
5909,Alcalá - Fernandez Lanseros-Angel Gonzalez Tejedor,40.431842717522,-3.65721319522489,250634534,27.117436742320123,False
5910,Alcalá - Alcalde Lopez Casero-Ventas,40.4319289791968,-3.65676733814669,25531138,0.8000159907900017,False
3776,Alcalá - Vicente Espinel-Vazquez de Mella,40.4365424613423,-3.64096840950724,250637505,36.679645564625105,False
10724,Alcalá - Hermanos Machado - Jose Maria Pereda,40.4329355999913,-3.64914993462004,25531129,24.849458707361055,False
5943,Miguel Yuste  - Miguel Yuste-Alcalá,40.4410099992387,-3.62551602071649,64944209,23.74211584579916,False
5971,Francisco Largo Caballero - José Arcones Gil-Hermanos García Noblejas,40.4238719134397,-3.62972112271347,25377773,92.63171958003794,False
10341,Emilio Muñoz - Valdecanillas - Castillo de Ucles,40.4338588983364,-3.6238252232324,1596099493,23.25225200048209,False
10723,Aquitania - Pl. Alsacia-Capri,40.4172410107944,-3.62213999923655,1811010970,55.71202015518813,False
10718,Alcalá - Concejal Julio Gomez-Florencio Llorente,40.4328035105627,-3.65072127718072,25531131,5.05954369635017,False
5996,Miguel Fleta - Albarracín-Hermanos García Noblejas,40.4311994077782,-3.63279173999622,601216385,19.48373709635448,False
6001,Gandhi - José Arcones Gil-Hermanos García Noblejas,40.4260336893625,-3.62985284195366,101215480,23.241007453387557,False
6003,Paredes de Nava - Idioma Esperanto-Hermanos García Noblejas,40.4203045037286,-3.62571397279067,976537449,2.5007883495682846,False
6027,Entrada desde M30  - M-30-Arturo Soria,40.4607331557737,-3.66329252134815,25925644,82.4013981939069,False
10125,Jose del Hierro - Dr. Vallejo - Mandarina,40.4399251881671,-3.64464440733763,244450456,2.214701498804657,False
11063,Julian Hernandez E-O - Angel Cavero-Asura,40.4551088675249,-3.65140904729124,224163786,68.90686965721626,False
6082,Av. San Luis - Av. Burgos-Condado de Treviño,40.4800168477775,-3.67286501139777,269972859,75.66534787487497,False
10739,Avda. San Luis - Golfo de Salónica_Arturo Soria,40.4754187960311,-3.66739559732255,3216358575,9.269807670789577,False
6125,Pico Artilleros - Luis de Hoyos Saínz-Camino Vinateros,40.4055288596411,-3.64074915844592,306102626,85.59355524113178,False
6129,El Bosco - Maruja García Romero-Cerámica,40.4043796890777,-3.6545883486609,260288131,3.5301529382762267,False
6130,Acceso desde Vía Servicio A-3 - El Bosco-A-3,40.4044079986314,-3.65438760650228,260288131,17.850847079846716,False
6144,Vital Aza - Luis Ruíz-Emilio Ferrari,40.432425434064,-3.64099115849924,100971329,37.81884202068106,False
6176,Francisco Largo Caballero  - José Arcones Gil-Av. Daroca,40.4231873788354,-3.63440153634111,3258631115,103.27042944005088,True
6198,Av. Daroca  - Calahorra-Casalarreina,40.4069749056278,-3.61379674603957,307531926,30.66502116031321,False
6990,Bulevar Indalecio Prieto - Poetas-Bulevar José Prat,40.3965267666488,-3.6227496237077,268425201,34.323685752102094,False
6244,Av. Machupichu - Mota del Cuervo-Silvano,40.4637854080638,-3.63541315298841,25931234,22.918101330958727,False
6245,Av. Machupichu - Pl. Manuel Rodrigo-Silvano,40.461573459559,-3.63499628642732,220668145,55.33858792189479,False
10150,Plaza Andrés Jáuregui - Ramón Power-Silvano,40.4632083159287,-3.62970292688021,219406407,4.159005173526972,False
11133,Moscatelar - Retamar - PL.,40.4572062531746,-3.64635523103384,353021610,14.284440533580282,False
6298,Arequipa - Torquemada-Emigrantes,40.4690243516252,-3.64026139765667,219435127,88.22034983604708,False
6299,Ayacucho - C.O.E.-Mar Adriático,40.469699098725,-3.63665215466502,10808076044,101.90394298718465,True
10651,Nevado del Cumbal - Chiquinquira - Aconcagua,40.4697519289589,-3.63119745440763,253067724,106.98728670305586,True
10540,Alcalá - A-2 - Jaca,40.4487093469644,-3.60920701491892,255163388,14.102550827900407,False
6376,Av. Badajoz - Martínez Villergas-Salvador de Madariaga,40.4411431505175,-3.65582517219104,250842755,35.02464297675351,False
6405,Av. Arcentales - Albadalejo-Av. Canillejas a Vicálvaro,40.4342103703405,-3.61335312604052,24966920,66.3831717671213,False
11303,Canillejas a Vicalvaro 80 - Pobladura Valle-Salida Gasolinera,40.4258531574996,-3.61161952447066,4540340472,38.166864343465654,False
11304,Canillejas a Vicalvaro 155 - Guadalajara-Rusia,40.423116255814,-3.61137251828542,21991223,38.81550621412683,False
11307,Guadalajara 126 - Francfort-Austria,40.4242263353019,-3.60728959998182,21991220,18.65979679615317,False
11308,CARRIL_BUS_Suecia 6 - Marsella - Rumania,40.4216312531962,-3.60995906767293,20960713,31.37487522990211,False
11309,Suecia 6 - Marsella - Rumania,40.4216564771149,-3.60997348275136,20960713,31.18501809533958,False
11310,CARRIL BUS Suecia 5 E-O - Rumania-Marsella,40.4218277200477,-3.60967412954063,21472178,13.541335972221178,False
11317,Av. Guadalajara 53 - República Checa-Bulgaria,40.4199743764997,-3.61886959465848,24969289,81.24444396845948,False
6418,Albaida - Albaida-Av. Canillejas a Vicálvaro,40.4339415983432,-3.61229314427135,25375457,17.840696775136312,False
6438,Av. Doctor García Tapia - Molina de Segura-Av. Moratalaz,40.4093953056578,-3.63945487996038,7827910473,51.051245849479194,False
6461,Fuente Carrantona - Av. Doctor García Tapia-Mario Cabré,40.4065553139557,-3.63218806152111,255148265,99.20473418653464,False
10238,Av. Arcentales - Sofia - Estocolmo,40.4335175455242,-3.60232489589823,20963062,22.680989751435213,False
11291,"Maria Sevilla Diago, 24 - Niza-Suecia",40.4332367132523,-3.60737013542042,20952927,34.74384383759959,False
11429,Ilusion 12 - Tolerancia-Miguel Delibes,40.4043771739853,-3.55636321464962,972890975,67.1770677948164,False
10899,Av. Entrevías - Mejorana-Sierra de Albarracín,40.3853746205696,-3.67085648913209,307678213,25.991238131793516,False
10778,Av. Entrevías - La Mancha-Membezar,40.3814678755688,-3.66856514768021,306043560,24.812845498371466,False
11190,Av. Fuerzas Armadas 298 E-O - Av. Fuerzas Armadas 298-Gta Isidro Gonzalez,40.4822950743108,-3.62309029291424,1825544548,145.2225489005513,True
11271,Av. Fuerzas Armadas (CARRIL BUS) - Av. Fuerzas Armadas 298 - Gta. Isidro González Velázquez,40.4824889098567,-3.62466558976896,1825544548,10.3816924373096,False
3698,Miguel Yuste - Gta. Arcentales-Emilio Muñóz,40.4337160174274,-3.62199748602708,64938375,25.881322556308294,False
10474,Alabasanz - Balentin Beato - Rufino González,40.4379826013262,-3.6256278050065,3682123514,13.542660947927173,False
10478,Albasanz - Santa Leonor-Alfonso-Gómez,40.4371014505943,-3.62860844169608,31107294,68.48415132991192,False
11224,Av. Manuel Fraga Iribarne - P.P.-Gta. Javier Bellosillo,40.4903341591102,-3.60830745407683,11284299603,58.22136398774337,False
11226,Av. Manuel Fraga Iribarne - Gta. Javier Bellosillo-Av. Manuel Fraga Iribarne 115,40.4918177573719,-3.60835423310331,1012898995,37.528493824775154,False
11227,José Antonio Fernández Ordóñez - Gustavo Pérez Puig-Gta. Javier Bellosillo,40.4914311273818,-3.60757954590722,965442408,58.07733862864372,False
11214,Acceso Gta.Jose  Antonio Corrales (Carril BUS) - Gta. Antoñete-Jose Antonio Corrales,40.4845916416552,-3.60819045150924,965441855,23.93282178455541,False
6601,Av. Niceto Alcalá Zamora - Sauceda-María de Portugal,40.5012682645386,-3.6602035514912,2089433540,31.44395312245946,False
3796,Av. Burgos - Camino Fuencarral a Hortaleza-Puerto de Somport,40.4946964331652,-3.66782624496949,255628102,31.68829461969133,False
6593,Vía de servicio - Salida hacía a A-1,40.5022517731427,-3.66187646013562,611362638,49.229015637101234,False
9866,Av. Ingeniero Emilio Herrera - Princesa de Eboli-Infanta Catalina Micaela,40.490316235451,-3.65421846412774,262304515,26.06850172906669,False
9869,Príncipe Carlos - Octavio Paz-Luis Jimenez de Asua,40.4924620294291,-3.65441460503573,272110775,39.03027862289385,False
10786,Puentelarra - Puentelarra - Av. Santa Eugenia,40.3818440576866,-3.61056997803875,309890495,34.81562956531007,False
9834,Ctra. Vicalvaro a Vallecas - Av. Albufera-Bruno Abundez,40.3830190195168,-3.62913265642944,308621275,76.30198947608132,False
5862,Cocherón de la Villa - Cocherón de la Villa-Av. Albufera,40.3823873497538,-3.63081097532093,387675892,21.425397504693862,False
5361,Av. Ensanche de Vallecas - Alto de la Sartenilla-Peñaranda de Bracamonte,40.3694829857609,-3.61132698418125,819551620,33.849024626661055,False
5362,Peñaranda Bracamonte - Av. Entrepeñas-Av. Suertes,40.371674433404,-3.6071244841311,60338132,30.4161461748541,False
5364,Peñaranda de Bracamonte - Barranco del Novillo-Av. Suertes,40.3705639781339,-3.60796853954971,60338315,27.428689731185244,False
5365,Av. Suertes - Corral Almaguer-Peñaranda Bracamonte,40.3714268307794,-3.60820510590401,1826989328,34.98823987758965,False
5367,Av. Ensanche de Vallecas (carriles centrales) - P.P.-M-45,40.367513539941,-3.60736013071392,819551667,54.72554054277373,False
11124,Av.Ensanche Vallecas O-E Vía de Servicio - C/Entrepeñas y Acceso a M-45,40.3678103734903,-3.60824463652552,819551683,49.6855381921043,False
3800,PM10612,40.431105354227,-3.66093808939342,3144566011,11.912390469306848,False
6664,,40.4273056339599,-3.66033796639911,21473251,20.408685027745726,False
6666,PM10711,40.4217375641324,-3.65921482976453,3147825084,119.17386328111887,True
6685,PM11201,40.3839064008437,-3.68459262161535,306155053,115.05986201367587,True
6686,PM11208,40.3837910470332,-3.68459372579801,306155053,111.36314491524892,True
6687,PM11301,40.3842662314535,-3.69181721813961,21724064,33.21137370098999,False
6688,PM11303,40.3842251756247,-3.69188561427159,21724064,32.951973768599004,False
6692,PM12211,40.4448807878793,-3.73967304503102,341934533,24.103757985335797,False
6693,PM12241,40.4502638614798,-3.74183386574573,21473082,4.111182100535437,False
7130,PM13212,40.4835425857139,-3.67509043283264,13330223616,24.234868889107293,False
7013,PM13221,40.4848780133801,-3.67239309907625,8418541718,35.516764947208216,False
6726,PM20412,40.4503308117373,-3.66231028074641,25925881,18.32722103189505,False
6727,PM20441,40.4456585444421,-3.66093589530049,355637093,46.49065152733687,False
6728,PM20442,40.4457675757983,-3.6606796420968,355637093,70.52335692981875,False
6729,PM20471,40.4425353380727,-3.65941192502529,21473226,62.030622049804336,False
10179,PM20942,40.4040055296873,-3.66601818148485,2493682299,50.97884409042782,False
10178,PM20948,40.4039509387032,-3.6659288442896,2493682299,60.66930530344873,False
6661,PM40463,40.443697892273,-3.66356939958395,149156603,15.446466594785216,False
10198,PM40011,40.5023937259471,-3.65974015734169,1163945218,50.03789206700692,False
10205,PM41201,40.3769527891649,-3.6841173388011,2266164550,84.59831909606257,False
6786,PM33152,40.4812671788642,-3.68504025628567,297767512,54.30632078936621,False
11387,PM33151,40.4808634333497,-3.68527507798224,13953890789,17.774715086463,False
6807,PM43151,40.4808499533734,-3.68545883453584,13953890789,22.68935974274904,False
11369,PM43153,40.4811121496604,-3.68552371215343,297767512,42.90716876194612,False
6808,PM43152,40.4808445551671,-3.68558273726047,13953890789,30.607467206528362,False
6520,Miguel Yuste - Emilio Muñóz-Julián Camarillo,40.4354930206967,-3.62298592270269,211195861,11.143340771025878,False
10473,Alabasanz - Balentin Beato - Miguel Yuste,40.4380596443866,-3.62521544676102,31107303,17.921650442145896,False
11403,Alcalá 552 O-E (Av.Canillejas a Vicálvaro - Nicolasa Gómez) - Avda Canillejas a Vicálcaro y Nicolasa Gómez,40.4441675316203,-3.61601384775728,29795722,9.331801349257052,False
6540,Esfinge - Esfinge-Alcalá,40.4468577569509,-3.61149677235734,30097696,23.43655991886536,False
11222,Av. Manuel Fraga Iribarne - Fernando Higueras-Gta. Antonio Valdés González Roldán,40.4865919757383,-3.60830843626505,1433108703,25.958683973175436,False
9956,Pirra - Euterpe-Ctra. Acceso Est. O`Donnel,40.4461227235727,-3.59263316127448,31503223,21.04566197865069,False
6644,PM10141,40.4708744838392,-3.6717572068267,1296837952,10.334815977335664,False
6725,PM20411,40.4502596739976,-3.66253966720012,25925881,2.64248107150605,False
3533,PM22081,40.4341777379742,-3.73830666100415,21682720,32.489411794096085,False
6778,PM31451,40.3907627228456,-3.71014022154708,1014628782,19.039425465639372,False
3705,PM41451,40.390707487804,-3.70993796845397,1014628782,14.301233034846902,False
10194,,40.427257030738,-3.65989699031949,319773992,33.89842898019619,False
10297,PM10293,40.4601917868638,-3.6653767533352,1775159838,39.45271273036963,False
1032,15RC05PM01,40.3979985891989,-3.71049242104695,2136384930,40.44032329514311,False
1037,15RR22PM01,40.3975203020972,-3.7130051188735,315250726,38.28761605765537,False
6864,15RR41PM01,40.3984540414702,-3.71134742470928,315249718,44.766148756840664,False
1036,15RT07PM01,40.3974274414567,-3.71302475804257,315250726,41.33572670509939,False
1035,15RU11PM01,40.3973507895266,-3.71303912269376,315244935,42.45963821376632,False
6862,15RV01PM01,40.3990077130834,-3.71176166789825,1674022638,52.318130200618334,False
6851,15RV50PM01,40.4004757115804,-3.71630345417119,21723939,49.845189633591865,False
6853,15XC54PM01,40.3991788480735,-3.71446241725042,21723947,58.688843977699854,False
6854,15XL49PM01,40.3989742769744,-3.71442981912105,21723947,42.5453172448909,False
6847,16NC07PM01,40.4002597388433,-3.71981256943487,315250520,106.58258970334752,True
6845,16NC75PM01,40.4052446473327,-3.72230046557418,332053140,18.087014082546535,False
5543,Av.Pio XII N-S - Macarena-Alfonso XII,40.4614892244054,-3.67641340074973,102375920,11.547816931673244,False
3632,SANTUARIO N-S(ANTONIO PADUA-EVANGELIOS),40.3841280179027,-3.69990308862975,306028643,45.4313744678255,False
5089,MERCEDES DOMINGO N-S,40.385373693713,-3.72180530550303,301891481,18.028987468991826,False
11442,AV. CAMINO SANTIAGO + ACCESO M-40 S-N,40.5129009737176,-3.6646601419652,239736431,9.968719483265456,False
3973,Principe Vergara N-S - Lopez Hoyos-Francisco Silvela,40.4405837621592,-3.67887061908133,1505081117,20.606995064551256,False
9963,AGUSTIN DE BETANCOURT N-S (SALIDA TUNEL AZCA-MAUDES),40.4453086802209,-3.69513809682151,8423842236,41.468508219789385,False
4322,Po DEL REY N-S(IRUN-CUESTA SAN VICENTE),40.4210866163617,-3.71811850693261,1359745698,6.730993307795438,False
10000,(TACTICO) SALIDA POLICIA,40.4289197757956,-3.72954630804408,21473041,35.4439266975084,False
3518,Jerez E-O - an Telmo-Pº de la Habana,40.4643262158279,-3.67905123716859,102224464,57.22027159397953,False
3425,Bravo Murillo N-S - Navarra-Castilla,40.4535116808247,-3.70302788733741,26412886,3.7291624333100883,False
5905,(TACTICO)SANGENJO S-N,40.4879602119157,-3.69868313574274,26209494,20.320376933170994,False
6271,Carril del Conde - Carril del Conde-Ctra. Canillas,40.4625535200839,-3.65327763968501,1489535622,15.990457214530473,False
3635,MICRO MARCELO USERA CCTV,40.3852449261311,-3.71674268739512,252796107,8.403097764998972,False
9982,Av. Entrevías - Hernández Más-La Mancha,40.3814841961918,-3.6685368325475,306043560,24.467524635920743,False
5866,Tranvía de Arganda - Cocherón Villa-Albufera,40.3836854980056,-3.63280685253253,308621496,28.338258869656077,False
6507,Acceso A-3 - Acceso A-3-Av. Democracia,40.3901453673221,-3.62126952106139,31031297,43.097110918731644,False
5357,Peñaranda de Bracamonte - La Adrada-Av. Ensanche de Vallecas,40.369419802814,-3.60902488439154,60338316,28.37385625768676,False
5358,Av. Ensanche de Vallecas (carriles centrales) - P.P.- Entrepeñas,40.3680876401716,-3.60824069768718,819551624,35.528694989024956,False
5359,Peñagrande de Bracamonte - Puentedey-Av. Ensanche de Vallecas,40.3679822257933,-3.61014979882676,2611795864,31.79469871876417,False
5366,Av. Ensanche de Vallecas - Via de servicio - P.P.-M-45,40.3674158877066,-3.60744344995736,819551667,53.252679230923846,False
6642,PM10091,40.4760379565892,-3.67439453436033,25965172,46.16177376899906,False
6689,PM11981,40.427401792612,-3.73465887740105,26080287,21.859215746807493,False
7036,Dr. Esquerdo S-N - Vaderribas-Garibay(Giro a Cavanilles),40.4034846310015,-3.67273987131569,29565275,39.01604823461363,False
3440,MORERAS S-N(RAMIRO MAEZTU-JUAN XXIII),40.4520251360538,-3.71825669392158,100996354,48.764189561112275,False
4574,AV. ASTURIAS S-N(Po DIRECCION-SINESIO DELGADO),40.4730626921532,-3.700769389048,26204995,39.08492550265892,False
4590,SALIDA TUNEL N-S(Po CASTELLANA)A 90MTS,40.4749544800514,-3.68716042454187,354928994,18.98696135725254,False
9835,Bruno Abundez - Bruno Abundez-Ctra. Vicalvaro a Vallecas,40.3833033997289,-3.62820842328872,308621679,21.20744849439882,False
5368,Av. Ensanche de Vallecas - Via de servicio - P.P.-M-45,40.3664869109778,-3.60473897697902,1447213732,56.31163978748284,False
5369,Av. Ensanche de Vallecas (carriles centrales) - P.P.-M-45,40.3663986447384,-3.60480714723639,1447213732,58.38697529410049,False
7071,Pº Castellana S-N (José Abascal - Rios Rosas),40.4391698550919,-3.6910686256373,25902692,32.18960847316091,False
3469,SAN FRANCISCO DE SALES S-N (ANDRES MELLADO - GUZMAN EL BUENO),40.4416838753425,-3.71389974862777,27516626,14.275871887962063,False
4505,FRANCOS RODRIGUEZ O-E (DR.FEDERICO RUBIO-PABLO IGLESIAS),40.4576437706213,-3.71260785972169,11240395832,47.02790277607098,False
4601,ARZOBISPO MORCILLO E-O(TUNEL A 180M) (ACC.TORRES-PEDRO RICO),40.4798541560891,-3.68828389455314,2484924975,48.682469752179195,False
4656,AV.TOREROS E-O(FRANCISCO SANTOS-RAFAELA BONILLA),40.4323827060751,-3.66632379749467,6140940453,20.507757491523197,False
4657,AV.TOREROS O-E(FRANCISCO SANTOS-JULIO CAMBA),40.4323740040497,-3.66606256297727,6140940453,3.67851641645546,False
3416,(AFOROS)AV.BRASILIA S-N(BRESCIA-AV.BONN),40.4370892106673,-3.66102999870588,2166869430,10.545614917330246,False
4672,BRESCIA E-O(AV.BRASILIA-AV.BRUSELAS),40.4364501382904,-3.66292681380896,149235645,20.0025106552194,False
4688,Po IMPERIAL S-N(FCO. NIEVA - PL.FRANCISCO MORANO),40.4037123605565,-3.71571581008624,8546525451,9.059501876454414,False
4690,Po PONTONES E-O(PARADINAS-Po MELANCOLICOS),40.4041562743319,-3.71955247132691,26471896,12.195388709097692,False
4707,COLEGIATA O-E(TOLEDO-ROMANONES),40.412947020587,-3.70629557761231,21951386,15.859575920722543,False
4708,TOLEDO S-N(DUQUE DE ALBA-COLEGIATA),40.4121569901967,-3.70782521227664,26480872,7.338169920117458,False
9883,Monforte de Lemos E-O(Puerto Maspalomas-Cno. Ganapanes),40.4771015344992,-3.71547507228029,11664930751,37.30197903694602,False
9884,Monforte de Lemos O-E(Candido Mateos-Cno. Ganapanes),40.4765931483381,-3.71713749709931,26231279,79.33780532599113,False
9900,Valle de Mena E-O(Central)(Cno. Ganapanes-Buitrago de Lozoya),40.4702041782408,-3.71623479897292,353230277,58.58394978207603,False
9975,CAMINO GANAPANES S-N,40.4704358090917,-3.71451592107326,2008329631,7.5867365784247625,False
5803,Martínez de la Riva - Arroyo del Olivar-Párroco Emilio Franco,40.3931159970616,-3.66606576508628,247989374,9.46866830300858,False
11526,Cenicienta 11 - Reina de Africa-Pablo Neruda,40.3806131505282,-3.65734770718427,371249604,65.71168765592087,False
11527,Cenicienta 4 - Cleopatra-Pablo Neruda,40.3822884365874,-3.65737886704167,306101585,82.77576563426967,False
5821,Av. Albufera - Josefa Díaz-Cantalapiedra,40.3917648703868,-3.65651481067163,1348309074,39.61617893138135,False
5822,Av. Albufera - Cantalapiedra-Josefa Díaz,40.3918270799442,-3.65654640433235,1348309074,33.33300378869093,False
6945,Av. Albufera - Fuengirola-Rafael Alberti,40.3870436260313,-3.63930442335501,316635714,54.29428739229622,False
5842,Av. Albufera - Fuengirola-Acceso M-40,40.3859660799435,-3.63713536285068,316748674,76.62626189243147,False
5860,Av. Albufera - Cantalapiedra-Josefa Díaz,40.3921925866285,-3.65751795854905,317560955,7.808220091306992,False
5841,Av. Albufera - M-40-Av. Albufera 300 P.P.,40.385747821461,-3.63639650410507,31030277,37.73153212487987,False
5868,Sierra de Cameros - Peña Gorbea-Av. Albufera,40.3956992177182,-3.6646695497843,1877642169,18.903434013784945,False
5869,Puerto Pajares - Peña Gorbea-Av. Albufera,40.3954501560117,-3.66422376234491,1877642168,20.613941478288503,False
3593,Alcalá - Vicente Espinel-Vazquez de Mella,40.4370297859992,-3.63995601830061,25531124,3.799558922653483,False
3594,Alcalá  - Arturo Soria-Albarracín,40.4381976991885,-3.63672110226802,255244404,4.6483072192048605,False
5931,José Villena  - Jose Villena-Alcalá,40.4315126696215,-3.65575451498992,25531137,60.60603318003005,False
5932,Alcalde López Casero  - Alcalde López Casero-Alcalá,40.4328490609054,-3.65559378921347,1833010724,15.779998821825737,False
5933,Mateo García  - Mateo García- Alcalá,40.431770319763,-3.65312555564349,101029011,44.51181579990531,False
5940,Hermanos García Noblejas - Caunedo-Alcalá,40.4370464598334,-3.63733429830611,255244409,16.282219991706164,False
5941,General Aranaz   - López de Aranda-Alcalá,40.4391265117945,-3.63584482543196,114124738,28.22673566186062,False
5942,Hermanos García Noblejas - Alcalá-Caunedo,40.4372838328195,-3.63771504883542,8783677556,4.242493855023264,False
10559,Alcalá - Tracia-Estigia,40.4402812752114,-3.62903561637412,2208138743,8.51888355528821,False
10721,Hermanos García Noblejas - Caunedo-Alcalá,40.4370295044256,-3.63725295809627,255244409,21.025530210570825,False
10715,Alcalá - San Gumersindo-Mateo Garcia,40.4325635570482,-3.65245964652525,101026302,7.502198892978035,False
10705,Alcalá - Alcalde Lopez Casero-Ventas,40.4319762785203,-3.6567374756543,25531138,5.25148439158734,False
10818,Alcalá - Santa Elena - Florencio Llorente,40.4326427231375,-3.65187408445399,25531132,26.5361345371927,False
11038,Alcalá - Misterios - Luva,40.4376428633187,-3.63875338087249,3259724318,13.625357049785215,False
11059,Federico Gutiérrez - Alcalá-Germán Pérez Carrasco,40.4348365229118,-3.64506079377081,25531121,24.467246317343626,False
11172,Alcalá - Lago Constanza-La Argentina,40.4331622520398,-3.64825416645265,25531118,5.190674547961405,False
11180,Alcalá 361 - Federico Gutiérrez-Emilio Gastesi Fdez,40.4345420300919,-3.64524689739141,1833026273,20.410687037620225,False
11179,Alcalá 361 - Federico Gutiérrez-Emilio Gastesi Fdez,40.4345184098956,-3.64522726218208,1833026273,20.018648292911795,False
10717,Hermanos García Noblejas - Miguel Fleta-Julián Camarillo,40.432488909564,-3.63410347210417,3259658529,33.87512432035396,False
5955,Hermanos García Noblejas - Emilio Muñóz-Valdecanillas,40.4295692416073,-3.63190022781741,307487260,11.601857154570569,False
5956,Hermanos García Noblejas - Gandhi-Fco. Largo Caballero,40.4257107108867,-3.62929008960811,351642184,43.13664492944137,False
5972,Pobladura del Valle - San Román del Valle-Hermanos García Noblejas,40.4224338070205,-3.62590727368653,24969014,19.263515488293834,False
5973,Hermanos García Noblejas - Pl. Alsacia-Pobladura del Valle,40.4185674333191,-3.62394197665256,4546169967,57.95345252271259,False
5979,Hermanos García Noblejas - Castillo de Uclés-Castillo de Arévalo,40.426658462959,-3.62980228881497,2455932607,34.14736338788518,False
10345,Emilio Muñoz - Hermanos García Noblejas - Valdecanillas,40.4307107988703,-3.63073443431023,1602150570,29.960830615721243,False
10344,Emilio Muñoz - Valdecanillas - Epifania,40.4316491957202,-3.62852230305545,3055036365,23.37107013294415,False
10343,Emilio Muñoz - Zaldivar - Sta. Leonor,40.4324343719771,-3.62692403536848,307487421,7.802751346368593,False
10481,Julian Camarillo - Alfonso Gómez - Santa Leonor,40.4348627324145,-3.6278465565504,31066761,104.59996254858787,True
10483,Julian Camarillo - Albarracin - Santa Leonor,40.4341947470164,-3.63024808885691,31260445,80.41958747757003,False
10706,Hermanos García Noblejas - Gandhi-Av. Arcentales,40.4257272258184,-3.62937141005681,351642184,48.097154950951214,False
10704,Hermanos García Noblejas - Francisco Largo Caballero-Pepe Ysbert,40.4234360055394,-3.62771291965151,1325487087,30.398184949197457,False
5998,Castillo de Arévalo - Llanes-Hermanos García Noblejas,40.4279120269886,-3.63036950091469,4894332804,3.8219833937913004,False
6000,Hermanos García Noblejas - Esculano-Castillo de Uclés,40.4260176129004,-3.62936647285938,2455932578,22.0161296468544,False
6010,Arturo Soria - Emeterio Castaños-Allende Salazar,40.4613797550785,-3.66336215064066,25925643,52.45121309130183,False
6011,Arturo Soria - Emilio Rubin-Pablo Vidal,40.4605035857583,-3.66208886732253,285888298,13.221278466369679,False
6012,Arturo Soria - Navarro Amandi-López de Hoyos,40.4596058191977,-3.66027461593225,100963152,16.82468913166361,False
6019,Arturo Soria - Emilio Vargas-Hernández de Tejada,40.4487306123329,-3.65081502074129,100958299,13.832294800709885,False
6020,Arturo Soria - Josefa Valcárcel-Gregorio Benítez,40.4480961288481,-3.65016329922788,1602183733,25.490566334791442,False
6021,Arturo Soria  - Condesa de Venadito-Hernández de Tejada,40.446774120619,-3.64898861806659,243522599,21.89011670029009,False
6028,Navarro Amandi - Mesena-Arturo Soria,40.4606895575378,-3.66018133852367,100963154,95.7120930236307,False
6029,López de Hoyos - Pedro Salinas-Arturo Soria,40.4580762083586,-3.66032544935021,253115751,45.271549314850894,False
6044,Arturo Soria - Lorenzo Solano Tendero-Estrecho de Mesina,40.4524569115736,-3.65359753813428,100955664,28.74346968916678,False
6045,Arturo Soria - Estrecho de Mesina-Lorenzo Solano Tendero,40.4519765527782,-3.65307174002198,100963136,23.663351764139577,False
10121,Arturo Soria - Emilio Vargas - Hernandez de Tejada,40.4481632963713,-3.6503568218878,100960613,40.1122903796036,False
10126,Arturo Soria - Fernandez Caro - Marques de Pico Velasco,40.4445060235912,-3.64489836299698,100962508,20.16318561821856,False
10827,Torrelaguna - Emilio Vargas - Ramirez de Arellano,40.4473550914292,-3.65648321344795,249286100,32.05674510391469,False
10828,Emilio Vargas - Agastia - Torrelaguna,40.4475782565826,-3.65521881484284,249286100,110.46967382465672,True
10829,Torrelaguna - Ramirez de Arellano - Valvanera,40.4486415918772,-3.65725886455074,249286116,23.656618632071602,False
11061,Asura S-N - Lorenzo Solano Tendero-Julian Hernandez,40.4540712132708,-3.65160921148552,282266619,30.495661611281175,False
11062,Julian Hernandez O-E - Arturo Soria-Asura,40.454205120511,-3.6530145896727,224164928,88.30142601436019,False
6053,Angelita Cavero - Angelita Cavero-Arturo Soria,40.4462614648833,-3.64779176560305,243522165,18.981927477225582,False
6055,Fernández Caro - Agastia-Arturo Soria,40.4445190373416,-3.64546092863607,100960627,21.843743825605806,False
6065,Arturo Soria - Bausa-San Juan de Avila,40.4696035983718,-3.66690329755242,100954669,19.60569713243523,False
6066,Arturo Soria  - Alonso Saavedra-Julio Danvila,40.4702670410498,-3.66693787051117,100964061,46.31054425837718,False
6067,Arturo Soria  - Av. San Luis-Serrano Galvache,40.4728383873921,-3.66778760314721,100964067,32.55837099068401,False
6074,Av. San Luis - Condado de Treviño-Arturo Soria,40.4765777919523,-3.66992595521642,27224654,52.94269657805178,False
6075,Caleruega  - Caleruega-Arturo Soria,40.480377359249,-3.66793239084559,269958045,18.340117145665488,False
6076,Julio Danvila - Mesena-Arturo Soria,40.4717490502257,-3.66596375515686,100964064,101.09930070820924,True
6089,Mesena - Eladio lópez Vilches-Av. San Luis,40.4741347452731,-3.66521547095792,285911950,26.3738154266047,False
6091,Arturo Soria - Laud-M-11,40.4827521998109,-3.66425847271716,8791403852,5.615318558397952,False
6111,Av. San Luis 77 O-E - Eladio López Vilches-Julio Dánvila,40.4733596125066,-3.66332999067141,1492770599,6.740647514923184,False
3777,Añastro - Burgo de Osma-Mesena,40.4677644674011,-3.66280002756439,285913136,18.312601217779402,False
10743,Avda. San Luis - Eladio López Vilches_C.de las Cuevas de Almanzora,40.4740793436044,-3.66398178634801,221342520,3.64090205830749,False
6104,Dulce Chacón - Estación Metro-Ingeniero Emilio Herrera,40.4843580595878,-3.66315398417483,290829705,21.544753031085595,False
6118,Camino Vinateros  - Cañada-Av. Moratalaz,40.4072194749193,-3.64471797663109,2380904741,42.56706572815672,False
10807,Camino Vinateros - Arroyo Media Legua-Corregidor Diego Valderrábano,40.4107329450747,-3.65711310672167,1594653600,45.15137828595208,False
10808,Camino Vinateros - Corregidor Diego Valderrábano-Arroyo Media Legua,40.410586609602,-3.65687235764423,1594653600,58.22187572371753,False
3486,Sta.Maria Magdalena S-N - Prieto Ureña-Memorial 11 de Marzo 2004,40.4658799265574,-3.67161672292149,102505403,8.15186519906348,False
11397,Sierra Toledana 7 - Dr Lozano-Alto del León,40.4001764505445,-3.66058780625989,4551547856,11.382487858351107,False
11400,Sierra Toledana 29 - Puerto Canencia-Puerto Canfranc,40.4018543562053,-3.66020512743972,306213880,82.06884580130735,False
11401,Dr Lozano 23 - Fernando Gutierrez-Sierra Toledana,40.4030144353337,-3.66064951074318,306529440,14.227105135376018,False
6127,Alcalde Luis Marichalar - Corregidor Diego Valderrábano-Primavera de Praga,40.411432089678,-3.65841122323231,307998263,22.857039546082472,False
6128,Primavera de Praga - Corregidor Diego Valderrabano - Alcalde Luis Marichalar,40.4112953627294,-3.65785541594813,355622475,2.1322175108998103,False
6465,Arroyo Media Legua - M-23-Alcalde Garrido Juaristi,40.4144272962572,-3.65174864688197,1211291262,24.955245192218435,False
6466,Alcalde Garrido Juaristi - Alcalde Garrido Juaristi-Arroyo Media Legua,40.4135204182189,-3.65293786440078,1211291604,1.9648456836317882,False
9947,Camino Vinateros - Marroquina-Corregidor Jose Pasamonte,40.4092314526631,-3.6484815757566,352944808,78.91870963038099,False
9951,Arroyo Media Legua - García Tapia-Acceso O´Donnell,40.413379941452,-3.65276537714123,1211291368,9.115305610483142,False
9950,Arroyo Media Legua - Santa Irene-Acceso O´Donnell,40.4150616020132,-3.6510431871597,1209330677,60.03436100855049,False
5683,Lope de Haro O-E - Berruguete-Juán Risco,40.4570178023693,-3.70315694619524,93862635,56.56310091993275,False
6908,Av. Moratalaz E-O - Arroyo Pilillas-Arroyo Media Legua,40.4060075157881,-3.65426495465379,6432030921,130.77954271130233,True
6146,Santa Prisca - Cementerio-Av. Marqués de Corbera,40.4271100120014,-3.64898205103718,254337471,19.12253533815683,False
6147,Gutierrez de Cetina  - Vital Aza-Ascao,40.4305879941656,-3.6417444593836,100983250,49.03490581842132,False
10302,AV. Marqués de Corbera - José Luis Arrese - Montejurra,40.4228003138906,-3.65588041183366,101060271,37.63422844580069,False
10300,Poeta Blas de Otero - Poeta Blas de Otero-María Teresa Sáenz de Heredia,40.42151726115,-3.65509914077896,306528030,22.851655401569996,False
6152,Poeta Blas de Otero - Santa Irene-Félix Rodríguez de la Fuente,40.4205502882712,-3.65373837137287,503875139,27.812522463573035,False
6157,Av. Daroca - Lago Constanza-Ledesma,40.4267402514187,-3.64595253581254,25377868,28.1663858209152,False
6158,Av. Daroca - Av. Francisco Largo Caballero-Lago Constanza,40.4261365507234,-3.64482354755103,10286773711,64.39551436022256,False
6159,Av. Trece Rosas  - Av. Trece Rosas-Pl. Agustín González,40.4263889497171,-3.64697216442029,3161503988,46.701598926517704,False
6165,Vital Aza - Hermanos García Noblejas-José Arcones Gil,40.4339270749891,-3.63742368530557,100974950,49.11134835850192,False
10301,José Luis Arrese - Av. Marqués de Corbera-Travesía José Luis Arrese,40.4222686521687,-3.65587257097076,1325486942,15.786420194182217,False
6178,Nicolás Salmerón  - Villaescusa-Francisco Largo Caballero,40.422597068802,-3.63558396424021,25377767,6.405864499005145,False
10307,Santa Genoveva - Santa Genoveva-Av. Trece Rosas,40.4265210635283,-3.64767600491721,25377872,62.46817901372322,False
10455,Francisco Villaespesa - Hermanos Gómez - José Maria Pereda,40.4287796471309,-3.64824510081581,101025028,23.244841872660686,False
10447,Francisco Villaespesa - José María Pereda-Hermanos Machado,40.4289209391064,-3.64790504546196,101023782,21.899626560036427,False
10450,Ascao - Gutierre Cetina-Berastegui,40.4299365867292,-3.64156962793414,100985137,25.475671023510866,False
10445,Ascao - (Pl. Vilaflor-Arcones Gil),40.432296720884,-3.63593537882541,2455932901,24.5177220739022,False
10446,José Arcones Gi - (Fco. Rioja-Ascao),40.4312864962867,-3.63627957382749,100981266,18.08056137406693,False
11439,ALCOCER SENTIDO Pº TALLERES,40.3496124609477,-3.69887052458537,248795438,13.676242158729643,False
4839,ALCOCER Ø48 E-O(LAGUNA SANTIAGO-EDUARDO BARREIROS),40.3501453209815,-3.70331506971298,311091745,46.90472502950411,False
6184,Francisco Villaespesa - Francisco Villaespesa-Salas Barbadillo,40.4291871675839,-3.64518883945858,101039859,15.189342717708598,False
6186,Francisco Villaespesa - Berastegui-Ezequiel Solana,40.4294172942805,-3.64371164087567,100986689,17.932234969332203,False
6206,Villablanca  - Los Manantiales-Paseo Artilleros,40.4091011607931,-3.6083253257162,316046975,22.4341104388809,False
6207,Villablanca  - Villajimena-Los Manantiales,40.407561362454,-3.60454368477071,307533398,23.218907913437587,False
6208,Villablanca   - Villajimena-Viñedos,40.4073315399682,-3.60448434478991,316050041,13.964317485674394,False
6213,Calahorra  - Calahorra-Paseo Artilleros,40.4076856645904,-3.61069907821599,4562669986,51.95259856138565,False
6930,San Cipriano - Lago Van-Villalmanzo,40.4041274907052,-3.60672560167654,307532695,22.79875806340955,False
10943,Calahorra - Av. Daroca-Camino Viejo de Vicálvaro,40.4055773844095,-3.61491078874492,316046497,6.553939898644251,False
6221,Ctra. Canillas - Carril del Conde-Matapozuelos,40.4633519592763,-3.65247496053927,253625470,32.12620130671982,False
6222,Ctra. Canillas - Matapozuelos-Ricardo San Juán,40.4632524698275,-3.6518960526897,219356405,17.25581725718648,False
4967,CR. TOLOSA LATOUR N-S (MADRE ROSA BLANCO - AV. POBLAODS),40.372246968253,-3.70301742952195,275225442,102.57548702878549,True
6237,Av. de los Andes - Mitra-Gta. Mar Caribe,40.4553071990823,-3.62067972922617,254320108,28.037510572371495,False
3508,Av. de los Andes - Boj-Añil,40.4564848019594,-3.61855363029225,254267100,29.53924153716971,False
4966,(TACTICO) EXPROPIACION S-N (GRAN AVENIDA - AV. POBLADOS),40.3709845402261,-3.70451073335954,275225439,21.575211371269145,False
6260,Av. Machupichu - Machaquito-Av. del Papa Negro,40.4579800328311,-3.62522185797315,220636914,9.362588943900114,False
6261,Av. Machupichu - Antonio Larrazabal-Pl. Manuel Rodrigo,40.4607649923792,-3.6309462664421,60644296,87.02985522577234,False
6262,Pl. Manuel Rodrigo - José Rizal-Av. Machupichu,40.4603350897776,-3.63199682305356,219539074,29.764983809311136,False
6266,Mahonia - Av. Piceas-Av. de los Andes,40.4568089077102,-3.61954779412777,1138810055,3.3145308136663516,False
6267,Av. de los Andes - Gta. Mar Caribe-Abelias,40.4541266712658,-3.62387490020366,251564811,83.14282081731588,False
11513,HERRERA ORIA O-E(ACCESO M-607-SAN MODESTO),40.4900419571536,-3.69828104201072,155376823,7.786760263872118,False
10151,Silvano - José Domingo Rus-Miguel Riesco,40.4626211203142,-3.63210741540991,456731899,98.31608304940346,False
10152,Silvano - Joaquín Fernández Leiva-Miguel Riesco,40.4626877397103,-3.63197052487883,456731909,109.56026445395011,True
10148,Silvano - José Álvarez de Toledo-Francisco Mosqueda,40.4625871129814,-3.62875019641815,2260242289,20.87392057418171,False
10169,Emigrantes - Torquemada-Tribaldos,40.4677237017096,-3.6373157943888,219415362,54.57023572812156,False
10347,Ctra. Canillas - Antonio Cavero-Carril del Conde,40.4634575687566,-3.65440625511887,285886244,32.5953626625172,False
10618,DR. ESPINA N-S (CASTRO ORO - VALLE ORO),40.3883191614359,-3.72844140433995,301891887,23.114398085543755,False
11002,Av. Machupichu - Antonio Larrazabal-Pl. Manuel Rodrigo,40.4607949605576,-3.63093973152553,60644296,87.76357045337146,False
11003,Av. Machupichu - Machaquito-Florencio Castillo,40.4593881822114,-3.62677739640075,219458512,15.520298838674838,False
11004,Av. Machupichu - Florencio Castillo-Machaquito,40.4590598660452,-3.62654730010146,221382417,23.064672740857112,False
11130,Silvano - Olimpo - Ángel Cavero,40.4558451714964,-3.64562656350294,224165750,26.672227493855427,False
11131,Silvano - Umbría - Jaenar,40.4544989713702,-3.64718835498437,3327088526,27.750759826353022,False
11132,Silvano - Jaenar - Umbría,40.45456524488,-3.64705768759935,219495139,18.514997305090137,False
6280,Gta. Yucatán - Salida a A-2-Puente Felipe Juvara,40.4507502681183,-3.6266431451912,251564324,11.542385163631625,False
6281,Abelias - Abelias-Av. de los Andes,40.4531888303015,-3.62521543634475,12463342203,20.25454795546209,False
6282,Jarilla - Av. Piceas-Av. de los Andes,40.4537310387901,-3.6255510449043,251564821,21.568516905369503,False
6286,López de Hoyos - Ctra. Canillas-López de Hoyos,40.4660188830391,-3.65489590453634,253622131,38.9989815177277,False
3659,López de Hoyos - Guisona-Gran Vía de Hortaleza,40.4677541191403,-3.65342187198388,25933302,15.37617078919703,False
6287,López de Hoyos - Guisona-Ángel Luis Herrán,40.4689192001459,-3.65236083211232,355164178,54.644706044868144,False
6290,Santa Susana - Mar Menor-Santa Virgilia,40.4766506520653,-3.6464675092162,253071579,59.8767296509221,False
11361,MONASTERIO DE POYO ENTRE MONASTERIO DEL ESCORIAL Y MONASTERIO DE SILOS,40.5081943192735,-3.69373771421627,282672160,38.670100600161895,False
11345,CARRIL BUS AVDA. BURGOS S-O,40.4884449540637,-3.67347041736194,255962869,16.85301139779045,False
6584,(TACTICO)  SALIDA CUARTEL ARTILLERIA,40.5134088973241,-3.67917575616133,255961297,90.86768169620014,False
11344,(TACTICO) CARRIL BUS AVD. BURGOS S-O,40.4885744196604,-3.67361079824001,255626372,5.935588519400633,False
6296,Valdetorres del Jarama - Liberación-Mar de Kara,40.4708573616964,-3.64455337570611,253112008,24.627459327850268,False
6297,Ayacucho - Mar Adriatico-Valdetorres del Jarama,40.4698903867456,-3.64070054439061,3162090989,123.46084732355229,True
10181,PALAS DE REY O-E (TRIACASTELA - CON. SANTIAGO),40.5092610752513,-3.67053263966182,257717610,19.360245971456116,False
6308,Ángel Luis Herrán - Valdetorres del Jarama-López de Hoyos,40.4699071249017,-3.65075044790028,2455933039,14.68455424643711,False
6310,Ctra. Acceso Estación de Hortaleza - Capitán Cortés-Santa Adela,40.4786732852225,-3.65247460264488,252155841,63.31679082362977,False
6316,Barranquilla - Barranquilla-Gregorio Sánchez Herráez,40.4751903124258,-3.63934050567704,253071563,18.88416227051306,False
6317,Gregorio Sánchez Herráez - Barranquilla-Barichara,40.476218718976,-3.63864791870141,252160546,2.7912260077472135,False
6324,Vía de los Poblados - Vía de los Poblados-Gregorio Sánchez Herráez,40.4769451208599,-3.63726384289808,252160439,48.3582296867952,False
9844,Av. Gran Vía de Hortaleza - Gran Vía de Hortaleza-Av. San Luis,40.4697780185248,-3.6575888821859,1137332566,69.76432619802986,False
5254,PINAR SAN JOSE N-S(JACOBEO-AV. PESETA),40.3642969437604,-3.76187235202633,309892474,58.62731845091806,False
11055,Ctra. Estación de Hortaleza - Monovar-Manuel Chaves Nogales,40.4760851573292,-3.6547315835743,254995414,48.246466117131,False
11057,Manuel Chaves Nogales - Abizanda-Ctra. Estación de Hortaleza,40.4766267565285,-3.65354303157334,254967982,22.81458841684587,False
5272,(TACTICO)AGUACATE O-E(CIRUELA-GUAYABA),40.3718187177301,-3.74790172988361,259651516,20.13839735041847,False
6332,Av. Logroño  - Las Ramblas-Joaquín Ibarra,40.4599563422226,-3.59433859955217,252928835,95.91816407513008,False
6333,Av. Logroño - Bande-Manuel Aguilar Muñóz,40.461532932386,-3.59122159631243,251919289,9.092866832613606,False
6334,Av. Logroño - Manuel Aguilar Muñóz-Los Brezos,40.4614607342393,-3.59094713239624,251919289,24.900617016035326,False
6338,Av. Logroño  - Bureta-San Severo,40.4644280963109,-3.58576143382193,29749545,19.16346986845248,False
5317,AV. AVIACION O-E(MEDINA CAMPO-BASE MILITAR CUATRO VIENTOS),40.3785563605037,-3.78413209029448,308887458,38.39927853784466,False
6339,Av. Logroño - Gta. Hermita de la Soledad-San Severo,40.4658836785589,-3.58378535911499,2540024668,11.375971514869832,False
6349,Bureta - Burriana-Av. Logroño,40.4645270843939,-3.58618808410952,252754917,21.129317579529893,False
6350,Basella - Burriana-Av. Logroño,40.4632924025149,-3.5879210832313,31508796,19.11633358204798,False
6351,Brezos - Antonio Sancha -Av. Logroño,40.4618258505434,-3.58954643610566,251924351,5.381105928761093,False
10145,Jardines de Aranjuez - Paseo Alameda de Osuna-Jardines de Aranjuez,40.4539245084157,-3.60185676992493,21716406,42.45105650139574,False
6346,Av. Logroño - Luis de la Mata-Isla de Cuba,40.4498580985115,-3.61067136248262,571462703,13.018350314490958,False
9854,Av. Partenón - Ribera del Sena-Av. Capital de España,40.4634449277332,-3.61710836989315,29749247,48.97125825803363,False
6356,Av. Donostiarra - Virgen de la Roca-Virgen del Lluc,40.434728540307,-3.65723474621637,1963178830,59.257581602490745,False
6357,José del Hierro - José de Hierro-Virgen del Sagrario,40.4360284050308,-3.65067164670165,2803333517,99.74950087951494,False
6362,Alcalde López Casero - Alcalá-Virgen de Lluc,40.433831406522,-3.65576423803582,1833010671,5.729932848657708,False
6363,Virgen del Sagrario - Virgen del Portillo-José del Hierro,40.4371723903244,-3.65024561163103,250633017,21.34816709762676,False
6364,Virgen del Sagrario - Virgen de Lluc-Elfo,40.4352564168268,-3.6486498647131,250633016,27.924597710803454,False
6369,Virgen del Portillo - José del Hierro-Fernández Cano,40.4393210912075,-3.64667786599511,1833026286,38.837758760586375,False
6370,Salvador de Madariaga - Virgen de Lourdees-Esteban Mora,40.4369471731773,-3.65748173637388,13686197073,21.367659064920986,False
6374,Av. Badajoz - Martínez Villergas-Torrelaguna,40.4421499741884,-3.65411939965697,2803566799,47.31568302514472,False
6371,Salvador de Madariaga - Verdaguer y García - Acceso M-30,40.4394054462701,-3.65702770411087,2803280965,27.880738013601142,False
6379,Esteban Mora   - María Nistal-Antonio Acuña,40.4381799013642,-3.65634164435819,5301260631,18.985383522166405,False
3793,Virgen del Portillo - Virgen del Sagrario-Virgen de Loreto,40.4356108734128,-3.65488833248882,1833010730,11.273127462973951,False
6384,Av. Badajoz - Aristótles-Madre Antonia Paris,40.4434227421967,-3.65215814374695,311971913,8.045752671119986,False
10835,Condesa de Venadito - Martinez Villergas - Torrelaguna,40.4439802883236,-3.65532152403255,254356218,17.830253947396937,False
10833,Torrelaguna - Condesa de Venadito - Emilio Vargas,40.4456933474503,-3.65552313279381,335641795,46.390963204629735,False
10836,Torrelaguna - Av. Badajoz-Condesa de Venadito,40.4431040812748,-3.65385177946423,5435198335,63.64216135882595,False
6389,Av. Canillejas a Vicálvaro - Canal de Bósforo-Néctar,40.4403797282331,-3.61510057525574,13311249538,11.657522149057005,False
6391,Av. Canillejas a Vicálvaro - Etruria-Av. Arcentales,40.4355615341857,-3.61247331051024,31895052,15.828818438909853,False
6399,Av. Canillejas a Vicálvaro - Julia García Boutan-Hinojal,40.4317251351595,-3.61150914432152,307485181,58.96580602823739,False
6400,Av. Canillejas a Vicálvaro - María Sevilla Diago-Albaida,40.4328563390275,-3.61175050062839,21992359,22.180175476092142,False
3946,Goya E-O - Claudio Coello -Serrano,40.4253577524146,-3.68671163922991,25552446,12.565067175077159,False
6403,Etruria - Etruria-Av. Canillejas a Vicálvaro,40.4358685461248,-3.61190286586543,84905745,39.11893750104146,False
3661,Av. Canillejas a Vicálvaro - Av. Guadalajara-Suecia,40.4223762809962,-3.61136554659213,3220663545,39.94602818942719,False
11015,Av. Guadlajara - Canillejas a Vicálvaro-Albericia,40.4226540836251,-3.61180576023969,3220663545,31.130698408933437,False
11311,Suecia 6 - Rumania-Marsella,40.4217988736704,-3.60966125819766,21472178,13.10804304326305,False
11312,Canillejas a Vicálvaro 143 - Butrón-Pobladura del Valle,40.4254109622568,-3.61159116685915,20963170,21.61714850428304,False
11316,Av. Guadalajara 53 - República Checa-Bulgaria,40.4200193882703,-3.61890074541882,24969289,81.07717342145337,False
6422,Fuente Carrantona  - Mario Cabré-Luis de Hoyos Sainz,40.4049446844163,-3.63357861278281,1837524154,12.877622737643195,False
6423,Fuente Carrantona - Luis de Hoyos Saínz-Hacienda de Pavones,40.401787838519,-3.63567983153428,307997446,81.69103166039504,False
6426,Av. Pablo Neruda - El Bosco-Malgrat de Mar,40.3933492715047,-3.64085507601997,1168640225,37.856046942117786,False
6435,Av. Doctor García Tapia - Av. Moratalaz-Molina de Segura,40.4093349354455,-3.63945533760335,7827910473,48.98955347977949,False
3812,Doctor Garcia Tapia 216 E-O - Fobos-Fuente Carrantona,40.4078359433278,-3.63305062223628,1837500638,37.26188538688158,False
6447,El Bosco - Benjamín Palencia-Av. Pablo Neruda,40.3942256362562,-3.64181829490361,263859739,35.1778762662035,False
10657,SALVADOR ALLENDE N-S(JACOBEO-AV. PESETA),40.3633979389589,-3.75773280560196,1874499739,24.31789845838207,False
6448,Av. Miguel Hernández - Av. Miguel Hernández-Av. Pablo Neruda,40.3934141301019,-3.63886089104753,1354800936,21.878821894863492,False
3833,Av. Doctor García Tapia - M-40-Rabat,40.4065617716746,-3.62589038799545,306215105,44.25896759578172,False
6459,Rabat - Rabat-Av. Doctor García Tapia,40.4075619660922,-3.62733803422845,307997852,16.88849022925887,False
10357,Av. Pablo Neruda 17 - San Claudio - de los Andaluces,40.3908781795662,-3.64242846485656,306212256,27.544949601469156,False
10677,José Bergamín - José Bergamín - Dr. Garcia Tapia,40.4100650964385,-3.63856996324984,7658675974,73.61002181509313,False
10676,Molina de Segura - Mario Cabré - Dr. Garcia Tapia,40.4080647843457,-3.63802372120329,2992362529,62.1107659750189,False
3808,Hacienda Pavones - Intercambiador-Valdebernardo,40.4000844837656,-3.63327869585117,2988198501,49.17823839388058,False
4436,Pº Castellana S-N(Pl. Gregorio Marañon-Garcia de Paredes),40.4373930374815,-3.69035319437645,1447529412,21.498569862296016,False
3557,Pl. Grecia - Pl. Grecia-M-40,40.4345699194119,-3.60760817576777,2424952617,41.02220295159027,False
3760,Pl. Grecia E-O - Av. Arcentales-Pitagoras,40.4357594512293,-3.60740004290456,20952910,11.44532718368541,False
6500,Av. Luis Aragones N-S - Av. Luis Aragones-Pl. Grecia,40.4361208419478,-3.60553690342096,84905697,114.35345213758006,True
6501,Pitagoras N-S - Iliada-Pl. Grecia,40.4363238949026,-3.60688651454884,84905697,8.977277647399491,False
10239,Vial 5 - Entrada Av. Arcentales,40.4339980464955,-3.60086355183197,4525169322,89.23790358792907,False
10243,Av. Luis Aragones - Pl. Grecia - Vial 4,40.4371610047105,-3.60417547058798,5030419614,119.05612462358515,True
10244,Av. Luis Aragones - San Hilario - Vial 4,40.4387406041362,-3.60304316647451,8627377421,80.90689719999052,False
10627,Sofia - Julia Garcia Boutan y Manchester,40.4304942965568,-3.60190144746725,20963101,27.27892371148215,False
10632,Sofia - Belgica y Albania,40.4291571798972,-3.60159577404966,21525291,18.605394944848946,False
10635,Sofia - Albania y San Petersburgo,40.4278521313121,-3.60129217002454,20963048,9.129511231005718,False
10630,Manchester - Estocolmo y Sofia,40.4301216255209,-3.60103593069997,21067928,34.737206976661554,False
10633,Albania 1 - Oslo y Sofia,40.4285244395686,-3.60217966175433,21067925,33.004381757973206,False
10634,Albania 6 - Estocolmo y Sofia,40.4287586224322,-3.60056269060837,21525299,20.774893080443597,False
4652,CARTAGENA S-N(ERASO-MARIA TERESA),40.4349195357382,-3.67019551300191,27512860,33.10589505367519,False
11142,Suecia - Subr.66011 - Pl. Grecia,40.4342524755395,-3.60615934129998,20952929,7.070877535162263,False
11143,Suecia - Subr.66011 - Pl. Grecia,40.43423809101,-3.60626272871825,20952929,8.07164359543364,False
3485,(AFOROS) AV.MONFORTE DE LEMOS E-O(COLEG.PRINCIPE-FINISTERRE),40.479940741735,-3.70169035510957,26204368,89.06328254652121,False
6038,Torrelaguna  - Arturo Baldasano-José Silva,40.4548390479936,-3.66066063966675,282275767,24.02260830713561,False
11286,"Av Niza, 43 - Mª Sevilla Diago-Julia Garcia Boutan",40.4307350438292,-3.60721969777682,21525436,12.584185448664897,False
10824,Torrelaguna - Rafael Bergamin - Treviana,40.4506967519588,-3.658909988,254354356,26.241898075248756,False
10825,Torrelaguna - Entrena - Rodezno,40.4497794111062,-3.65801298708163,3380592013,4.570445863764862,False
11391,Av. Miguel Delibes - M-45 - Alto del Esparragal,40.4073526223502,-3.56471022699164,972891094,44.159762541817464,False
6061,Agastia - Arturo Baldasano-José Silva,40.4548710943131,-3.65880518361135,253116133,22.487391659191694,False
11423,De la Igualdad 13 - Tolerancia-Miguel Delibes,40.4067865689743,-3.56105598527416,972891288,51.633551245834816,False
11425,Concejal Victorino Graniza 139 - Imperio Argentina-Miguel Delibes,40.4036650996587,-3.55920105234664,1156936558,73.87804521613947,False
6090,Julio Danvila - Av. San Luis-Mesena,40.4720318619805,-3.66402495897915,285913437,39.00637501764665,False
6490,Embajadores - Av. Santa Catalina-Caja Mágica,40.3695306905621,-3.67980104173141,2314755080,11.016507421737643,False
6107,Alonso Saavedra - Mesena-Arturo Soria,40.4698843621227,-3.66647690197805,100964060,30.38038934475238,False
3430,Manuel Uribe - Mesena-Arturo Soria,40.4643396378213,-3.66487736784,100964048,36.33380626592221,False
6439,Doctor García Tapia  - Fonfo de Saco Av. Doctor García Tapia-Arroyo Media Legua,40.4122621704415,-3.65273204822991,1209330206,26.788668025342567,False
10907,Sierra Contraviesa - Conde Rodríguez San Pedro-Av. Entrevías,40.3840969835334,-3.67082056933188,306100889,25.02100399951627,False
10909,Av. Entrevías - Peal-Serena,40.3784799322064,-3.6644333000203,316629787,52.15655618276743,False
3781,El Bosco  - Maruja García Romero-Ramón Pérez Ayala,40.4041091335091,-3.65411827476165,263534933,8.264456561400257,False
10939,Serena - Tiscar - Av. Entrevías,40.3785807446576,-3.66617526257177,317594540,8.760583330087115,False
10934,Av. Entrevías - Membezar - Benamejí,40.3799436474435,-3.66684874756551,317594546,64.36578717694944,False
6137,Av. Marqués de Corbera - María Teresa Saenz de Heredia-Santa Prisca,40.4261556280004,-3.65123360057519,101060272,30.093440072668535,False
6162,Ezequiel Solana  - Servando Batanero- Francisco Villaespesa,40.4299656279329,-3.64441031177891,100986685,4.090497224999618,False
6164,Vital Aza - Gutierre de Cetina-Ezequiel Solana,40.4310737816979,-3.64426631999551,100974954,16.53754714572729,False
10453,Fco. Villaespesa - Ledesma-José María Pereda,40.4290333412059,-3.64701064658555,3260055596,17.225175160707327,False
10454,Fco. Villaespesa - Ledesma-Lago Constanza,40.4289983963633,-3.64649352765305,101040575,21.67040278026658,False
6321,Gregorio Sánchez Herráez - Barichara-Santa Virgilia,40.4762232470202,-3.63870810724789,252160546,6.03175226491731,False
11158,Francisco Javier Saenz de Oza - Paso Cebra-Gta. Jose Luis Fernandez del Amo,40.4853653497054,-3.64242135486302,965441797,53.994603976039365,False
6347,Av. Logroño - Bureta-Marqués Berna,40.4648922209957,-3.58515379515467,252059052,12.152411042401663,False
6378,Salvador de Madariaga - Esteban Mora - Verdaguer y García,40.4384641480876,-3.65713229976729,2803223574,22.006526219307503,False
6373,Av. Badajoz - Salvador de Madariaga-Martínez Villergas,40.441116406346,-3.65576742848406,250842755,37.89916424973285,False
6397,Av. Canillejas a Vicálvaro - Suecia-Av. Guadalajara,40.4220088792209,-3.61127005349505,3220663545,81.58991407902644,False
6398,Av. Canillejas a Vicálvaro - Pobladura del Valle-Julia Garcia Boutan,40.4280376738915,-3.61109021134623,21991304,50.58120346844567,False
10620,San Hilario - Gonzalo Torrente Ballester-Av. Luis Aragonés,40.4459200663028,-3.60586638906808,88054489,30.81676347076626,False
6523,Cronos - Miguel Yuste-San Romualdo,40.435428969608,-3.6215538690808,31066897,111.81867081853875,True
6424,Fuente Carrantona - Hacienda de Palacios-Encomienda de Palacios,40.3992024879226,-3.63739372615314,560452550,99.309270847141,False
10248,Marquesado Santa Marta - Clinica Navarra-Gta. Ricardo Velazquez Bosco,40.4477700090681,-3.62419481663575,89072229,12.956737656434592,False
6446,El Bosco - Pío Felipe-Benjamín Palencia,40.3949360665652,-3.64333703597523,1168639842,36.080878526701895,False
10496,PARAGUAYA E-O Ø1(RONDA DON BOSCO-CONSUELO GUZMAN),40.3751254305869,-3.75354921813646,306162797,35.85817517456122,False
10497,CAMINO LAS CRUCEZ S-N Ø9(AZCOITIA-PARAGUAYA),40.3749287531567,-3.75492418309312,306162815,81.1801528852911,False
10798,PEPIÓN O-E (SECOYA - AV. EURO),40.3714039009162,-3.73937868778707,2094130753,67.14767134163672,False
5886,"AVENIDA DE BETANZOS, 64 S-N",40.4814197660438,-3.71311352109167,388039880,26.20241199254403,False
10643,AV. VENTISQUERO DE LA CONDESA N-S(VALLE DE ENMEDIO-CERRO MINGUETE),40.4875242238819,-3.71655104618899,2703923268,75.01777565995775,False
10644,VALLE DE EN MEDIO O-E(COLLADO DE LA MINA-AV. VENTISQUERO DE LA CONDESA),40.4882882096943,-3.71739096005279,258368185,51.185796501201644,False
5903,(TACTICO) JULIO CALVO 26 S-N(CARDENAL HERRERA ORIA-VALLE PINARES LLANOS),40.4824849548414,-3.72245428563664,1379337282,24.64653450262421,False
5901,(TÁCTICO) PEÑA DEL OSO 2 N-S,40.489477178743,-3.70081701945822,77852630,12.340569212835373,False
10905,AV.CORDOBA S-N(SEBAS. ALVAREZ-GTA.CADIZ),40.386942817701,-3.69888955280527,306030273,35.892895694608725,False
5055,CLARA CAMPOAMOR S-N,40.3861346187788,-3.73452127451835,301884830,47.13323378843503,False
5056,CASTRO ORO S-N,40.3894694768794,-3.72986582032393,430545316,24.534105805197854,False
5085,ANTONIO LEYVA N-S(S. LUCRECIA-PL. ELIPTICA),40.3865663779039,-3.71712008475742,821458613,13.224158302658257,False
10332,(MICRO) PSO. SATA. MARIA DE LA CABEZA S-N,40.3845950397479,-3.71762439971962,252796120,41.738150713742385,False
5136,AV. DE ABRANTES N-S ENTRE PELÍCANO Y ARGÜESO,40.3822170716497,-3.72636885024361,279107999,16.574041180460394,False
5137,AV.DE ABRANTES S-N ENTRE PELÍCANO Y PORTALEGRE,40.3834330141775,-3.7248128183373,279107996,10.191202960837094,False
10981,(CARRIL BUS) VIA LUSITANA O-E(Nº28-BRAGANZA),40.382992978514,-3.72190794906538,2576298091,90.776618677783,False
10315,MARIA DE MAEZTU E-O(FEDERICA MONTSENY-MARGARITA NELKEN),40.4907532489105,-3.72781286852857,1127671152,48.36220663905674,False
10314,MARIA DE MAEZTU O-E(FEDERICA MONTSENY-TERESA CLARAMUNT),40.4912338219276,-3.72671894351999,1127671152,58.52273378658279,False
9999,(TÁCTICO) AV. HERRERA ORIA E-O (GIRO IZDA. ARROYOFRESNO),40.4768686976366,-3.74112997418631,1453181613,14.392260218465545,False
10231,(TACTICO) GASCONES S-N (J. LORENZO - HERRERA ORIA),40.4768922195575,-3.73863354184939,25693381,16.016791459075666,False
6574,AV. CARDENAL HERRERA ORIA 80 E-O,40.4906573576053,-3.69311904419211,153842133,49.289087297805715,False
6966,AV. MONTECARMELO N-S (MONASTERIO DE SILOS - MONASTERIO SUSO Y YUSO),40.5030733687362,-3.69815344752303,264979538,58.38109076861405,False
10366,MONASTERIO BATUECAS N-S (MONASTERIO SILOS - MONASTERIO SUSO Y YUSO),40.5028212536651,-3.7047943372687,264980177,52.4800258877311,False
10583,(CARRIL BUS) AV. MONASTERIO DE EL ESCORIAL E-O(MONASTERIO LIEBANA-MONASTERIO SAMOS),40.5067650066016,-3.69587950337518,319210376,65.17871350810866,False
11453,AV. SANTUARIO DE VALVERDE (ENTRE MONTECARMELO Y MONASTERIO DEL PAULAR),40.5053879269802,-3.70002085111071,264987453,42.21604150879814,False
6585,(TACTICO)CASTIELLO JACA N-S(GIRO A PTE. REINA),40.5023051351605,-3.67586557600838,255023446,21.54248436354821,False
10090,SIERRA DE ATAPUERCA N-S (PORTOMARÍN-TIERRA DE MELIDE),40.5081852034054,-3.6641968099074,1046902645,20.33257128459072,False
10088,TIERRA DE MELIDE E-O (VALCARLOS-SIERRA DE ATAPUERCA),40.5073269950328,-3.66391102804858,259186766,62.16186449390062,False
3771,AV.DE LOS  POBLADOS ENTRE GUAREÑA Y PADRE PIQUER SENTIDO E-O,40.3895218739092,-3.76631612572734,306100320,13.593942582005896,False
10804,VIA CARPETANA O-E(CARAMUEL-PSO. ERMITA SANTO),40.4054018971807,-3.72554629715241,21777858,75.41804625755736,False
5242,VIA LUSITANA S-N LATERAL (M-40-AV. PESETA),40.3626087075828,-3.74408907736891,23001765,21.922501100793696,False
5250,AGUACATE E-O(VIA LUSITANA-AV. EURO),40.3679539935072,-3.74148285324844,292650967,14.402822807431487,False
10587,(CARRIL BUS) AV. PESETA E-O(CORONA-AV. CARABANCHEL ALTO),40.3622737650224,-3.75246081371518,316617371,9.349570853502456,False
9853,(TACTICO)CUEVAS ALTAMIRA S-N(PATRIMONIO HUMANIDAD-AV. PESETA),40.3622902324834,-3.75994039278028,309906638,15.97877307210463,False
11029,GRAL. RICARDOS N-S (PSO. QUINCE MAYO - MANUEL CARMONA),40.396778889751,-3.71769269033488,369077030,23.108326853126584,False
5293,ANTONIO LÓPEZ E-O (Pº STA MARIA CABEZA-MARQUES JURA REAL),40.3935968650104,-3.7068713503028,1437661802,12.875937524765552,False
4783,ANTONIO LOPEZ FRENTE Nº 268  S-N,40.3789579096955,-3.69536435904965,315887950,80.76535219263651,False
11473,SALIDA ANTIGUO HOSPITAL 12 OCTUBRE,40.3740768383607,-3.7017849315907,11310179680,45.336303972160664,False
5307,GRAL. MILLAN ASTRAY N-S(SOLEDAD CAZORLA-AV. AVIACION),40.3738543280844,-3.76547329559726,307997246,17.769468038566544,False
5331,GRAL. MILLAN ASTRAY S-N(GANDO-BLAS CABRERA),40.3770322185311,-3.76617039707818,306160017,79.00602953806217,False
5332,BLAS CABRERA O-E(JOSE CADALSO-GRAL. MILLAN ASTRAY),40.3775900613508,-3.7677007368044,306159910,72.10639397844606,False
5349,AV. ROSALES N-S (ORO-ZAFIRO),40.3497305639057,-3.67626567355543,2613374674,75.38708077713119,False
10996,LILLO (O-E),40.3624852291336,-3.69057152116446,248845691,62.593472129312566,False
5385,REAL PINTO S-N(LAGUNA MARQUESADO-LAGUNA MASQUESADO),40.3324536420929,-3.71338268754449,2915883020,9.940268925449578,False
3483,(MICRO) LAGUNA MARQUESADO E-O(GIRO A SAN EZEQUIEL),40.3337173913887,-3.71254249201274,1363996399,2.470092987446803,False
5397,(TACTICO)MAGNESIA E-O(BISMUTO-AV. REAL PINTO),40.3432305689618,-3.70706350732944,306259070,12.018081263679889,False
5008,Pº EXTREMADURA E-O(TURISMUNDO-GRAL. MANSO),40.4105948589892,-3.73687953584815,423497488,7.592029301266386,False
11445,Pº EXTREMADURA E-O(CARAMUEL-PTA. ANGEL)(CARRIL ABIERTO),40.413744546429,-3.72757586330516,305396597,25.90304985115533,False
5126,(TACTICO)EDUARDO MORALES N-S(ABOLENGO-OCA),40.3892214936561,-3.73743043571747,301884962,15.948735067722598,False
4163,ALFONSO XII N-S,40.408375578682,-3.68870140762244,329987540,21.19429170891671,False
10762,José Gutiérrez - Av. Suertes-Av. Ensanche de Vallecas,40.3663684281104,-3.60286208685179,819669130,28.793809754094134,False
6667,PM30754,40.4202867986976,-3.66565573567384,26784155,17.402868464865293,False
6817,PM12622,40.4736313214626,-3.73844748512551,153059151,112.40180641133132,True
6765,PM21301,40.3838759799062,-3.69244542143722,306153926,17.033674438715334,False
5428,Av.Ilustración O-E  - Ginzo de Limia-Arzobispo Morcillo,40.4833366116076,-3.70089733426752,25920340,110.58204406427194,True
5429,Av.Ilustración E-O - Nudo Norte-Arzobispo Morcillo,40.4845604812278,-3.69798278638267,1137265017,17.00763108607927,False
6798,PM42351,40.4548527987045,-3.74482483277502,32096097,46.65697153843395,False
5484,(AFOROS)General Perón E-O - PºCastellana-Poeta Joan Maragal,40.4522408837963,-3.69161508386973,81470176,32.814439185453345,False
5493,Orense N-S - General Perón-Reina Mercedes,40.4519635865822,-3.69509488072403,81466848,39.6567317617529,False
5532,(AFOROS)Av.Pio XII N-S - José Bardasano-Memorial 11 de Marzo 2004,40.4683516341462,-3.67378101096392,2637062297,27.38568438131737,False
6762,PM41196,40.3836641088311,-3.68262351825779,367048324,112.78010459216671,True
3840,Jose Ortega y Gasset E-O - Pº Castellana-Serrano,40.430482417664,-3.68830247822946,25902199,29.772982252230964,False
3841,Jose Ortega y Gasset O-E - Serrano-Pº Castellana,40.4305187049477,-3.68725420113285,25902327,29.857664062804712,False
3843,Pº Recoletos S-N - Pl. Cibeles- Recoletos,40.4214155403742,-3.69194679170027,25901838,28.627965990189114,False
3846,Sagasta 20 O-E - Mejia Lequerica-Pl. Alonso Martinez,40.4281806508418,-3.69840183376943,25906104,25.25595802654845,False
3847,Almagro 7 N-S - Zurbano-Pl. Alonso Martinez,40.4287906721949,-3.69455644132333,2688334675,72.7693133008869,False
4192,DR. ESQUERDO N-S(ANGEL GANIVET-AV. MEDITERRANEO),40.4082588713038,-3.67014910996911,150987793,23.604384097091252,False
3885,DR. ESQUERDO N-S(AV. NAZARET-ARIAS MONTANO),40.4110553526105,-3.66991050696829,151023116,31.206665134528382,False
3886,DR. ESQUERDO S-N(ESTRELLA POLAR-ASTROS),40.4100127344705,-3.66985774200903,151022800,26.98102194483857,False
9980,ALDE SAINZ BARANDA E-O(MARQUES DE CORBERA- M-30),40.4215307109912,-3.66011357535553,3147825084,40.310490997693385,False
9979,ALDE SAINZ BARANDA E-O(GIRO A M-30)(MARQUES CORBERA- M-30),40.4214770292581,-3.66011539320229,3147825084,40.131136913880255,False
10810,Solo Seleccion -Dr. Esquerdo N-S - (Valderribas-Av. Ciudad Barcelona),40.4021061951405,-3.67419545991923,29565298,29.663778721855248,False
3915,Principe Vergara N-S - Concha Espina-Pl. Cataluña,40.4508872358566,-3.67770082714543,297605509,75.67690464349836,False
3934,"Concha Espina, 39 O-E - Pl. Sagrados Corazone-Serrano",40.4517070167503,-3.68330732105821,98999650,47.15434691551617,False
3936,(AFOROS) Alcala O-E - Pl. Cibeles-Pl. Independencia,40.4195371894809,-3.69153587145914,324238854,48.48876657283405,False
3952,"Principe Vergara, 131 N-S - Lopez Hoyos - Gomez Ortega",40.4428735105375,-3.67862084820446,13078773084,60.412182048299464,False
3970,Francisco Silvela N-S - Principe Vergara-Maria Molina,40.4380912143524,-3.678316239329,148891407,23.90615074343196,False
3607,(AFOROS) Francisco Silvela N-S - Maldonado-Juan Bravo,40.4333287926221,-3.67329212439481,27509097,9.940179701529097,False
3608,"Azcona, 7 N-S - Ardemans-Francisco Silvela",40.4331800921226,-3.67163089011195,143656434,32.530235292249166,False
3996,Juan Bravo 64 O-E - Alcantara -Francisco Silvela,40.4323009458783,-3.67331351526696,327471520,13.718543009227105,False
4010,"Principe Vergara, 51 N-S - Padilla-Jose Ortega y Gasset",40.4313167499437,-3.67969524920354,28096494,6.266122472736698,False
4026,O´Donnell E-O - Aguirre-Alcala,40.4214198340098,-3.68133898135108,4154368889,8.468571938782238,False
4028,Alcala E-O - Castello-Nuñez de Balboa,40.4221139181219,-3.68182562122249,25552410,9.453761204402491,False
10103,Principe Vergara N-S(Giro a Jorge Juan) - Goya -Jorge Juan,40.423751942449,-3.68029544696768,29484171,19.347953961175122,False
7054,IBIZA 43 E-O (MAIQUEZ - ANTONIO ARIAS),40.4181558889209,-3.67241630724101,26784034,57.78656091667052,False
7055,IBIZA 40 O-E (FERNAN GONZALEZ - MAIQUEZ),40.4180775925532,-3.67384818347129,26784103,62.55149071293999,False
4089,DIVINO VALLES O-E(JAIME EL CONQUISTADOR-ALDEA DEL FRESNO),40.396399089145,-3.69709349925973,249398386,50.773051935419,False
4090,EMBAJADORES N-S(JAIME EL CONQUISTADOR-DIVINO VALLES),40.3968812669087,-3.69663681740337,31010296,24.377984538403027,False
4111,Po DELICIAS O-E(BATALLA DEL SALADO-Po DELICIAS),40.4042029083115,-3.69484088978588,31009973,79.00809916457713,False
4146,GENERAL LACY S-N(CANARIAS-ANCORA),40.4020051876051,-3.69084588655595,26514552,30.274181956938076,False
4147,ANCORA E-O(GENERAL LACY-RAFAEL RIEGO),40.4028798015835,-3.69108591706676,26514554,25.88188365599167,False
4169,SALIDA CALLE 30 CALZADA EXTERIOR SENTIDO PL. ELIPTICA,40.3959677655908,-3.7040714521259,1014628792,37.33538779363305,False
3585,CANARIAS O-E(BATALLA DEL SALADO-DELICIAS),40.4019848835197,-3.69540773726671,31009655,52.86056504635261,False
3586,BATALLA DEL SALADO N-S(CANARIAS-FERROCARRIL),40.401968703419,-3.69603075433064,31009655,4.636547206457825,False
4203,ATOCHA E-O(LEON-SAN SEBASTIAN),40.4131134355406,-3.70066394589891,26341187,83.35096050573388,False
4231,EMBAJADORES N-S(LABRADOR-STA Ma CABEZA),40.4020240919322,-3.70025833736309,2297581623,23.54129522309014,False
4248,ALCALA E-O(GRAN VIA-CEDACEROS),40.4185271403129,-3.69736097546605,1522690043,41.266847973234306,False
4270,COMANDANTE MORERAS N-S (FUENTES-SANTIAGO),40.4163739068963,-3.70862608506018,21734254,1.0524355445942366,False
10387,"GRAN VIA, 40 E-O (CONCEPCION ARENAL-MIGUEL MOYA)",40.4202861943562,-3.70511036082473,48842577,23.908811121089823,False
11207,GRAN VIA N-S (PM16012+PM16013),40.422153691791,-3.7093601337052,26067833,1.8385931094349999,False
10645,VENTURA RODRIGUEZ E-O(J.ALVAREZ MENDIZABAL-FERRAZ),40.4241580929888,-3.71451791444942,7619689676,14.977291231321848,False
4377,"FERRAZ, 13 S-N(REY FRANCISCO-QUINTANA)",40.4264954644007,-3.71765056964571,55161067,6.053849372219224,False
4392,San Bernardo S-N(Divino Pastor-Malasaña),40.4281490556115,-3.70618687993266,1666720773,12.195591273386539,False
4434,Eloy Gonzalo O-E(Juan de Austria-Santa Engracia),40.4345843299172,-3.70009194041171,98958620,10.339211534856153,False
4416,Gonzalo de Córdoba E-O - Cardenal Cisneros-Fuencarral,40.4322534004439,-3.70305759483609,141881448,52.732961411646244,False
4433,"José Abascal, 52 O-E(Alvarez de Castro-Santa Engracia)",40.4385655758282,-3.70203039813358,98957378,51.20291415663174,False
4457,"Modesto Lafuente, 40 N-S(Cristóbal Bordiu-Rios Rosas)",40.4426519810812,-3.69592188225401,98949532,25.54918380670885,False
4475,GUZMAN EL BUENO N-S (MELQUIADES ALVAREZ - CEA BERMUDEZ),40.4399331571211,-3.71277002395333,27517891,8.052111210009377,False
9962,DR. JIMENEZ DIAZ O-E (SALIDA APARCAMIENTO HOSPITAL),40.4395473095113,-3.71890567463934,1500124638,72.24062532540589,False
9920,EDUARDO SAAVEDRA N-S(PROF. ARANGUREN-E.INGENIEROS DE CAMINOS,40.4472324086732,-3.73068786291986,51944402,56.16693482716109,False
10648,Po PONTONES O-E (Po MELANCOLICOS - ALEJADRO DUMAS Dumas),40.4040431963378,-3.72003461468502,21777415,29.03580812701033,False
3476,TOLEDO N-S(HUMILLADERO-PUERTA TOLEDO),40.4079851494202,-3.71107003841569,1020402960,58.37020000251599,False
3477,RONDA DE SEGOVIA E-O(CARLOS ARNICHES-PUERTA TOLEDO),40.4065054337083,-3.7104255828302,581287777,30.74537185252926,False
4738,(TACTICO)Chantada O-E(Cesar Marique-Candido Mateos),40.4732165957171,-3.71812020932905,150866006,32.05991344528759,False
9905,Chantada O-E (Candido Mateos-Camino Ganapanes),40.4731380662562,-3.71609885524248,150866083,49.26019832222013,False
11521,Av. Pablo Neruda 4-50 - Volver a Empezar y Santos Inocentes,40.3815185729216,-3.65864238862086,306212861,16.465317630905393,False
5849,Incorporación  M-40 hacía Av. Albufera N-S - M-40-Av. Albufera,40.3863027323462,-3.63497646781135,31030276,90.32761166637927,False
5850,Av. Albufera - Sierra Carbonera-Puerto Pajares,40.3954871305391,-3.66390023973649,1877642168,19.79598376437004,False
5917,Alcalá - Urquiza-Virgen del Sagrario,40.4339199351739,-3.64647185219648,25531119,12.272251832422395,False
5944,Boldano - Boldano-Alcalá,40.4370432484347,-3.64034607687203,1838956113,17.0442353896209,False
5947,Hermanos García Noblejas - Dr. Cirajas-Vital Aza,40.4353453435787,-3.63626948502041,3258220535,42.248636675517055,False
5991,Hermanos García Noblejas - Luis del Campo-Castillo de Arévalo,40.4289552562853,-3.6316389174378,334542472,6.090520761491109,False
10119,Ramirez de Arellano - Agastia - Arturo Soria,40.4495773299606,-3.65291684329399,1890257858,99.96440446677026,False
10167,Serrano Galvache - Bausa - Arturo Soria,40.4713225246748,-3.66844334613174,31026406,44.107703092937605,False
10750,Camino Vinateros - Manuel Machado-Diego de Valderrábano,40.4105966643548,-3.65920895008893,1595032248,39.469801828688105,False
11106,Sierra Toledana Puente A-3 - Corregidor Alonso-El Bosco,40.4057187126038,-3.65890358274705,1224507940,10.337092226608327,False
6177,Francisco Largo Caballero - José Arcones Gil-Av. Daroca,40.4232482574262,-3.6380867463191,243074776,76.39840936567488,False
6234,Puente Felipe Juvara - A2-Pl. Yucatán,40.4499586203529,-3.62630120974126,88976864,83.20695527257513,False
6235,Av. de los Andes - Abelias-Pl. Yucatán,40.4520790741112,-3.62676175517654,251564327,88.93252792597939,False
10757,Emigrantes - Torquemada-Tribaldos,40.4677096238586,-3.63736006775004,219415362,54.58703701081959,False
10679,Av. del Arroyo del Santo - Gta. Mar Caribe-Arces,40.4538408174863,-3.6226577189642,522829712,46.116311325667375,False
10681,Av. de los Andes - Arroyo del Santo - Petunias,40.4547220911678,-3.62160020025222,219455662,68.16296962037954,False
6302,Av. Gran Vía de Hortaleza - Av. Gran Vía de Hortaleza-López de Hoyos,40.466632808368,-3.65557779934999,31040865,17.635364777141522,False
6303,Av. Gran Vía de Hortaleza - Haro-López de Hoyos,40.4671800568226,-3.6524913102431,254357254,17.11333262350348,False
9969,Luis de la Mata - Av Logroño-Galatea,40.4506785345528,-3.6122592139199,251956204,9.763094405519801,False
6348,Av. Logroño  - Av. Logroño-San Severo,40.4653783828767,-3.58446156523939,29749546,10.08774303351556,False
3810,AV. Daroca 106 O-E - Fco. Largo Caballeroo-Fuente Carranton,40.4164782779809,-3.62771881390475,25377785,97.51674425492135,False
3811,Incorporación de O´Donnell (M-23) a Fuente Carrantona O-E - M-23- Fuente Carrantona,40.4145218496853,-3.62930264163494,25377815,10.737107297375093,False
6440,Luis Hoyos Sainz  - Pico Artilleros-Fuente Carrantona,40.4037706497423,-3.63579887879175,317744374,77.07483662708697,False
10673,Dr. Garcia Tapia - Antonio Cumella - Jose Bergamín,40.4088836246335,-3.63727216693094,1837500637,16.589965590607964,False
10674,Dr. Garcia Tapia - Merida - Oberon,40.4084589039223,-3.63621777196226,6217489338,21.31121554196191,False
10675,Dr. García Tapia - Molina de Segura - Mérida,40.4088118446851,-3.63763501913878,1837500637,34.62964356225492,False
11167,-,40.48579977877,-3.64752252058849,4599656166,20.73212430908465,False
5377,Av. Ensanche de Vallecas - Rafael Leon-Cañada Santisimo,40.3642772617636,-3.60079323711699,822567926,71.1103775256874,False
5378,Cañada Santisimo - Av. Cerro Milano-Av. Ensanche de Vallecas,40.3629640274681,-3.60000555561724,819069920,32.4619346827493,False
5381,Av. Suertes - Rafael Leon-Jose Gutierrez,40.3676212232771,-3.6003914606572,316751502,77.9232664695494,False
3489,PM10728,40.421607786721,-3.65950675480124,3147825084,92.30348968899489,False
6815,PM12572,40.4743220365716,-3.74534129387992,290092209,13.870747887453186,False
4611,MAURICIO LEGENDRE N-S(VIEJAS-MANUEL CALDEIRO),40.4774451007651,-3.68407116208918,137448982,100.89567177257986,True
11270,"Suecia, 24 - Sajonia-Francfort",40.4227584451709,-3.60692888079064,21991232,19.334183355472042,False
5363,Av. Suertes - Av. Entrepeñas-Peñaranda de Bracamonte,40.3707558300758,-3.60671296172975,819551591,18.898706704880773,False
1014,18RL09PM01,40.4198894615071,-3.72267717120094,315259372,41.97117577472745,False
1042,18RL29PM01,40.4179342914448,-3.72290892757688,315265031,83.03104503746638,False
1011,18RM17PM01,40.418233915259,-3.72307569189315,299293137,57.995904897096054,False
6837,18RN69PM01,40.417166799922,-3.72288654595573,315264896,4.067114484413041,False
1043,18RT11PM01,40.4183327562692,-3.72076206769927,315266287,14.570205124210746,False
6838,18XC11PM01,40.4166727518426,-3.72289418677622,315264896,50.966618193965274,False
1013,18XC46PM01,40.4199705540921,-3.72253213071733,315259372,50.00424305050322,False
1018,18XC82PM01,40.421815824223,-3.72476130496094,26080636,60.083287041825,False
9841,Valle de Mena S-E - Acc.Ramon Castroviejo-Gta.Isaac Rabín,40.4724879656665,-3.72739741212418,290093104,66.22894697081524,False
11436,CEBREROS E-O(PALMIPEDOS-CARLINA),40.4040757199878,-3.75016140543995,255883291,46.36196650127466,False
9967,(TACTICO) SALIDA MINISTERIOS,40.4446893305353,-3.69496208422109,10197766007,19.052681267406438,False
5921,Alcalá - Boldano-Pileo,40.4368301734185,-3.64043345045263,1838956113,19.042143025868217,False
5970,Nicolás Salmerón - Pl. Alsacia-Matamorosa,40.4179496303298,-3.62458288853854,25377752,10.986740087401573,False
11148,Fuerzas Armadas E-O - P.P. (16-157)-Rocio Jurado,40.4861206007361,-3.6321555670575,11920023117,71.91586056965804,False
6640,PM10013,40.4811995044149,-3.67408704222425,25921963,34.48506705943017,False
6643,PM10092,40.4759797143981,-3.67457932665751,25965172,51.925746004179864,False
6700,PM12721,40.4727325464518,-3.72893721003249,150878502,28.34581253027616,False
3801,PM12781,40.4751555250301,-3.72237343543397,339984115,63.75370819623599,False
6722,PM20321,40.457210762991,-3.66364553042255,25925612,29.399917756884406,False
6749,PM20911,40.40742478174,-3.66444642772408,315246035,5.449926159700077,False
6816,PM22572,40.4745476270127,-3.74797413233606,339990346,27.87916541829287,False
6939,,40.3992031785941,-3.76503934696798,49964428,103.10691045538186,True
7123,19XC40PM01,40.4244130075268,-3.7305237305708,6117099564,63.72293058929944,False
7122,19XC80PM01,40.4267023134153,-3.73418845532484,26080282,85.60294041078924,False
11488,90EL00PM01,40.3872167200308,-3.69078170536857,317769138,19.968816740057186,False
6881,90EL16PM01,40.3864851255584,-3.69033402464593,26397010,20.333261207834624,False
6882,90EL38PM01,40.3836642655763,-3.68815541700744,26397116,63.18145992149111,False
5531,Av.Burgos N-S - Ntra.Sra. del Recuerdo- Pl.Duque de Pastrana,40.4688564793814,-3.67714865345098,102294572,5.682954536022452,False
4485,Av.Séneca 14 E-O - Entrada Pte Franceses,40.4349051346353,-3.73150707637972,30914825,6.996771981478054,False
4126,Comercio E-O - Garganta de los Montes-Méndez Alvaro,40.4005381200552,-3.6840438732876,2395933286,16.96958408362327,False
4050,Dr.Esquerdo 63 S-N - Ibiza-O´Donnell,40.4196231489743,-3.6690066805388,26783938,43.41517720438069,False
4743,ALHAMBRA Ø23 S-N (CUART POBLET-CJAL. FCO. J. JIMENEZ),40.3999664787737,-3.74455421598405,6796630918,80.04729545596457,False
4766,CARLINA Ø7 N-S (VILLAMANIN-CEBREROS),40.4044047575934,-3.75129717844129,12227699400,6.525629262026971,False
4811,"ORIO, 1 N-S(ARECHAVALETA-ALCOCER)",40.3509214639684,-3.69569066994225,316433688,2.110277258383771,False
4846,DOMINGO PÁRRAGA Ø13 S-N(DOMINGO PARRAGA-PSO. FERROVIARIOS),40.3423080389425,-3.71780847967965,316630120,13.712571539030824,False
4847,PSO. FERROVIARIOS Ø22 S-N (NUÑO GOMEZ-JOSE DEL PINO),40.3456034870702,-3.71650700343051,306256006,5.101593324814248,False
10106,PLEYADES Nº 8 S-N (ARCOS DE LA FRONTERA - ESTUDIO),40.4602879451425,-3.78405113501286,30914764,9.152927089593568,False
5088,ARLANZA E-O,40.3868538442095,-3.71630097270129,1155636104,52.9303037114781,False
10369,MONASTERIO BATUECAS S-N (MONASTERIO RÁBIDA - MONASTERIO SUSO Y YUSO),40.5018598062962,-3.70484536820763,1828866437,5.370834493552758,False
10373,MONASTERIO SUSO Y YUSO O-E (MONASTERIO MONTESCLAROS - MONASTERIO PAULAR),40.5021772576235,-3.70182877051581,2570786188,17.86718842448438,False
10688,"(CARRIL BUS)  MONASTERIO SILOS, 30 O-E(MONASTERIO MONTESCLAROS-MONASTERIO PAULAR)",40.503233967813,-3.70141137904167,272435031,77.15394752052715,False
11454,AV. SANTUARIO DE VALVERDE (ENTRE MONASTERIO MONTES CLAROS Y MONASTERIO DEL PAULAR),40.5053364797594,-3.70177711405296,268019348,58.292369282992716,False
10853,(CARRIL BUS) STO. DOMINGO CALZADA E-O(CAPISCOL-CASTIELLO JACA),40.5085124205709,-3.67664599197855,310357074,49.67937215809635,False
5244,VIA LUSITANA N-S(HALCONERO REY-AGUACATE),40.368650637352,-3.74009550737977,371267237,105.81228256888282,True
5248,THALER E-O(CALDERILLA-VIA LUSITANA),40.3669726359363,-3.74009160948755,921690984,14.089345878152626,False
5249,VIA LUSITANA S-N(AV. PESETA-THALER),40.3664742715365,-3.74188495543851,309892279,107.52303743653161,True
3688,AV. EURO N-S(OBOLO-AGUACATE),40.3686044130442,-3.7414441968738,309892235,58.491912562508425,False
3918,Alfonso XIII S-N - Ramon y Cajal-Pintor Ribera,40.4530809619693,-3.66727709353987,119815327,31.82896405810507,False
3935,Eduardo Dato O-E - Gta. Ruben Dario-Serrano,40.4329841241706,-3.68737960648244,25902243,55.80589159621424,False
3950,"Francisco Silvela, 76 S-N - Mejico-Coslada",40.4362215945275,-3.67601285954129,27509096,50.93234764304146,False
3965,"Velazquez, 74 S-N - Ramon de la Cruz-Ortega y Gasset",40.4292143637231,-3.68380241374166,29739615,11.78998335211899,False
3957,Joaquin Costa 70 O-E - Velazquez - Gta. Lopez de Hoyos,40.441453970353,-3.68172740915015,9062259170,52.843029094130564,False
3610,Menendez Pelayo N-S - Giro Izqda. Pl. Niño Jesus,40.4124513979658,-3.67671300498828,1848514711,38.356119717811076,False
4080,MAESTRO ARBOS S-N(VALDEMORILLO-TTE. CORONEL NORENA),40.389619278792,-3.69517539475356,1837483542,22.78084496770624,False
4121,EMBAJADORES S-N(GRANITO-PL.BEATA M ANA JESUS),40.3930396632702,-3.69394937098422,2104925481,50.43433900341004,False
4115,Po DELICIAS S-N(CACERES- GENERAL PALANCA),40.3986484045615,-3.69419104477852,249398210,20.098610010583037,False
4148,RAFAEL RIEGO N-S(DELICIAS-ANCORA),40.4037553988894,-3.69217068216731,31009975,34.8076413964874,False
3464,(AFOROS) Po INFANTA ISABEL E-O(ALFONSO XII-RNDA.VALENCIA),40.407865116542,-3.69014873996781,249084428,18.306741755800978,False
4185,Po DE LA ESPERANZA N-S(GARGANTILLA-STA MARIA CABEZA),40.3984062648479,-3.70270033610862,255095624,7.929579245673628,False
4205,ATOCHA E-O(SAN EUGENIO-MORATIN),40.4115494508244,-3.69749781736466,26310532,26.222843911548612,False
4230,EMBAJADORES S-N(STA Ma CABEZA-PALOS DE LA FRONTERA),40.4018057824027,-3.6999637533823,170909734,9.61388127359258,False
4244,Po RECOLETOS N-S(PRIM-PL. CIBELES),40.42142000362,-3.69206506155712,25901838,33.9509019853187,False
4264,Gran Via San Francisco N-S(Cra.SFrancisco-S.Bernabe),40.4099849162483,-3.71384683130384,26482410,24.01251826259979,False
4292,"GRAN VIA,78 S-N (GRAL.MITRE -REYES)",40.4230536024265,-3.71025511432192,26066640,14.576639436391051,False
10874,FERRAZ N-S (IRUN -CUESTA  SAN VICENTE)(GIRO),40.4225207353722,-3.71390105800033,1501171070,78.69221953326698,False
4343,PRINCESA N-S(ALTAMIRANO-MARQUES DE URQUIJO),40.4310967037801,-3.71664838556904,25935523,56.00680969334261,False
4364,PINTOR ROSALES N-S(BUEN SUCESO-QUINTANA),40.4271032947196,-3.71995687830428,26080763,38.09890246038916,False
4381,"Fernández de los Rios, 71 O-E(Isaac Peral-Guzmán el Bueno)",40.435344884788,-3.71405694072631,26025864,23.76980170079039,False
10258,San Bernardo S-N(Palma -Daoiz),40.4267124623343,-3.70666021201341,22023377,13.449048088864322,False
11351,(TACTICO) Salida Rectorado G.2,40.448948067804,-3.71876804443975,150760421,96.21363615987468,False
4599,ARZOBISPO MORCILLO O-E(ACC.TORRES-Po CASTELLANA),40.4797232549796,-3.68710716704231,2484924966,31.24987911028322,False
4621,AGUSTIN DE FOXA N-S(PADRE PALAU Y QUER-J. VASCONCELOS),40.4712174580643,-3.68458161764255,10047917985,36.5114749737579,False
4633,"(AFOROS) ALFONSO XIII, 18 S-N(LOPEZ DE HOYOS-PRADILLO)",40.4486298434083,-3.66605680450069,149026324,6.476778955705842,False
10042,CLARA DEL REY N-S (SANTA HORTENSIA -CANILLAS),40.4435010327081,-3.66881022348911,148892437,32.009850593741426,False
4662,BIARRITZ S-N(MARTINEZ IZQUIERDO-BRESCIA),40.4354404012486,-3.66404244444025,149224157,21.105543035699093,False
4730,Valle de Mena E-O (Candido Mateos - Cesar Marique),40.4708351755667,-3.71869876497554,344864101,20.05365156475214,False
5825,Vía Servicio M-30 - M-30-Av. Albufera,40.397216683972,-3.66989518880556,248076207,45.21486136039542,False
5826,Melquiades Biencinto - Antonio Calas-Av. Albufera,40.3975694801133,-3.66890960950289,248076209,9.256857035955232,False
5831,Dr. Fernando Primo de Rivera - Peña Gorbea-Av. Albufera,40.3958237251522,-3.66572365795973,344114502,11.986571063497365,False
5855,Av. Albufera - Puerto de Alcolea-Concordia,40.3964635713291,-3.66565526380743,1877642172,36.01870917353279,False
9856,Gandia - Vía de Servicio- Cerro Negro,40.3977563837464,-3.67033502601166,25944384,14.479144511098134,False
5926,Alcalá - Urquiza-Gutierre de Cetina,40.4340781185197,-3.64608080541607,25531119,25.214225324019036,False
10555,Alcalá - Sta. Leonor-Alfonso Gomez,40.4396939572945,-3.63120035005536,2208138732,12.802425122875375,False
10710,Alcalá - Florencio Llorente - Buen Gobernador,40.4323944485162,-3.65367818588579,25531134,33.94913804428259,False
3528,Tumaco - Tumaco-Tampico,40.4450685849662,-3.63540840996762,114123521,20.281910681212903,False
5963,Ascao - Pl. Villaflor-Hermanos García Noblejas,40.4327583146203,-3.63488800285389,21716256,34.14685485012578,False
5985,Hermanos García Noblejas - Albasanz-Argos,40.4350468944369,-3.63587892472093,31107231,45.83709152664869,False
10484,Santa Leonor - Miguel Fleta - Julian Camarillo,40.4337336357892,-3.62885070656816,31260445,80.71183514696737,False
9974,CAMINO GANAPANES N-S,40.4724748108871,-3.71493567748534,2008329574,24.418255309007133,False
5997,Santo Domingo Savio - José Arcones Gil-Hermanos García Noblejas,40.4308968355101,-3.63338218522675,101051650,23.262518636944975,False
6023,Arturo Soria   - Amara-Juan Pérez Zuñiga,40.4457624270359,-3.64752016174975,100960619,25.473150273564013,False
10110,Arturo Soria - Navarro Amandi - Emilio Rubin,40.4603150238557,-3.66135203497327,1671943139,4.7811237418739445,False
10298,Arturo Soria - Asunción Pérez-Ángel Gordillo,40.462781862369,-3.66483603686329,100954677,23.340219682880907,False
11463,Arturo Soria 17 - Jose del Hierro -  Marquesa de Torrecilla,40.4404887943592,-3.64008000108482,100962496,39.07042203694667,False
6072,Cta. Sagrado Corazón  - Sta. María Magdalena-Arturo Soria,40.4668014626281,-3.66747581729585,25962796,21.907999575979158,False
6095,Acceso a Arturo Soria - M-30-Arturo Soria,40.4834989438198,-3.66511782298005,100941644,43.85309581156627,False
6106,Eladio López Vilches - Mesena-Arturo Soria,40.4735118786639,-3.66755839530693,100964068,22.048230302031932,False
6124,Pico Artilleros - Hacienda de Pavones-Camino Vinateros,40.404214676828,-3.64234461714483,1348309323,105.87730046622218,True
11185,Camino Vinateros - P.P. - corregidor Señor de la Elipa,40.4100833203494,-3.65128536364611,1596152679,20.764829576942738,False
9948,Camino Vinateros - Corregidor Jose Pasamontes-Marroquina,40.4092932930388,-3.64887944272969,1588573206,85.44339581973487,False
6140,Ascao  - Berastegui-Gutierre de Cetina,40.4296155504208,-3.64191715092001,101047414,45.78824557528543,False
6143,Ascao  - José Arcones Gil-Luis Ruíz,40.4316859287332,-3.63740338003119,1600263114,62.96753320234551,False
6163,Ezequiel Solana  - Ezequiel Solana-Vital Aza,40.4311104437774,-3.64528423862975,100974955,48.46594133918799,False
6167,Luis Ruiz  - Vital Aza-Ascao,40.4318675539097,-3.6391040863998,100982825,32.08480308008602,False
6135,Av. Marqués de Corbera - Ntra. Sra. del Villar-Gerardo Cordón,40.4251860464385,-3.65273073194621,307998640,31.599264561676453,False
6192,San Marcelo - San Marcelo-Ricardo Ortíz,40.4270193238201,-3.65828682577675,2920389754,21.28963904944465,False
6211,Calahorra  - Av. Daroca-Camino Viejo de Vicálvaro,40.4056002501173,-3.61497462647002,316046497,6.0138910630149205,False
6227,Ctra. Canillas - Torquemada-Emigrantes,40.4652144788094,-3.6381270262772,25931287,67.78668150488048,False
3797,PM40005,40.4917000012825,-3.67164434096388,1121592042,37.84477440646633,False
11009,Av. Machupichu - Machaquito - Av. del Papa Negro,40.4579514629523,-3.62526986055458,220636914,14.51700913709713,False
3656,Entrada desde M-40 - M-40- Av. de los Andes,40.45871206865,-3.61885021405289,219463905,52.00838946840799,False
3819,PM10502,40.4408895889771,-3.65955979325632,21473229,20.461130953953028,False
3657,Entrada desde M-40 - M-40- Av. de los Andes,40.4575496749504,-3.61591989882105,252935908,98.91457016546805,False
6248,Asura - Asura-Moscatelar,40.4563142391804,-3.65361717570265,2422171924,16.205545685815448,False
6676,PM10981,40.4006721589534,-3.66778399572061,306529517,37.93705116259848,False
6249,Asura - Carril del Conde-Moscatelar,40.4575676523028,-3.65476762255109,282272122,14.164868976909405,False
6250,Liceo - Liceo-Silvano,40.4571252294033,-3.64333711237367,219517989,18.740620590275224,False
6718,PM20232,40.4665615556084,-3.66796051020407,360627869,22.224877515998223,False
3658,Silvano - Mosqueda-Haendel,40.4625604970009,-3.62616284233121,25931206,67.49357196951755,False
11010,Av. Machupichu - Av. Papa Negro-Machaquito,40.4577266385625,-3.62482562045248,220636914,42.541130363815405,False
6745,PM20834,40.4171029690078,-3.65887835533732,6354380808,50.76955365616811,False
6252,Av. Consejo de Europa - Consejo de Europa-M-40,40.4593010613238,-3.61663456738481,252104443,31.63216048833997,False
6253,Emigrantes  - Tribaldos-Arequipa,40.4677218282857,-3.63722693275543,219415362,58.278386085426334,False
6768,PM22241,40.4489951191854,-3.74146664376844,21682699,116.30850044613295,True
6254,Av. Machupichu - Silvano-Pl. Manuel Rodrigo,40.4608702808921,-3.63396692171551,220672141,30.52405465577366,False
6255,Av. Machupichu - Florencio Castillo-Machaquito,40.4590769590294,-3.62651508704122,221382417,23.76813763614602,False
3826,PM40755,40.4178598699391,-3.65513350659075,21525883,31.915201772346947,False
3784,Av. Machupichu - Av. Piceas-Av. Papa Negro,40.4565422589772,-3.6239549439771,60644303,100.18890528613998,True
3785,Av. Machupichu - Av. Papa Negro-Machaquito,40.4577013885243,-3.62486848229031,220636914,42.79839166122103,False
6257,Ctra. Canillas - Pegaso-Servator,40.463016887598,-3.64834008790038,253114554,12.417420337946742,False
11385,PM23071x,40.4855592033437,-3.69295682685638,31463222,41.712827235463564,False
10140,Silvano - Alcorisa-José Rizal,40.4620125048302,-3.63923744265908,1239298573,52.739366789116964,False
10144,Alcorisa - Calanda-Silvano,40.461905949488,-3.64046264791604,221266289,32.7919961507368,False
10143,Silvano - Alcorisa-José Rizal,40.4624371467418,-3.6384375133374,25931156,28.884899639807387,False
11000,Av. Machupichu - Silvano-Pl. Manuel Rodrigo,40.4608460097507,-3.63400247389845,25931305,29.67371132990948,False
11137,Moscatelar - Tantalis - Parma,40.4571260439585,-3.65053326601191,219511385,9.006831954470009,False
10759,Av. San Luis  - Ctra. Acceso Estación de Hortaleza-Lorca,40.4713324824763,-3.65633255902332,254996525,81.32435634193018,False
6293,Av. San Luis - Luís Buitrago-Pl. Santos de la Humosa,40.4726773639986,-3.65055336894924,950736373,9.338094970237695,False
6313,Ctra. Acceso Estación de Hortaleza - Av. San Luís-Virgen del Carmen,40.4723298228628,-3.65680434130854,254996321,51.8537717161184,False
10847,Gran Vía de Hortaleza - Gta. Sandro Pertini-Puerto Principe,40.4692772789397,-3.64367298299769,25933247,56.38932480787537,False
4822,AV. ANDALUCIA N-S(M-40-UNANIMIDAD),40.3626938725607,-3.69383123352624,248846144,28.893084514173523,False
9993,Luis de la Mata - Galatea-Av Logroño,40.4506430118292,-3.61229285844267,251956204,12.359171170359136,False
6969,Av. Capital de España - Acceso Campo de las Naciones,40.4633394194041,-3.61601432393489,29749237,28.90271479424719,False
6375,Av. Badajoz - Aristóteles-Torrelaguna,40.4430718182242,-3.65281331420636,13725808795,46.807630049504155,False
6390,Av. Canillejas a Vicálvaro - Julián Camarillo-Etruria,40.4369089438094,-3.6131615856238,6071262326,7.934684179470806,False
3631,PIEDRABUENA E-O(TOMELLOSO-SANTUARIO),40.3831669383154,-3.69908683153089,2479685272,8.321373528276425,False
6410,Aquitania - Toscana-Av. Canillejas a Vicálvaro,40.4208952510821,-3.61210571011841,20960707,18.485555728476815,False
11306,Carril BUS- Aquitania 29 - Nuremberg-Republica Checa,40.4191034753732,-3.61697144325184,21994426,32.75050738825175,False
11305,Aquitania 29 - Nuremberg-Republica Checa,40.4191418534015,-3.61700410803715,21994426,31.746384260121967,False
5016,JUAN TORNERO E-O(LAIN CALVO-CARAMUEL),40.411792486483,-3.72600089693703,305396664,16.659493814029975,False
6425,Fuente Carrantona  - Arroyo Fontarron-Miguel Hernández,40.3952740078248,-3.63990211357664,316634724,29.596691484752622,False
6441,Luis Hoyos Sainz  - Luis de Hoyos Sainz-Fuente Carrantona,40.4038102538892,-3.63321941028176,255148280,22.884067000283906,False
6460,Laponia - Laponia-Av. Doctor García Tapia,40.4057909656551,-3.62774443761534,255148207,103.8629567061671,True
6471,Suecia - Suecia-Pº. Ginebra,40.4241578859101,-3.60400319400011,20960688,41.2790268357994,False
10625,Sofia  - Estocolmo y Julia Garcia BOutan,40.431374277393,-3.60210411722022,20963101,72.2206664622716,False
11268,"Niza, 33 - Manchester-Julia Garcia Boutan",40.4295155823746,-3.60688696204178,20952923,22.479413075229754,False
6217,Av. Gran Vía del Este  - San Cipriano-Rivas,40.402602160516,-3.59605949726835,306215768,83.21988572989395,False
6488,Av. Entrevías - Renfe-Ronda Sur,40.3761108252816,-3.65828879973219,307711354,46.07844869495801,False
10911,Av. Entrevías - Romda del Sur-Villacarrillo,40.3767307083456,-3.66053047253949,355532686,7.475683817780814,False
6492,Av. Arcentales - Colegio Público Chile-Ajofrin,40.4269243643544,-3.62524018954709,2065668342,17.44820033486587,False
6493,Av. Arcentales - Colegio Público Chile-Ajofrin,40.426829197311,-3.62523184006982,2065668342,24.714879590008664,False
11189,Av. Fuerzas Armadas 298 E-O (Vía Servicio) - Av. Fuerzas Armadas 298-Gta Isidro Gonzalez,40.4825488937257,-3.62310465506164,1825544548,141.91138330723325,True
11171,Fuerzas Armadas  BUS (Acceos Gta) - P.P. (16-162)-Gta de Isidro González Velázquez,40.4828477341581,-3.62686948083251,969169902,15.122012910565612,False
4913,OCAÑA Ø5 O-E(CAMARENA-VALMOJADO),40.3865463798848,-3.76015356111557,21702209,14.45057440418164,False
6518,Av. Arcentales - Gta. Arcentales-San Romualdo,40.4336705457381,-3.61990668776953,251560783,9.451255177901986,False
6536,Alcalá - Esfinge-Jaca,40.4471503747039,-3.61142576516297,30097696,24.963972271952315,False
10561,Raza - Enrique López-Alcalá,40.4473991879844,-3.61207397487309,30097696,54.09131751435844,False
10551,Alcalá - Raza-Gutiérrez Canales,40.4468426469871,-3.61194579919813,30097696,30.85443229252184,False
11245,Av. Secundino Zuazo - Fina de Calderón-Luis Moya Blanco,40.4954506858398,-3.617565066684,1433108814,24.146438861174104,False
11248,Manuel Gutiérrez Mellad - Félix Candela-Av. Secundino Zuazo,40.4960757288861,-3.62005281076415,1433108823,51.71498565541508,False
11249,Manuel Gutiérrez Mellado - Félix Candela-Av. Secundino Zuazo,40.4960781165381,-3.62000616921208,1433108823,51.6711594013769,False
11278,Secundino Zuazo (CARRIL BUS) - Fina de Calderón - Luis Moya Blanco,40.495526719101,-3.61660626563366,11364568918,18.031201196629933,False
6548,Campezo - Deyanira-M-40,40.4416723142092,-3.58335627973369,31035338,68.32637477858638,False
11165,Av. Francisco Pi y Margall - Príncipe Carlos-Infanta Catalina Micaela,40.487447629742,-3.65220576549001,272110778,38.48286050597691,False
3458,Quintanavides - Foresta-Abetal,40.4969278785014,-3.66750295123527,259615488,86.7667414663805,False
6624,Ingeniero Emilio Herrera - Av. Francisco Pi y Margall-Av. Manoteras,40.4873536128276,-3.65845735985895,2584426062,4.288216980243768,False
6607,Francisco Pi y Margall - Princesa de Éboli-Infanta Catalina Micaela,40.4874198104211,-3.65282442714883,277968725,9.441481410155854,False
9868,Príncipe Carlos - Alcalde Alvarez de Villaamil-Alcalde Redondo Aceña,40.4903786679038,-3.65152906930952,299507013,29.37134212479282,False
5212,González Dávila - Luis I-Camino Hormigueras,40.376597606501,-3.63921208080404,303157824,8.32785136513039,False
10157,Ctra. Vicalvaro a Vallecas - Bruno Abundez-Cocheron Villa,40.3831517639792,-3.62835375922113,308621679,29.02831173752603,False
5360,Av. Ensanche de Vallecas Via de servicio - P.P.-Av. Entrepeñas,40.3681879057222,-3.60820487184754,819551624,29.49772727398755,False
5517,Mateo Inurria O-E - Av.Recuerdo-Pº de la Habana,40.4675008916218,-3.68065982134898,31322832,60.12885628324646,False
3455,Bravo Murillo S-N - Hernani-Palencia,40.4491461045485,-3.7036084280019,26413061,31.453359000778793,False
4881,PICO OCEJON Ø32 N-S (ARASCUES-AV. OSA MAYOR),40.4594775085614,-3.78863804704723,264062965,47.01254675819575,False
4947,AV. POBLADOS E-O(UGENA-POLAN),40.3734761039532,-3.72500117306213,22565590,11.434531278406576,False
5884,"CALLE FERMIN CABALLERO, 76 O-E",40.4812818627316,-3.71522908753476,25920642,39.50005333680004,False
3446,GUETARIA S-N(ALZOLA-VILLABONA),40.368799242153,-3.71557067687368,306094639,6.530572586163845,False
5093,(TACTICO) DR. ESPINA N-S,40.3871398428819,-3.72933291001487,301891881,15.747072288136476,False
5237,AV. PESETA E-O(CORONA-AV. CARABANCHEL ALTO),40.3622260771585,-3.75246072375322,316617371,9.201078300558066,False
5301,PEDRO YAGUE S-N (Pº STA MARIA CABEZA-MARQUES JURA REAL),40.3927609940657,-3.70806293493731,9457704569,39.086087865181554,False
10272,ANTONIO LOPEZ N-S GIRO IZDA.(SEBASTIAN GOMEZ-VADO),40.3857206521274,-3.69656170902143,306030785,2.292369069288446,False
3472,ANTONIO MACHADO S-N,40.4613343259965,-3.71884953706728,51422001,30.954814141783448,False
3738,AV. ASTURIAS E-O(CANAVERAL-MONTOYA),40.4694527091243,-3.69552570470944,60108655,26.017193766984516,False
6641,PM10021,40.480877709102,-3.6740433008622,25921961,4.052795963846421,False
6781,PM32051,40.4350936492966,-3.73930524699685,25935811,53.42486747690806,False
6782,PM32351,40.45544450586,-3.74497815670828,32098837,40.182062288041706,False
3496,PM32352,40.4554996323646,-3.74485818083194,32098837,50.20211080072616,False
6784,PM33032,40.4974734717094,-3.7003101948204,130027164,25.48212161336115,False
6944,PM41882,40.384715351711,-3.78331456976364,307187286,34.64061468650641,False
6952,PM41891,40.3781128107393,-3.79224552062471,5360984763,37.00932065703523,False
6951,PM41892,40.3780515899713,-3.7921550273949,5360984763,41.403303518852276,False
5523,Mateo Inurria E-O - Hiedra-Rodríguez Jaén,40.4673311146651,-3.68321071189569,102359894,15.786384368458972,False
10969,CAMARENA N-S(YEBENES-ILLESCAS),40.3926965348415,-3.75572765883695,27637597,14.188400535350011,False
3480,AV.POBLADOS O-E(GUETARIA - RAFAELA YBARRA),40.3736928158177,-3.71407466935739,1329856640,113.99079714271487,True
4449,Miguel Angel N-S(Rafael Calvo-Eduardo Dato),40.4339720630697,-3.69131222010672,63530461,10.257640179236901,False
4579,AV. ASTURIAS O-E(BASCONES -CANAVERAL),40.4687195329632,-3.69468653651591,414253868,32.89999293910294,False
11282,STA MARIA MAGDALENA N-S,40.4606005842039,-3.66967754790283,102505414,26.201736211179085,False
6309,Mar Adriático - Chiquinquira-Ayacucho,40.4709716808008,-3.63922104141325,253069452,16.69436823696431,False
6344,Av. Logroño - Isla de Cuba-Luis de la Mata,40.4499221289414,-3.61079074464232,571462703,20.07449157355636,False
11239,César Cort Botí - Av. Juan Antonio Samaranch-Av. Secundino Zuazo,40.4947757748071,-3.61257583138034,1433108800,52.90260427342355,False
3799,PM10611,40.431088054505,-3.66081584675954,3144566011,22.09634306165451,False
6716,PM20152,40.4710927954875,-3.67135903808558,31026402,42.97927233377663,False
6747,PM20852,40.4125654876572,-3.66153118766699,25943481,11.353325843622343,False
6769,PM22471,40.4679363361579,-3.74984508209102,42385976,81.70603533559648,False
3597,PM22571,40.4745114227672,-3.74576639917224,290092209,54.23582419121348,False
6770,PM22641,40.4732614557386,-3.73601784563005,2503364900,22.382994506441783,False
6938,,40.3990573614869,-3.76496356799512,49964428,103.78438873214134,True
11363,PM43014,40.4863500282321,-3.69615485245026,2568375032,76.49406983472005,False
6773,PM23071,40.4851243354937,-3.69217867165086,21682607,6.766671178356495,False
3542,04FT14PM01,40.4134813688095,-3.73229388992429,305399714,101.56595050585405,True
1006,04FT74PM01,40.411893920686,-3.73632354344886,1420427533,37.31932900400461,False
6900,04TL40PM01,40.404237000548,-3.65282296854368,1224506990,20.358445199576185,False
6899,04TL40PM02,40.4041520237669,-3.6528155770728,1224506990,11.353922182714346,False
6901,04TL40PM03,40.4042334558685,-3.6529831845593,1224506990,27.307075047402755,False
6903,04TL40PM04,40.4041327373322,-3.65294384342139,1224506990,18.025457844948622,False
6893,10NC18PM01,40.3987394758629,-3.66956422646867,30922248,25.81080399915624,False
6891,10NC76PM01,40.3952049003526,-3.67322703878986,5003038562,40.05557258083412,False
6894,10XC18PM01,40.3985380953565,-3.66913797713404,343704343,29.895287155162052,False
6875,12NC63PM01,40.3895046223182,-3.69037878784499,11341117028,43.13330386480591,False
6876,12XC06PM01,40.388850760747,-3.68499395595712,317771984,169.48094279924922,True
1024,14RL30PM01,40.3941681840033,-3.70454557049938,315246451,93.19048987980634,False
1026,14RM32PM01,40.3949906138856,-3.70244925704615,1674022623,74.39369799137634,False
1023,14RN01PM01,40.394388605262,-3.70587592590687,315246450,20.109372503458193,False
7120,14RN27PM01,40.3930508826529,-3.70695997139916,1437661802,48.299562996970316,False
1022,14RR28PM01,40.3936366204249,-3.70324676774834,21724016,26.153937494575636,False
1031,15RR60PM01,40.4001496188884,-3.71224241767869,26514676,41.253481334416605,False
1040,16RC01PM01,40.4042798285817,-3.72337925853824,599676278,34.32438007850764,False
1039,16RE18PM01,40.4031195439336,-3.72305046280961,21780010,22.217369775185116,False
6846,16XC14PM01,40.3996180602552,-3.7200371866099,306157290,82.64209457761608,False
6844,16XC70PM01,40.4044920453515,-3.72311374258868,599676278,19.70949703968604,False
6842,17NC04PM01,40.407496881434,-3.72163586673024,332054465,28.5393454750647,False
6840,17NC65PM01,40.413739953843,-3.72242856336325,25896227,126.60237952164464,True
5424,(AFOROS)Av.Ilustración E-O - Centro Cívico-Av.Betanzos,40.4807391930103,-3.71107502395063,161891037,92.29442269925771,False
5452,PºCastellana N-S - Sor Angela de la Cruz-Juán Gris,40.45768275877,-3.69022674496088,102525667,34.469094880448345,False
5473,Joaquín Costa E-O - Balbina Valverde-PºCastellana,40.4462285914388,-3.68985192811857,142191440,6.935251114889241,False
5474,Alberto Alcocer E-O - PºCastellana-Doctor Fleming,40.4589459305946,-3.68909079519425,25906506,25.650995012025987,False
3743,Gral.Perón E-O(Giro E-S) - Presidente Cármona-AviadorZorita),40.4525216199579,-3.69747547102762,81472408,14.950511366185626,False
7082,(TACTICO)Salida Edificio Nuevos Ministerios(Delante G.4) - (TACTICO)Salida Edificio Nuevos Ministerios(Delante G.4),40.4434721905155,-3.69195425300521,1754817102,75.60574051500268,False
5681,Bravo Murillo S-N(Giro a Lope de Haro) - San Enrique-San Germán,40.4570729245531,-3.70172774168475,26412844,28.06899270907532,False
5682,Lope de Haro E-O - Bravo Murillo-Juán Risco,40.4574670409643,-3.70169730009809,2273627198,17.299864181865424,False
5718,Raimundo Fdez.Villaverde E-O - Cicerón-Gta.Cuatro Caminos,40.4467966496302,-3.70071717388718,13514458973,42.95639462656395,False
5719,Orense N-S - Hernani-Raimundo Fdez.Villaverde,40.4476430582483,-3.69548979422288,989204999,34.04620709881909,False
5741,Raimundo Fdez.Villaverde O-E(Giro izdq) - Ponzano-Alonso Cano,40.4465386056936,-3.69781157078737,98746807,57.7545551696777,False
3513,Av.Reina Victoria E-O - Castillo Piñeiro -Av.Pablo Iglesias,40.4470982552639,-3.70698650990282,32602932,14.350848852740398,False
3506,PºAcacias N-S - Pl.Ortega y Munilla-Gta.Pirámides,40.4015489709778,-3.71271734457485,26514678,130.37276212667933,True
3507,Salida Calle 30 E-O - (M-30 -Gta.Pirámides) a 80mts,40.4003845778562,-3.71261170688771,26514676,79.40168332630158,False
7023,Méndez Alvaro N-S - Áncora - Canarias,40.4013646823133,-3.6867963589908,248931816,19.82100958172221,False
7099,(TACTICA)Sabal S-N - Mezquite - Mendez Alvaro,40.3967930740035,-3.68202804713312,248937957,22.135971686741257,False
3566,(AFOROS) V.CARPETANA Ø138 O-E (N.S.VALVANERA-ALBENTOSA),40.3938255399006,-3.7397716611665,21784365,3.653842906516778,False
10228,VILLAGARCIA Ø57 O-E (VILLAGARCIA-VILLAMMANIN),40.4049489244081,-3.75390476435714,1419417386,14.597253675847796,False
4398,(MICRO) Gta. Ruiz Gimenez E-O(Delante G. 5),40.4295281590272,-3.70549482225508,25934856,5.417260910342849,False
4403,"Fernández de los Rios, 12 O-E(Vallehermoso-Bravo Murillo)",40.4349390350799,-3.70550873779779,27523292,15.072285112491114,False
10022,Vallehermoso S-N( Meléndez Valdés -Fernando el Católico),40.4333198970298,-3.70872465921454,26025897,17.176400113180843,False
4441,"José Abascal, 30 O-E(Alonso Cano-Modesto Lafuente)",40.4383377650994,-3.6973354733029,60030258,39.699339921756476,False
4442,"José Abascal, 52 O-E(Zurbano-Migeul Angel)",40.4381147238568,-3.69278422526628,25902676,8.800574998488377,False
4462,Pº Castellana N-S(Entrada Pl. San Juan de la Cruz),40.442451425679,-3.69174841309733,1754817055,32.576061958469694,False
7019,AV. FILIPINAS 14 E-O (LATERAL DCHO)(JESUS MAESTRO-CEA BERMUDEZ),40.4396649138989,-3.71137016647112,26212612,26.08197308974828,False
9961,REYES CATOLICOS S-N(TUNEL)(AV. MEMORIA-ISAAC PERAL),40.4379645892444,-3.71941791862894,26579042,29.227393485449568,False
9928,AV. PARANINFO S-N(ANTONIO NOVAIS -AV.COMPLUTENSE),40.4491236142702,-3.7272700054774,292823394,32.61037149857697,False
10011,ANTONIO NOVAIS O-E(FRENTE FACULTAD CIENCIAS GEOLOGICAS),40.4485260776431,-3.72527283031062,1898869251,24.46366104573486,False
4489,MARTIN FIERRO N-S(JUAN HERRERA-OBISPO TREJO),40.436852234145,-3.73186498401247,160741318,61.88382480947648,False
4490,MARTIN FIERRO S-N(AV. SENDECA -OBISPO TREJO),40.4357133581668,-3.73133799506932,160741318,72.3940817177796,False
10467,(TACTICO) Loeches O-E(Aniceto Marinas-Av. Valladolid),40.431560496919,-3.7324168432451,21473047,25.886353987749242,False
4495,(MICRO) FRANCOS RODRIGUEZ E-O(LOPE DE HARO-MARGARITAS),40.4566046122571,-3.70555456102675,98720048,40.48571903496072,False
4515,PABLO IGLESIAS O-E(ARQUITECTO SANCHEZ ARCAS-NUMANCIA),40.454642492262,-3.71309213677096,51424217,24.92424592571587,False
4529,OFELIA NIETO S-N(VILAAMIL-Po DIRECCION),40.462618013574,-3.70790552515911,4640732586,7.3633286189605345,False
3735,VILLAAMIL S-N(OFELIA NIETO-SANCHEZ PRECIADO),40.4626701150514,-3.70852868960796,581287911,10.78887348346695,False
9914,ALMANSA O-E (VASCOS-PABLO IGLESIAS),40.4495469096777,-3.71116422971298,150760350,11.639644895608354,False
10195,(TACTICO)JUAN XXIII O-E (OLIMPIADA -PABLO IGLESIAS),40.4509372642787,-3.71123638646513,150760685,16.91113486529353,False
4560,VILLA MARIN E-O(FINISTERRE-GINZO DE LIMIA),40.4752908070054,-3.70072094922499,26204784,39.566641762287524,False
3478,(AFOROS)GRAN VIA DE SAN FRANCISCO N-S(AGUILA-PUERTA TOLEDO),40.4078492126949,-3.71253068587341,319483034,76.89871618095661,False
11339,(TACTICO)(CARRIL-BUS)AV.BURGOS S-N,40.4809290199234,-3.6757196699823,13664621702,10.548958676527525,False
4734,Villaamil E-O(Salida Tunel-Camino Ganapanes),40.4676949682842,-3.71231028535111,353300841,5.671557596991461,False
5784,Av. Palomeras - Pedro Laborde-Av. Buenos Aires,40.3866710727946,-3.65189523617031,307644487,3.2561235268982296,False
5805,Av. Pablo Neruda - Av. Albufera-Luis Buñuel,40.3886659314409,-3.64438750905455,31031188,49.17456394895956,False
5806,Carlos Martínez de la Riva - Javier de Miguel-Carlos Martín Álvarez,40.3888307079583,-3.66458702280813,1431319574,26.394637552591693,False
5813,Av. Albufera - Melquiades Biencinto-M-30,40.397937881321,-3.66844462745303,248076210,6.091335206593363,False
5840,Av. Albufera - Av. Pablo Neruda-San Claudio,40.3879703033838,-3.64168362393133,316635072,37.08597812701803,False
9864,Av. Entrepeñas - Av. Suertes-Peñaranda Bracamonte,40.3715588799898,-3.60626624992666,60338132,64.63246560805796,False
6639,PM40001,40.4916755846272,-3.67156313077558,1121592042,43.385197583278234,False
6803,PM43012,40.4866615965305,-3.69630054409002,1137265048,46.368466971352284,False
11362,PM43019,40.4864068150629,-3.69602827642806,2568375032,64.35702164137089,False
6867,14RL11PM01,40.3944373491892,-3.70570111429011,315246451,11.991669845877512,False
11090,Ensanche de Vallecas O-E - Glorieta Av.Ensanche de Vallecas y Vía Servicio M-45,40.3667204306491,-3.60636733306035,362848031,38.90024912158138,False
11091,Via de servicio M-45 N-S acceso Av.Ensanche VallecaS - M-45-Av. Ensanche de Vallecas,40.3679779388906,-3.60580462491102,312617292,84.88132954969178,False
6906,05TL00PM03,40.4002864409749,-3.64849698962594,1224507518,10.407216175886465,False
1048,08RE14PM01,40.4092101059604,-3.66411083924741,25943987,43.88376435758765,False
6907,08RE66PM01,40.4065667388072,-3.66364083320308,1258603235,78.37603558022423,False
6897,08RL21PM01,40.4043366502063,-3.66663347487215,2493682299,12.84702470538753,False
1050,08RR02PM01,40.4037178292586,-3.66575272683063,306529508,60.87749223195593,False
7117,14NC58PM01,40.3966956134923,-3.70857947644749,315239557,34.405967017307404,False
7145,14NC96PM01,40.3973394459961,-3.71048152710926,2136384930,39.216074458306935,False
6857,15RE04PM01,40.3979782555546,-3.71077221777094,2136384930,52.867892875629515,False
1033,15RH53PM01,40.3989223356918,-3.71455101559752,21723947,49.92747816266223,False
6848,15RM08PM01,40.3992678786982,-3.71756085057374,281814132,30.957618527718285,False
6855,15RM58PM01,40.3976353995257,-3.71317598010152,315250726,54.2182615485264,False
1034,15RN03PM01,40.3992468111494,-3.71777170310393,306157126,23.935801467954175,False
1045,18RU04PM01,40.4191628526175,-3.72104775388169,1478929267,59.5792182924101,False
3546,18RV21PM01,40.4098925271081,-3.74099302249695,1426548688,25.393115511222938,False
10108,PLEYADES Nº 24 N-S (ARDALES - ANA TERESA),40.4621156214272,-3.78395129507624,266455706,14.847863971184168,False
4961,(TACTICO)GUETARIA S-N(TOLOSA-AV.POBLADOS),40.3734994073677,-3.71559929249931,27552866,31.134216953587277,False
6597,AV. CAMINO DE SANTIAGO N-S (TIERRA DE MELIDE - PALAS DE REY),40.5094475290986,-3.66900834796821,265666383,30.64572781575872,False
3770,ESCALONA S-N(SESEÑA-MAQUEDA),40.3953355674688,-3.76519072687323,49420141,31.713623490819952,False
5270,PINAR SAN JOSE S-N,40.3637304097921,-3.77698493370381,1836757342,77.23032326634001,False
10422,ESTEFANIA Ø3 S-N (BAÑO-ZAFIRO),40.3489314427351,-3.67609290306223,306170685,3.9886456586180725,False
5379,Cañada Santisimo - Av. Ensanche de Vallecas-Av. Cerro Milano,40.36442593634,-3.59887580653191,819669105,26.605344263885083,False
4749,N.S.VALVANERA  Ø56 S-N (LAGUNA-GTA.CARMENES),40.3946424083461,-3.74294637393728,35915740,32.91940089107538,False
4750,N.S.VALVANERA Ø43 N-S (LAGUNA-V.CARPETANA),40.3934170406371,-3.74147894180162,21784405,67.47492493746951,False
4745,(TACTICO)CUART POBLET Ø44 O-E CUART POBLET-ALHAMBRA),40.3990199415712,-3.74467786447116,35915792,23.07362945039359,False
4753,"(TACTICO) LOPEZ MEZQUÍA, 5 E-O (CASTELLFLORITE-V.CARPETANA)",40.3945156678614,-3.73855092873467,21782825,18.719260086270022,False
4825,AV. ANDALUCIA Ø129 S-N(CONIFERAS-AV. ROSALES),40.3675734762482,-3.6940923346877,306165953,33.024302841641635,False
10863,AV. ANDALUCÍA N-S (CONÍFERAS-M-40),40.3664280313206,-3.69419461695734,318946905,59.71427067283401,False
4841,CTRA. CCHEL. VILLAVERDE Ø110 N-S(LAGUNA RODRIGO-VILLALONSO),40.3505292150813,-3.70653516597483,789379924,87.72401444039843,False
4843,(TACTICO)PSO. FERROVIARIOS ANTES GR-10 S-N (SAN AURELIANO-ALBERTO PALACIOS),40.3429365224432,-3.71763208520195,316211589,17.202549628539618,False
4887,AV. GALAXIA ANTES GR-3 S-N (STA. MARTINA - AV. OSA MAYOR),40.4590415885237,-3.78527120550016,1583551077,6.392753019576625,False
4879,ANA TERESA E-O (ANTARES - CNO. BARRIAL),40.4615165431983,-3.78976339352709,264504559,60.332384126402935,False
4880,CNO. BARRIAL Ø52 S-N (ARAMUNT-ARANZUEQUE),40.4604918400515,-3.78990838514615,264504419,7.913065875368869,False
3835,(TÁCTICO) AV. ESTACIÓN S-N Ø8 (FERNANDO ORIOL - AV- VICTORIA),40.4746813460548,-3.83624139312444,30834092,16.550915493952502,False
11075,MAQUEDA N-S (ESCALONA-TEMBLEQUE),40.3923918499774,-3.76380900988814,306100734,4.235116179639144,False
4932,(CARRIL BUS) VIA LUSITANA S-N(HALCONERO REY-AV. POBLADOS),40.3735324380172,-3.73193285515217,22564143,20.1960061848008,False
4933,AV. POBLADOS E-O(VIA LUSITANA-ABRANTES),40.3738121582502,-3.73489849636423,22560768,42.49401264222506,False
4953,EUGENIA MONTIJO N-S(ANTOLIN-NTRA. SRA. FATIMA),40.3786055233114,-3.74772390102366,301831953,22.213039374956857,False
4958,(TACTICO) CARCASTILLO E-O,40.3772266526732,-3.73906490743744,301832685,22.86049332631971,False
4973,AV. POBLADOS O-E (EDUARDO BARREIROS - AV. ANDALUCIA),40.3708053740326,-3.69581294939315,248842401,19.620956986269306,False
4974,EDUARDO BARREIROS N-S (GTA. MALAGA - AV. POBLADOS),40.3718636343015,-3.69608182150687,921847604,74.5967124843059,False
4998,RAFAELA YBARRA N-S(M-40-VILLAVERDE),40.3644596741575,-3.71417915805723,22611358,13.798459649575832,False
4999,RAFAELA YBARRA S-N(M-40-SIMCA),40.3645156809393,-3.71410043495739,22611358,14.751683190176864,False
5873,"(AFOROS) CARDENAL HERRERA ORIA, 244 E-O(ISLA AROSA-PICO BALAITUS)",40.481738588924,-3.71937409841427,2678931611,18.87429955905423,False
5882,"RAMON GOMEZ DE LA SERNA, 1 N-S",40.4805710363202,-3.72407452173517,258603594,10.463028443193425,False
5897,VENTISQUERO DE LA CONDESA SALIDA TUNEL S-N,40.4840989574195,-3.71555571277157,60336185,115.06952811469479,True
5898,VENTISQUERO DE LA CONDESA ENTRADA TUNEL N-S,40.4847997077996,-3.71629399822722,258369438,86.30979408401039,False
10642,CERRO MINGUETE E-O(LA MASO-AV. VENTISQUERO DE LA CONDESA),40.4866491363946,-3.71587154818747,254462151,57.07356901161866,False
10641,CERRO MINGUETE O-E(PEÑA DEL ARCIPRESTE-AV. VENTISQUERO DE LA CONDESA),40.4868041062689,-3.71771950856917,258369399,23.069980818741378,False
11263,ISLAS ALEUTIANAS S-N(MANUEL GARRIDO-JOAQUIN LORENZO),40.4740118840163,-3.72893105837834,12008953591,46.975926414362945,False
4774,(AFOROS)MAR. USERA E-O(GAB. USERA-R.YBARRA),40.3855056618248,-3.70893413983194,305972915,11.143625694261363,False
4775,MARCELO USERA O-E(JESUS GRAN PODER-MONEDEROS),40.3871033850698,-3.70101797476715,306033079,7.31945534398194,False
5039,GRAL. RICARDOS O-E(SAN PATRICIO-TOBOSO),40.3923512174128,-3.72561820168404,35486515,19.654356198987333,False
5060,PL. TOROS N-S,40.3856461017049,-3.73761448472592,762004608,6.264171404350868,False
5245,BLASON S-N,40.3830118795601,-3.74045250256078,1200406835,18.94245634307547,False
5246,NTRA. SRA. LUZ N-S,40.3829578371052,-3.74284908026337,260122965,22.295856506462272,False
5078,VIA E-O(MERCEDES DOMINGO-PORTALEGRE),40.3868514151158,-3.72233681672379,306034082,11.555015759772632,False
10256,MERCEDES DOMINGO S-N (JULIO DOMINGO-VIA),40.3864771012933,-3.72155566862166,306034072,21.70604960484637,False
10250,AV.OPORTO O-E (VIANA-PL.ELIPTICA),40.3852184804511,-3.71983586874031,306033790,5.251435982813613,False
11314,(TACTICO) MIGUEL SORIANO E-O,40.3917966754171,-3.71514355800661,306035337,16.32203305209446,False
11313,(TACTICO) CALLE DE LA VERDAD O-E,40.3918305026571,-3.71555156693176,306035337,18.72748444490633,False
5138,AV.DE ABRANTES N-S ENTRE BRAGANZA Y PORTALEGRE,40.3844569253192,-3.72282866782347,1399790324,49.28332413035983,False
11026,AV. ABRANTES S-N(ARGÜESO-PELICANO),40.3828028722091,-3.72560720999157,301999700,82.37680539414592,False
6959,ARROYO DEL MONTE N-S (GTA. OLGA RAMOS-GTA. GRACITA MORALES),40.4872769849454,-3.72953306751743,4676941673,11.911197093308003,False
10319,SENDA DEL INFANTE S-N(MARIA DE MAEZTU-GLORIA FUERTES),40.4933553107832,-3.72575905027108,1127671186,67.03736755575284,False
10313,MARIA DE MAEZTU E-O(TERESA CLARAMUNT-FEDERICA MONTSENY),40.4918316312032,-3.72604178079654,1127671072,29.265795829211147,False
10532,MARIA MAEZTU O-E(IRENE CABA ALBA-IRENE CABA ALBA),40.4872441746406,-3.7324600036979,1127671234,77.70134787094776,False
6567,NTRA. SRA. VALVERDE N-S (ISLAS VIRGENES - ISLAS JARVI),40.4943305683753,-3.68753993460446,76475107,14.689723853864606,False
6568,"NTRA. SRA. VALVERDE, 7 N-S (ISLAS JARVI - ISLA DE JAVA)",40.4922700910355,-3.68670452979932,76475116,6.213556536531675,False
7110,(TACTICO) MONASTERIO ARLANZA GIRO GR-4,40.5073251888306,-3.68559689080129,359501105,9.092582955755946,False
6578,(TACTICO) ISLAS JARVO 2 O-E,40.492494403261,-3.68691431237919,77836466,0.8329475002285288,False
6580,(TACTICO) ORDUÑA O-E GIRO,40.4911921574225,-3.68973267338287,77917059,0.7372080168994687,False
10029,COSTA BRAVA O-E(MARBELLA-MONASTERIO HUELGAS),40.4982371611443,-3.70933357475668,254463575,81.22073131049306,False
10337,MONASTERIO ARLANZA N-S (SANTUARIO VALVERDE - ESCORIAL),40.5109827368312,-3.69323577957477,264989142,60.33516368997154,False
10412,MONASTERIO PAULAR S-N (MONASTERIO SILOS - MONASTERIO ESCORIAL),40.5037448493739,-3.70050683101618,272435033,46.833812842727646,False
10441,AV. MONASTERIO SILOS O-E(MONTECARMELO-MONASTERIO CAAVEIRO),40.5041355017049,-3.69717143094997,264987456,84.39785361789366,False
10687,(CARRIL BUS) MONASTERIO HUELGAS N-S (AV. MONASTERIO SUSO Y YUSO-  MONASTERIO DE EL PAULAR),40.5020002577031,-3.70707417056889,1828866441,6.16432633110472,False
11508,ACCESO M-607 - PTE TRES OLIVOS (CARRIL DRCHO.),40.502515437991,-3.69647098853969,355539590,42.6343420436595,False
11512,ACCESO M-607 - PTE TRES OLIVOS (CARRIL IZQ.)ACCESO M-607 - PTE TRES OLIVOS,40.5024915690745,-3.69641904730892,355539590,45.03193917401632,False
10062,PORTOMARIN O-E(FROMISTA-AV. CAMINO SANTIAGO),40.5120180808328,-3.667802578296,258125756,13.245953787649327,False
5149,ILLESCAS ENTRE Pº EXTREMADURA Y SESEÑA SENTIDO O-E,40.3972458942553,-3.76614177397237,1514044423,65.50074399371519,False
10418,(MICRO)AV. POBLADOS O-E GIRO PADRE PIQUER(DELANTE GR-7),40.3902728260897,-3.76758953582971,21696604,4.549666199843629,False
5182,(TACTICO) Pº.ERMITA SANTO O-E (ENTRADA),40.4107562773608,-3.72309865552486,4105288682,18.112473301027595,False
5262,FLAUTAS O-E(TIMBALES-CTRA Bº FORTUNA),40.3702022771054,-3.76740610131509,309694167,8.640723802102258,False
10655,AV. PESETA E-O(MORALES-SALVADOR ALLENDE),40.3624321914081,-3.75630073413595,316617072,18.833627128597396,False
11210,(TACTICO)LUIS ORO N-S (PRINCIPADO-AV. PESETA),40.3634917585341,-3.74598179973386,316617941,16.42737249630916,False
5296,MARQUES JURA REAL N-S (ANTONIO LÓPEZ-PEDRO YAGUE),40.3935947972892,-3.70820782236585,306156584,9.363001333355058,False
10963,GRAL. RICARDOS N-S(M.VADILLO-PSO. QUINCE DE MAYO),40.3974203129366,-3.71653103736312,21715881,10.595987939767484,False
5309,PLATILLOS S-N(TROMPAS-AV. AVIACION),40.3729582639666,-3.76821476296506,307997092,39.133412832327664,False
5330,BLAS CABRERA E-O(CASUARINA-GRAL. MILLAN ASTRAY),40.3781022226164,-3.76586101183106,306160208,62.24371030210356,False
5344,AV. OROVILLA S-N (UNANIMIDAD-CIRCULO),40.3617132842479,-3.68972606186423,63679623,25.26877303247295,False
5345,(AFOROS)AV. ROSALES Ø2 O-E (AV. ANDALUCIA-OROVILLA),40.3682982289578,-3.6930867209133,26191219,61.83436035672242,False
7108,(TACTICO) SALIDA M-40 NORTE (GR-8 DCHA.),40.361478279719,-3.68402957570788,63688535,8.97132660011378,False
5398,DOMINGO PARRAGA O-E(PSO. FERROVIARIOS-TRAV. LEGANES),40.3421444912394,-3.71587928011571,1363996506,15.496539749575868,False
5399,DOMINGO PARRAGA E-O(ALBERTO PALACIOS-TRAV. LEGANES),40.3420682575637,-3.71311518021293,306358958,43.29307978768767,False
5018,PTA. ANGEL N-S(AV. PORTUGAL-Pº EXTREMADURA),40.4142818456366,-3.72935040868316,305399715,17.501062578873427,False
5005,Pº EXTREMADURA O-E(PTA. ANGEL-CARAMUEL)(CARRIL ABIERTO),40.4136524197144,-3.72817268791341,423497494,10.222334249406403,False
10426,PSO. EXTREMADURA O-E(SISEBUTO-GUADARRAMA),40.4119295520221,-3.73308548102961,423497511,46.332441538329896,False
10574,(CARRIL BUS) GTA. VALLE DE ORO (VALLE DE ORO - OPORTO),40.3875738556719,-3.73020303520842,1492770311,24.61350637309892,False
10273,"NTRA SRA. LUZ, 41 O-E(FERNANDO DELGADO-CAMINO INGENIEROS)",40.3849604308824,-3.74849947104801,259641862,24.85042871926817,False
5111,(TACTICO)JUANA UROSA  E-O(C.AGUILERA-N.S.FATIMA),40.3851724673236,-3.74564976657752,21759756,12.471870364689066,False
9992,SEBASTIAN ALVARO S-N(CINE-AV. POBLADOS),40.3937591624474,-3.77260032005747,930153069,12.812780837117133,False
9897,Av. San Luis E-O (Pastora Imperio-Av. Burgos),40.4806641078294,-3.67472106551852,102332163,11.800569449336159,False
10731,Alcalá - Urquiza-Virgen del Sagrario,40.4339394644596,-3.64649686061073,25531119,13.5092912061925,False
5969,Aquitania - Pl. Alsacia-Capri,40.4173025482233,-3.62210699417145,1811010970,59.925771096727075,False
10695,Hermanos García Noblejas - Pl. Alsacia-Pobladura del Valle,40.4185665561851,-3.62385643158634,4546169967,52.92951088680718,False
10910,Av. Entrevías - Peal-Serena,40.3784417429453,-3.66446994476187,316629787,47.14547851175944,False
11194,Av Fuerzas Armadas - Gta Antonio Perpiña-Estación,40.4822153166145,-3.6167443668007,1012899123,59.2925943632989,False
6530,Julián Camarillo - Rufino González-Miguel Yuste,40.4358783367115,-3.62447777198716,31066762,93.4222714562602,False
9875,Niceto Alcalá Zamora - Maria Tudor - Isabel de Valois,40.4979937951031,-3.65517361981495,313186178,10.265671127664765,False
11122,Av. Ensanche de Vallecas - Rafael León-José Gutiérrez,40.365198846605,-3.60203194062947,2229621446,52.314684018742824,False
9842,Nueva Zelanda S-N - Isla Cristina-Gta.Isaac Rabín,40.4716837848057,-3.72778303343639,150878485,69.21304680159471,False
3421,Bravo Murillo E-O - Pl.Castilla-Conde Serrallo,40.4656926663558,-3.69058588014246,1738553402,37.53604377518772,False
3423,Lateral Pº Castellana N-S - Pl.Castilla-Rosario Pino,40.4629640014594,-3.69001429792765,565714261,19.115333051912,False
5470,(AFOROS)General Perón O-E - Poeta Joan Maragall-Pl.de Lima,40.4521808477968,-3.69264311398722,81468704,11.965761816138501,False
11082,Infanta Mercedes S-N - Juan de Olías-Salamanca,40.4533995157067,-3.69921698620836,2282176934,24.55121019627853,False
5495,Infanta Mercedes N-S - Juán de Olias-Gral.Perón,40.4529634698399,-3.69931146125693,2282176934,24.592147367022008,False
7085,(TACTICO)Alberto Alcocer E-O(Giro E-S) - Juan Ramón Jiménez - Dr. Fleming,40.4589441806273,-3.68791337375699,98963439,12.817006299879857,False
10469,(TACTICO) Jorge Manrique E-O - Entrada Lateral Castellana,40.4436320226685,-3.69080746581018,1754817102,23.723053101927878,False
